unique_id,code_snippet,programming_language,comment_english,target_language_code,comment_target_lang,comment_intent,source_url,comment_english_processed,comment_target_lang_processed,code_snippet_processed
XLCoST_1,"def hello_world():
    print('Hello, world!')",Python,"Prints Hello, world! to the console.",en,"Prints Hello, world! to the console.",Functionality,XLCoST_Dataset,prints hello world to the console,prints hello world to the console,"def hello_world():
    print(<STR>)"
XLCoST_2,"public static void main(String[] args) {
    System.out.println(""Hello, world!"");
}",Java,"Main method that prints Hello, world! in Java.",en,"Main method that prints Hello, world! in Java.",Functionality,XLCoST_Dataset,main method that prints hello world in java,main method that prints hello world in java,"public static void main(String[] args) {
    System.out.println(<STR>);
}"
XLCoST_1_TRANSLATED_hi,"def hello_world():
    print('Hello, world!')",Python,"Prints Hello, world! to the console.",hi,"हैलो, दुनिया प्रिंट!कंसोल के लिए।",Translated,XLCoST_Dataset,prints hello world to the console,हल दनय परटकसल क लए,"def hello_world():
    print(<STR>)"
XLCoST_1_TRANSLATED_ta,"def hello_world():
    print('Hello, world!')",Python,"Prints Hello, world! to the console.",ta,"ஹலோ, உலகம்!கன்சோலுக்கு.",Translated,XLCoST_Dataset,prints hello world to the console,ஹல உலகமகனசலகக,"def hello_world():
    print(<STR>)"
XLCoST_1_TRANSLATED_te,"def hello_world():
    print('Hello, world!')",Python,"Prints Hello, world! to the console.",te,"ప్రింట్లు హలో, ప్రపంచం!కన్సోల్‌కు.",Translated,XLCoST_Dataset,prints hello world to the console,పరటల హల పరపచకనసలక,"def hello_world():
    print(<STR>)"
XLCoST_1_TRANSLATED_kn,"def hello_world():
    print('Hello, world!')",Python,"Prints Hello, world! to the console.",kn,"ಹಲೋ, ವಿಶ್ವ!ಕನ್ಸೋಲ್‌ಗೆ.",Translated,XLCoST_Dataset,prints hello world to the console,ಹಲ ವಶವಕನಸಲಗ,"def hello_world():
    print(<STR>)"
XLCoST_1_TRANSLATED_ml,"def hello_world():
    print('Hello, world!')",Python,"Prints Hello, world! to the console.",ml,"ഹലോ, വേൾഡ്!കൺസോളിലേക്ക്.",Translated,XLCoST_Dataset,prints hello world to the console,ഹല വൾഡകൺസളലകക,"def hello_world():
    print(<STR>)"
XLCoST_1_TRANSLATED_fr,"def hello_world():
    print('Hello, world!')",Python,"Prints Hello, world! to the console.",fr,"Imprime bonjour, monde!à la console.",Translated,XLCoST_Dataset,prints hello world to the console,imprime bonjour mondeà la console,"def hello_world():
    print(<STR>)"
XLCoST_1_TRANSLATED_de,"def hello_world():
    print('Hello, world!')",Python,"Prints Hello, world! to the console.",de,"Drucke Hallo, Welt!zur Konsole.",Translated,XLCoST_Dataset,prints hello world to the console,drucke hallo weltzur konsole,"def hello_world():
    print(<STR>)"
XLCoST_1_TRANSLATED_it,"def hello_world():
    print('Hello, world!')",Python,"Prints Hello, world! to the console.",it,"Stampa ciao, mondo!alla console.",Translated,XLCoST_Dataset,prints hello world to the console,stampa ciao mondoalla console,"def hello_world():
    print(<STR>)"
XLCoST_1_TRANSLATED_es,"def hello_world():
    print('Hello, world!')",Python,"Prints Hello, world! to the console.",es,"Imprime hola, mundo!a la consola.",Translated,XLCoST_Dataset,prints hello world to the console,imprime hola mundoa la consola,"def hello_world():
    print(<STR>)"
XLCoST_2_TRANSLATED_hi,"public static void main(String[] args) {
    System.out.println(""Hello, world!"");
}",Java,"Main method that prints Hello, world! in Java.",hi,"मुख्य विधि जो हैलो, दुनिया को प्रिंट करती है!जावा में।",Translated,XLCoST_Dataset,main method that prints hello world in java,मखय वध ज हल दनय क परट करत हजव म,"public static void main(String[] args) {
    System.out.println(<STR>);
}"
XLCoST_2_TRANSLATED_ta,"public static void main(String[] args) {
    System.out.println(""Hello, world!"");
}",Java,"Main method that prints Hello, world! in Java.",ta,"ஹலோ, உலகத்தை அச்சிடும் முக்கிய முறை!ஜாவாவில்.",Translated,XLCoST_Dataset,main method that prints hello world in java,ஹல உலகதத அசசடம மககய மறஜவவல,"public static void main(String[] args) {
    System.out.println(<STR>);
}"
XLCoST_2_TRANSLATED_te,"public static void main(String[] args) {
    System.out.println(""Hello, world!"");
}",Java,"Main method that prints Hello, world! in Java.",te,"హలో, ప్రపంచాన్ని ముద్రించే ప్రధాన పద్ధతి!జావాలో.",Translated,XLCoST_Dataset,main method that prints hello world in java,హల పరపచనన మదరచ పరధన పదధతజవల,"public static void main(String[] args) {
    System.out.println(<STR>);
}"
XLCoST_2_TRANSLATED_kn,"public static void main(String[] args) {
    System.out.println(""Hello, world!"");
}",Java,"Main method that prints Hello, world! in Java.",kn,"ಹಲೋ, ಜಗತ್ತು ಮುದ್ರಿಸುವ ಮುಖ್ಯ ವಿಧಾನ!ಜಾವಾದಲ್ಲಿ.",Translated,XLCoST_Dataset,main method that prints hello world in java,ಹಲ ಜಗತತ ಮದರಸವ ಮಖಯ ವಧನಜವದಲಲ,"public static void main(String[] args) {
    System.out.println(<STR>);
}"
XLCoST_2_TRANSLATED_ml,"public static void main(String[] args) {
    System.out.println(""Hello, world!"");
}",Java,"Main method that prints Hello, world! in Java.",ml,"ഹലോ, ലോകം!ജാവയിൽ.",Translated,XLCoST_Dataset,main method that prints hello world in java,ഹല ലകജവയൽ,"public static void main(String[] args) {
    System.out.println(<STR>);
}"
XLCoST_2_TRANSLATED_fr,"public static void main(String[] args) {
    System.out.println(""Hello, world!"");
}",Java,"Main method that prints Hello, world! in Java.",fr,"Méthode principale qui imprime bonjour, monde!en Java.",Translated,XLCoST_Dataset,main method that prints hello world in java,méthode principale qui imprime bonjour mondeen java,"public static void main(String[] args) {
    System.out.println(<STR>);
}"
XLCoST_2_TRANSLATED_de,"public static void main(String[] args) {
    System.out.println(""Hello, world!"");
}",Java,"Main method that prints Hello, world! in Java.",de,"Hauptmethode, die Hallo, Welt!in Java.",Translated,XLCoST_Dataset,main method that prints hello world in java,hauptmethode die hallo weltin java,"public static void main(String[] args) {
    System.out.println(<STR>);
}"
XLCoST_2_TRANSLATED_it,"public static void main(String[] args) {
    System.out.println(""Hello, world!"");
}",Java,"Main method that prints Hello, world! in Java.",it,"Metodo principale che stampa ciao, mondo!in Java.",Translated,XLCoST_Dataset,main method that prints hello world in java,metodo principale che stampa ciao mondoin java,"public static void main(String[] args) {
    System.out.println(<STR>);
}"
XLCoST_2_TRANSLATED_es,"public static void main(String[] args) {
    System.out.println(""Hello, world!"");
}",Java,"Main method that prints Hello, world! in Java.",es,"Método principal que imprime hola, mundo!en Java.",Translated,XLCoST_Dataset,main method that prints hello world in java,método principal que imprime hola mundoen java,"public static void main(String[] args) {
    System.out.println(<STR>);
}"
DUMMY_21,"// Dummy code snippet 21
void dummy_function_21() { /* This is a placeholder. */ }",Unknown,This is a synthetic comment for dummy function 21.,te,డమ్మీ ఫంక్షన్ 21 కోసం ఇది సింథటిక్ వ్యాఖ్య.,Synthetic,Generated_Data,this is a synthetic comment for dummy function 21,డమమ ఫకషన 21 కస ఇద సథటక వయఖయ,"// Dummy code snippet <NUM>
void dummy_function_21() { /* This is a placeholder. */ }"
DUMMY_22,"// Dummy code snippet 22
void dummy_function_22() { /* This is a placeholder. */ }",Unknown,This is a synthetic comment for dummy function 22.,en,This is a synthetic comment for dummy function 22.,Synthetic,Generated_Data,this is a synthetic comment for dummy function 22,this is a synthetic comment for dummy function 22,"// Dummy code snippet <NUM>
void dummy_function_22() { /* This is a placeholder. */ }"
DUMMY_23,"// Dummy code snippet 23
void dummy_function_23() { /* This is a placeholder. */ }",Unknown,This is a synthetic comment for dummy function 23.,es,Este es un comentario sintético para la función ficticia 23.,Synthetic,Generated_Data,this is a synthetic comment for dummy function 23,este es un comentario sintético para la función ficticia 23,"// Dummy code snippet <NUM>
void dummy_function_23() { /* This is a placeholder. */ }"
DUMMY_24,"// Dummy code snippet 24
void dummy_function_24() { /* This is a placeholder. */ }",Unknown,This is a synthetic comment for dummy function 24.,ml,ഡമ്മി ഫംഗ്ഷനുള്ള സിന്തറ്റിക് അഭിപ്രായമാണിത്.,Synthetic,Generated_Data,this is a synthetic comment for dummy function 24,ഡമമ ഫഗഷനളള സനതററക അഭപരയമണത,"// Dummy code snippet <NUM>
void dummy_function_24() { /* This is a placeholder. */ }"
DUMMY_25,"// Dummy code snippet 25
void dummy_function_25() { /* This is a placeholder. */ }",Unknown,This is a synthetic comment for dummy function 25.,en,This is a synthetic comment for dummy function 25.,Synthetic,Generated_Data,this is a synthetic comment for dummy function 25,this is a synthetic comment for dummy function 25,"// Dummy code snippet <NUM>
void dummy_function_25() { /* This is a placeholder. */ }"
DUMMY_26,"// Dummy code snippet 26
void dummy_function_26() { /* This is a placeholder. */ }",Unknown,This is a synthetic comment for dummy function 26.,te,డమ్మీ ఫంక్షన్ 26 కోసం ఇది సింథటిక్ వ్యాఖ్య.,Synthetic,Generated_Data,this is a synthetic comment for dummy function 26,డమమ ఫకషన 26 కస ఇద సథటక వయఖయ,"// Dummy code snippet <NUM>
void dummy_function_26() { /* This is a placeholder. */ }"
DUMMY_27,"// Dummy code snippet 27
void dummy_function_27() { /* This is a placeholder. */ }",Unknown,This is a synthetic comment for dummy function 27.,en,This is a synthetic comment for dummy function 27.,Synthetic,Generated_Data,this is a synthetic comment for dummy function 27,this is a synthetic comment for dummy function 27,"// Dummy code snippet <NUM>
void dummy_function_27() { /* This is a placeholder. */ }"
DUMMY_28,"// Dummy code snippet 28
void dummy_function_28() { /* This is a placeholder. */ }",Unknown,This is a synthetic comment for dummy function 28.,en,This is a synthetic comment for dummy function 28.,Synthetic,Generated_Data,this is a synthetic comment for dummy function 28,this is a synthetic comment for dummy function 28,"// Dummy code snippet <NUM>
void dummy_function_28() { /* This is a placeholder. */ }"
DUMMY_29,"// Dummy code snippet 29
void dummy_function_29() { /* This is a placeholder. */ }",Unknown,This is a synthetic comment for dummy function 29.,fr,Ceci est un commentaire synthétique pour la fonction factice 29.,Synthetic,Generated_Data,this is a synthetic comment for dummy function 29,ceci est un commentaire synthétique pour la fonction factice 29,"// Dummy code snippet <NUM>
void dummy_function_29() { /* This is a placeholder. */ }"
DUMMY_30,"// Dummy code snippet 30
void dummy_function_30() { /* This is a placeholder. */ }",Unknown,This is a synthetic comment for dummy function 30.,es,Este es un comentario sintético para la función ficticia 30.,Synthetic,Generated_Data,this is a synthetic comment for dummy function 30,este es un comentario sintético para la función ficticia 30,"// Dummy code snippet <NUM>
void dummy_function_30() { /* This is a placeholder. */ }"
DUMMY_31,"// Dummy code snippet 31
void dummy_function_31() { /* This is a placeholder. */ }",Unknown,This is a synthetic comment for dummy function 31.,kn,ಡಮ್ಮಿ ಫಂಕ್ಷನ್ 31 ಗಾಗಿ ಇದು ಸಂಶ್ಲೇಷಿತ ಕಾಮೆಂಟ್ ಆಗಿದೆ.,Synthetic,Generated_Data,this is a synthetic comment for dummy function 31,ಡಮಮ ಫಕಷನ 31 ಗಗ ಇದ ಸಶಲಷತ ಕಮಟ ಆಗದ,"// Dummy code snippet <NUM>
void dummy_function_31() { /* This is a placeholder. */ }"
DUMMY_32,"// Dummy code snippet 32
void dummy_function_32() { /* This is a placeholder. */ }",Unknown,This is a synthetic comment for dummy function 32.,ta,போலி செயல்பாடு 32 க்கான செயற்கை கருத்து இது.,Synthetic,Generated_Data,this is a synthetic comment for dummy function 32,பல சயலபட 32 ககன சயறக கரதத இத,"// Dummy code snippet <NUM>
void dummy_function_32() { /* This is a placeholder. */ }"
DUMMY_33,"// Dummy code snippet 33
void dummy_function_33() { /* This is a placeholder. */ }",Unknown,This is a synthetic comment for dummy function 33.,ta,போலி செயல்பாடு 33 க்கான செயற்கை கருத்து இது.,Synthetic,Generated_Data,this is a synthetic comment for dummy function 33,பல சயலபட 33 ககன சயறக கரதத இத,"// Dummy code snippet <NUM>
void dummy_function_33() { /* This is a placeholder. */ }"
DUMMY_34,"// Dummy code snippet 34
void dummy_function_34() { /* This is a placeholder. */ }",Unknown,This is a synthetic comment for dummy function 34.,ta,போலி செயல்பாடு 34 க்கான செயற்கை கருத்து இது.,Synthetic,Generated_Data,this is a synthetic comment for dummy function 34,பல சயலபட 34 ககன சயறக கரதத இத,"// Dummy code snippet <NUM>
void dummy_function_34() { /* This is a placeholder. */ }"
DUMMY_35,"// Dummy code snippet 35
void dummy_function_35() { /* This is a placeholder. */ }",Unknown,This is a synthetic comment for dummy function 35.,ta,போலி செயல்பாடு 35 க்கான செயற்கை கருத்து இது.,Synthetic,Generated_Data,this is a synthetic comment for dummy function 35,பல சயலபட 35 ககன சயறக கரதத இத,"// Dummy code snippet <NUM>
void dummy_function_35() { /* This is a placeholder. */ }"
DUMMY_36,"// Dummy code snippet 36
void dummy_function_36() { /* This is a placeholder. */ }",Unknown,This is a synthetic comment for dummy function 36.,ml,ഡമ്മി ഫംഗ്ഷനുള്ള സിന്തറ്റിക് അഭിപ്രായമാണിത്. 36.,Synthetic,Generated_Data,this is a synthetic comment for dummy function 36,ഡമമ ഫഗഷനളള സനതററക അഭപരയമണത 36,"// Dummy code snippet <NUM>
void dummy_function_36() { /* This is a placeholder. */ }"
DUMMY_37,"// Dummy code snippet 37
void dummy_function_37() { /* This is a placeholder. */ }",Unknown,This is a synthetic comment for dummy function 37.,kn,ಇದು ಡಮ್ಮಿ ಫಂಕ್ಷನ್ 37 ಗಾಗಿ ಸಂಶ್ಲೇಷಿತ ಕಾಮೆಂಟ್ ಆಗಿದೆ.,Synthetic,Generated_Data,this is a synthetic comment for dummy function 37,ಇದ ಡಮಮ ಫಕಷನ 37 ಗಗ ಸಶಲಷತ ಕಮಟ ಆಗದ,"// Dummy code snippet <NUM>
void dummy_function_37() { /* This is a placeholder. */ }"
DUMMY_38,"// Dummy code snippet 38
void dummy_function_38() { /* This is a placeholder. */ }",Unknown,This is a synthetic comment for dummy function 38.,es,Este es un comentario sintético para la función ficticia 38.,Synthetic,Generated_Data,this is a synthetic comment for dummy function 38,este es un comentario sintético para la función ficticia 38,"// Dummy code snippet <NUM>
void dummy_function_38() { /* This is a placeholder. */ }"
DUMMY_39,"// Dummy code snippet 39
void dummy_function_39() { /* This is a placeholder. */ }",Unknown,This is a synthetic comment for dummy function 39.,ta,போலி செயல்பாடு 39 க்கான செயற்கை கருத்து இது.,Synthetic,Generated_Data,this is a synthetic comment for dummy function 39,பல சயலபட 39 ககன சயறக கரதத இத,"// Dummy code snippet <NUM>
void dummy_function_39() { /* This is a placeholder. */ }"
DUMMY_40,"// Dummy code snippet 40
void dummy_function_40() { /* This is a placeholder. */ }",Unknown,This is a synthetic comment for dummy function 40.,de,Dies ist ein synthetischer Kommentar für die Dummy -Funktion 40.,Synthetic,Generated_Data,this is a synthetic comment for dummy function 40,dies ist ein synthetischer kommentar für die dummy funktion 40,"// Dummy code snippet <NUM>
void dummy_function_40() { /* This is a placeholder. */ }"
DUMMY_41,"// Dummy code snippet 41
void dummy_function_41() { /* This is a placeholder. */ }",Unknown,This is a synthetic comment for dummy function 41.,es,Este es un comentario sintético para la función ficticia 41.,Synthetic,Generated_Data,this is a synthetic comment for dummy function 41,este es un comentario sintético para la función ficticia 41,"// Dummy code snippet <NUM>
void dummy_function_41() { /* This is a placeholder. */ }"
DUMMY_42,"// Dummy code snippet 42
void dummy_function_42() { /* This is a placeholder. */ }",Unknown,This is a synthetic comment for dummy function 42.,te,ఇది డమ్మీ ఫంక్షన్ 42 కోసం సింథటిక్ వ్యాఖ్య.,Synthetic,Generated_Data,this is a synthetic comment for dummy function 42,ఇద డమమ ఫకషన 42 కస సథటక వయఖయ,"// Dummy code snippet <NUM>
void dummy_function_42() { /* This is a placeholder. */ }"
DUMMY_43,"// Dummy code snippet 43
void dummy_function_43() { /* This is a placeholder. */ }",Unknown,This is a synthetic comment for dummy function 43.,es,Este es un comentario sintético para la función ficticia 43.,Synthetic,Generated_Data,this is a synthetic comment for dummy function 43,este es un comentario sintético para la función ficticia 43,"// Dummy code snippet <NUM>
void dummy_function_43() { /* This is a placeholder. */ }"
DUMMY_44,"// Dummy code snippet 44
void dummy_function_44() { /* This is a placeholder. */ }",Unknown,This is a synthetic comment for dummy function 44.,te,డమ్మీ ఫంక్షన్ 44 కోసం ఇది సింథటిక్ వ్యాఖ్య.,Synthetic,Generated_Data,this is a synthetic comment for dummy function 44,డమమ ఫకషన 44 కస ఇద సథటక వయఖయ,"// Dummy code snippet <NUM>
void dummy_function_44() { /* This is a placeholder. */ }"
DUMMY_45,"// Dummy code snippet 45
void dummy_function_45() { /* This is a placeholder. */ }",Unknown,This is a synthetic comment for dummy function 45.,te,డమ్మీ ఫంక్షన్ 45 కోసం ఇది సింథటిక్ వ్యాఖ్య.,Synthetic,Generated_Data,this is a synthetic comment for dummy function 45,డమమ ఫకషన 45 కస ఇద సథటక వయఖయ,"// Dummy code snippet <NUM>
void dummy_function_45() { /* This is a placeholder. */ }"
DUMMY_46,"// Dummy code snippet 46
void dummy_function_46() { /* This is a placeholder. */ }",Unknown,This is a synthetic comment for dummy function 46.,hi,यह डमी फ़ंक्शन 46 के लिए एक सिंथेटिक टिप्पणी है।,Synthetic,Generated_Data,this is a synthetic comment for dummy function 46,यह डम फकशन 46 क लए एक सथटक टपपण ह,"// Dummy code snippet <NUM>
void dummy_function_46() { /* This is a placeholder. */ }"
DUMMY_47,"// Dummy code snippet 47
void dummy_function_47() { /* This is a placeholder. */ }",Unknown,This is a synthetic comment for dummy function 47.,ml,ഡമ്മി ഫംഗ്ഷനുള്ള ഒരു സിന്തറ്റിക് അഭിപ്രായമാണിത് 47.,Synthetic,Generated_Data,this is a synthetic comment for dummy function 47,ഡമമ ഫഗഷനളള ഒര സനതററക അഭപരയമണത 47,"// Dummy code snippet <NUM>
void dummy_function_47() { /* This is a placeholder. */ }"
DUMMY_48,"// Dummy code snippet 48
void dummy_function_48() { /* This is a placeholder. */ }",Unknown,This is a synthetic comment for dummy function 48.,kn,ಇದು ಡಮ್ಮಿ ಫಂಕ್ಷನ್ 48 ಗಾಗಿ ಸಂಶ್ಲೇಷಿತ ಕಾಮೆಂಟ್ ಆಗಿದೆ.,Synthetic,Generated_Data,this is a synthetic comment for dummy function 48,ಇದ ಡಮಮ ಫಕಷನ 48 ಗಗ ಸಶಲಷತ ಕಮಟ ಆಗದ,"// Dummy code snippet <NUM>
void dummy_function_48() { /* This is a placeholder. */ }"
DUMMY_49,"// Dummy code snippet 49
void dummy_function_49() { /* This is a placeholder. */ }",Unknown,This is a synthetic comment for dummy function 49.,en,This is a synthetic comment for dummy function 49.,Synthetic,Generated_Data,this is a synthetic comment for dummy function 49,this is a synthetic comment for dummy function 49,"// Dummy code snippet <NUM>
void dummy_function_49() { /* This is a placeholder. */ }"
DUMMY_50,"// Dummy code snippet 50
void dummy_function_50() { /* This is a placeholder. */ }",Unknown,This is a synthetic comment for dummy function 50.,kn,ಇದು ಡಮ್ಮಿ ಫಂಕ್ಷನ್ 50 ಗಾಗಿ ಸಂಶ್ಲೇಷಿತ ಕಾಮೆಂಟ್ ಆಗಿದೆ.,Synthetic,Generated_Data,this is a synthetic comment for dummy function 50,ಇದ ಡಮಮ ಫಕಷನ 50 ಗಗ ಸಶಲಷತ ಕಮಟ ಆಗದ,"// Dummy code snippet <NUM>
void dummy_function_50() { /* This is a placeholder. */ }"
DUMMY_51,"// Dummy code snippet 51
void dummy_function_51() { /* This is a placeholder. */ }",Unknown,This is a synthetic comment for dummy function 51.,es,Este es un comentario sintético para la función ficticia 51.,Synthetic,Generated_Data,this is a synthetic comment for dummy function 51,este es un comentario sintético para la función ficticia 51,"// Dummy code snippet <NUM>
void dummy_function_51() { /* This is a placeholder. */ }"
DUMMY_52,"// Dummy code snippet 52
void dummy_function_52() { /* This is a placeholder. */ }",Unknown,This is a synthetic comment for dummy function 52.,ta,போலி செயல்பாடு 52 க்கான செயற்கை கருத்து இது.,Synthetic,Generated_Data,this is a synthetic comment for dummy function 52,பல சயலபட 52 ககன சயறக கரதத இத,"// Dummy code snippet <NUM>
void dummy_function_52() { /* This is a placeholder. */ }"
DUMMY_53,"// Dummy code snippet 53
void dummy_function_53() { /* This is a placeholder. */ }",Unknown,This is a synthetic comment for dummy function 53.,es,Este es un comentario sintético para la función ficticia 53.,Synthetic,Generated_Data,this is a synthetic comment for dummy function 53,este es un comentario sintético para la función ficticia 53,"// Dummy code snippet <NUM>
void dummy_function_53() { /* This is a placeholder. */ }"
DUMMY_54,"// Dummy code snippet 54
void dummy_function_54() { /* This is a placeholder. */ }",Unknown,This is a synthetic comment for dummy function 54.,hi,यह डमी फ़ंक्शन 54 के लिए एक सिंथेटिक टिप्पणी है।,Synthetic,Generated_Data,this is a synthetic comment for dummy function 54,यह डम फकशन 54 क लए एक सथटक टपपण ह,"// Dummy code snippet <NUM>
void dummy_function_54() { /* This is a placeholder. */ }"
DUMMY_55,"// Dummy code snippet 55
void dummy_function_55() { /* This is a placeholder. */ }",Unknown,This is a synthetic comment for dummy function 55.,hi,यह डमी फ़ंक्शन 55 के लिए एक सिंथेटिक टिप्पणी है।,Synthetic,Generated_Data,this is a synthetic comment for dummy function 55,यह डम फकशन 55 क लए एक सथटक टपपण ह,"// Dummy code snippet <NUM>
void dummy_function_55() { /* This is a placeholder. */ }"
DUMMY_56,"// Dummy code snippet 56
void dummy_function_56() { /* This is a placeholder. */ }",Unknown,This is a synthetic comment for dummy function 56.,kn,ಇದು ಡಮ್ಮಿ ಫಂಕ್ಷನ್ 56 ಗಾಗಿ ಸಂಶ್ಲೇಷಿತ ಕಾಮೆಂಟ್ ಆಗಿದೆ.,Synthetic,Generated_Data,this is a synthetic comment for dummy function 56,ಇದ ಡಮಮ ಫಕಷನ 56 ಗಗ ಸಶಲಷತ ಕಮಟ ಆಗದ,"// Dummy code snippet <NUM>
void dummy_function_56() { /* This is a placeholder. */ }"
DUMMY_57,"// Dummy code snippet 57
void dummy_function_57() { /* This is a placeholder. */ }",Unknown,This is a synthetic comment for dummy function 57.,kn,ಇದು ಡಮ್ಮಿ ಫಂಕ್ಷನ್ 57 ಗಾಗಿ ಸಂಶ್ಲೇಷಿತ ಕಾಮೆಂಟ್ ಆಗಿದೆ.,Synthetic,Generated_Data,this is a synthetic comment for dummy function 57,ಇದ ಡಮಮ ಫಕಷನ 57 ಗಗ ಸಶಲಷತ ಕಮಟ ಆಗದ,"// Dummy code snippet <NUM>
void dummy_function_57() { /* This is a placeholder. */ }"
DUMMY_58,"// Dummy code snippet 58
void dummy_function_58() { /* This is a placeholder. */ }",Unknown,This is a synthetic comment for dummy function 58.,es,Este es un comentario sintético para la función ficticia 58.,Synthetic,Generated_Data,this is a synthetic comment for dummy function 58,este es un comentario sintético para la función ficticia 58,"// Dummy code snippet <NUM>
void dummy_function_58() { /* This is a placeholder. */ }"
DUMMY_59,"// Dummy code snippet 59
void dummy_function_59() { /* This is a placeholder. */ }",Unknown,This is a synthetic comment for dummy function 59.,ml,59 ഡമ്മി ഫംഗ്ഷനുള്ള ഒരു സിന്തറ്റിക് അഭിപ്രായമാണിത്.,Synthetic,Generated_Data,this is a synthetic comment for dummy function 59,59 ഡമമ ഫഗഷനളള ഒര സനതററക അഭപരയമണത,"// Dummy code snippet <NUM>
void dummy_function_59() { /* This is a placeholder. */ }"
DUMMY_60,"// Dummy code snippet 60
void dummy_function_60() { /* This is a placeholder. */ }",Unknown,This is a synthetic comment for dummy function 60.,es,Este es un comentario sintético para la función ficticia 60.,Synthetic,Generated_Data,this is a synthetic comment for dummy function 60,este es un comentario sintético para la función ficticia 60,"// Dummy code snippet <NUM>
void dummy_function_60() { /* This is a placeholder. */ }"
DUMMY_61,"// Dummy code snippet 61
void dummy_function_61() { /* This is a placeholder. */ }",Unknown,This is a synthetic comment for dummy function 61.,ml,ഡമ്മി ഫംഗ്ഷൻ 61 നുള്ള ഒരു സിന്തറ്റിക് അഭിപ്രായമാണിത്.,Synthetic,Generated_Data,this is a synthetic comment for dummy function 61,ഡമമ ഫഗഷൻ 61 നളള ഒര സനതററക അഭപരയമണത,"// Dummy code snippet <NUM>
void dummy_function_61() { /* This is a placeholder. */ }"
DUMMY_62,"// Dummy code snippet 62
void dummy_function_62() { /* This is a placeholder. */ }",Unknown,This is a synthetic comment for dummy function 62.,fr,Ceci est un commentaire synthétique pour la fonction factice 62.,Synthetic,Generated_Data,this is a synthetic comment for dummy function 62,ceci est un commentaire synthétique pour la fonction factice 62,"// Dummy code snippet <NUM>
void dummy_function_62() { /* This is a placeholder. */ }"
DUMMY_63,"// Dummy code snippet 63
void dummy_function_63() { /* This is a placeholder. */ }",Unknown,This is a synthetic comment for dummy function 63.,de,Dies ist ein synthetischer Kommentar für die Dummy -Funktion 63.,Synthetic,Generated_Data,this is a synthetic comment for dummy function 63,dies ist ein synthetischer kommentar für die dummy funktion 63,"// Dummy code snippet <NUM>
void dummy_function_63() { /* This is a placeholder. */ }"
DUMMY_64,"// Dummy code snippet 64
void dummy_function_64() { /* This is a placeholder. */ }",Unknown,This is a synthetic comment for dummy function 64.,ml,ഡമ്മി ഫംഗ്ഷനുള്ള സിന്തറ്റിക് അഭിപ്രായമാണിത് 64.,Synthetic,Generated_Data,this is a synthetic comment for dummy function 64,ഡമമ ഫഗഷനളള സനതററക അഭപരയമണത 64,"// Dummy code snippet <NUM>
void dummy_function_64() { /* This is a placeholder. */ }"
DUMMY_65,"// Dummy code snippet 65
void dummy_function_65() { /* This is a placeholder. */ }",Unknown,This is a synthetic comment for dummy function 65.,fr,Ceci est un commentaire synthétique pour la fonction factice 65.,Synthetic,Generated_Data,this is a synthetic comment for dummy function 65,ceci est un commentaire synthétique pour la fonction factice 65,"// Dummy code snippet <NUM>
void dummy_function_65() { /* This is a placeholder. */ }"
DUMMY_66,"// Dummy code snippet 66
void dummy_function_66() { /* This is a placeholder. */ }",Unknown,This is a synthetic comment for dummy function 66.,en,This is a synthetic comment for dummy function 66.,Synthetic,Generated_Data,this is a synthetic comment for dummy function 66,this is a synthetic comment for dummy function 66,"// Dummy code snippet <NUM>
void dummy_function_66() { /* This is a placeholder. */ }"
DUMMY_67,"// Dummy code snippet 67
void dummy_function_67() { /* This is a placeholder. */ }",Unknown,This is a synthetic comment for dummy function 67.,it,Questo è un commento sintetico per la funzione fittizia 67.,Synthetic,Generated_Data,this is a synthetic comment for dummy function 67,questo è un commento sintetico per la funzione fittizia 67,"// Dummy code snippet <NUM>
void dummy_function_67() { /* This is a placeholder. */ }"
DUMMY_68,"// Dummy code snippet 68
void dummy_function_68() { /* This is a placeholder. */ }",Unknown,This is a synthetic comment for dummy function 68.,ml,ഡമ്മി ഫംഗ്ഷനുള്ള സിന്തറ്റിക് അഭിപ്രായമാണിത് 68.,Synthetic,Generated_Data,this is a synthetic comment for dummy function 68,ഡമമ ഫഗഷനളള സനതററക അഭപരയമണത 68,"// Dummy code snippet <NUM>
void dummy_function_68() { /* This is a placeholder. */ }"
DUMMY_69,"// Dummy code snippet 69
void dummy_function_69() { /* This is a placeholder. */ }",Unknown,This is a synthetic comment for dummy function 69.,ta,போலி செயல்பாடு 69 க்கான செயற்கை கருத்து இது.,Synthetic,Generated_Data,this is a synthetic comment for dummy function 69,பல சயலபட 69 ககன சயறக கரதத இத,"// Dummy code snippet <NUM>
void dummy_function_69() { /* This is a placeholder. */ }"
DUMMY_70,"// Dummy code snippet 70
void dummy_function_70() { /* This is a placeholder. */ }",Unknown,This is a synthetic comment for dummy function 70.,ta,போலி செயல்பாடு 70 க்கான செயற்கை கருத்து இது.,Synthetic,Generated_Data,this is a synthetic comment for dummy function 70,பல சயலபட 70 ககன சயறக கரதத இத,"// Dummy code snippet <NUM>
void dummy_function_70() { /* This is a placeholder. */ }"
DUMMY_71,"// Dummy code snippet 71
void dummy_function_71() { /* This is a placeholder. */ }",Unknown,This is a synthetic comment for dummy function 71.,it,Questo è un commento sintetico per la funzione fittizia 71.,Synthetic,Generated_Data,this is a synthetic comment for dummy function 71,questo è un commento sintetico per la funzione fittizia 71,"// Dummy code snippet <NUM>
void dummy_function_71() { /* This is a placeholder. */ }"
DUMMY_72,"// Dummy code snippet 72
void dummy_function_72() { /* This is a placeholder. */ }",Unknown,This is a synthetic comment for dummy function 72.,kn,ಇದು ಡಮ್ಮಿ ಫಂಕ್ಷನ್ 72 ಗಾಗಿ ಸಂಶ್ಲೇಷಿತ ಕಾಮೆಂಟ್ ಆಗಿದೆ.,Synthetic,Generated_Data,this is a synthetic comment for dummy function 72,ಇದ ಡಮಮ ಫಕಷನ 72 ಗಗ ಸಶಲಷತ ಕಮಟ ಆಗದ,"// Dummy code snippet <NUM>
void dummy_function_72() { /* This is a placeholder. */ }"
DUMMY_73,"// Dummy code snippet 73
void dummy_function_73() { /* This is a placeholder. */ }",Unknown,This is a synthetic comment for dummy function 73.,de,Dies ist ein synthetischer Kommentar für die Dummy -Funktion 73.,Synthetic,Generated_Data,this is a synthetic comment for dummy function 73,dies ist ein synthetischer kommentar für die dummy funktion 73,"// Dummy code snippet <NUM>
void dummy_function_73() { /* This is a placeholder. */ }"
DUMMY_74,"// Dummy code snippet 74
void dummy_function_74() { /* This is a placeholder. */ }",Unknown,This is a synthetic comment for dummy function 74.,kn,ಇದು ಡಮ್ಮಿ ಫಂಕ್ಷನ್ 74 ಗಾಗಿ ಸಂಶ್ಲೇಷಿತ ಕಾಮೆಂಟ್ ಆಗಿದೆ.,Synthetic,Generated_Data,this is a synthetic comment for dummy function 74,ಇದ ಡಮಮ ಫಕಷನ 74 ಗಗ ಸಶಲಷತ ಕಮಟ ಆಗದ,"// Dummy code snippet <NUM>
void dummy_function_74() { /* This is a placeholder. */ }"
DUMMY_75,"// Dummy code snippet 75
void dummy_function_75() { /* This is a placeholder. */ }",Unknown,This is a synthetic comment for dummy function 75.,kn,ಇದು ಡಮ್ಮಿ ಫಂಕ್ಷನ್ 75 ಗಾಗಿ ಸಂಶ್ಲೇಷಿತ ಕಾಮೆಂಟ್ ಆಗಿದೆ.,Synthetic,Generated_Data,this is a synthetic comment for dummy function 75,ಇದ ಡಮಮ ಫಕಷನ 75 ಗಗ ಸಶಲಷತ ಕಮಟ ಆಗದ,"// Dummy code snippet <NUM>
void dummy_function_75() { /* This is a placeholder. */ }"
DUMMY_76,"// Dummy code snippet 76
void dummy_function_76() { /* This is a placeholder. */ }",Unknown,This is a synthetic comment for dummy function 76.,ta,போலி செயல்பாடு 76 க்கான செயற்கை கருத்து இது.,Synthetic,Generated_Data,this is a synthetic comment for dummy function 76,பல சயலபட 76 ககன சயறக கரதத இத,"// Dummy code snippet <NUM>
void dummy_function_76() { /* This is a placeholder. */ }"
DUMMY_77,"// Dummy code snippet 77
void dummy_function_77() { /* This is a placeholder. */ }",Unknown,This is a synthetic comment for dummy function 77.,kn,ಇದು ಡಮ್ಮಿ ಫಂಕ್ಷನ್ 77 ಗಾಗಿ ಸಂಶ್ಲೇಷಿತ ಕಾಮೆಂಟ್ ಆಗಿದೆ.,Synthetic,Generated_Data,this is a synthetic comment for dummy function 77,ಇದ ಡಮಮ ಫಕಷನ 77 ಗಗ ಸಶಲಷತ ಕಮಟ ಆಗದ,"// Dummy code snippet <NUM>
void dummy_function_77() { /* This is a placeholder. */ }"
DUMMY_78,"// Dummy code snippet 78
void dummy_function_78() { /* This is a placeholder. */ }",Unknown,This is a synthetic comment for dummy function 78.,de,Dies ist ein synthetischer Kommentar für die Dummy -Funktion 78.,Synthetic,Generated_Data,this is a synthetic comment for dummy function 78,dies ist ein synthetischer kommentar für die dummy funktion 78,"// Dummy code snippet <NUM>
void dummy_function_78() { /* This is a placeholder. */ }"
DUMMY_79,"// Dummy code snippet 79
void dummy_function_79() { /* This is a placeholder. */ }",Unknown,This is a synthetic comment for dummy function 79.,en,This is a synthetic comment for dummy function 79.,Synthetic,Generated_Data,this is a synthetic comment for dummy function 79,this is a synthetic comment for dummy function 79,"// Dummy code snippet <NUM>
void dummy_function_79() { /* This is a placeholder. */ }"
DUMMY_80,"// Dummy code snippet 80
void dummy_function_80() { /* This is a placeholder. */ }",Unknown,This is a synthetic comment for dummy function 80.,it,Questo è un commento sintetico per la funzione fittizia 80.,Synthetic,Generated_Data,this is a synthetic comment for dummy function 80,questo è un commento sintetico per la funzione fittizia 80,"// Dummy code snippet <NUM>
void dummy_function_80() { /* This is a placeholder. */ }"
DUMMY_81,"// Dummy code snippet 81
void dummy_function_81() { /* This is a placeholder. */ }",Unknown,This is a synthetic comment for dummy function 81.,es,Este es un comentario sintético para la función ficticia 81.,Synthetic,Generated_Data,this is a synthetic comment for dummy function 81,este es un comentario sintético para la función ficticia 81,"// Dummy code snippet <NUM>
void dummy_function_81() { /* This is a placeholder. */ }"
DUMMY_82,"// Dummy code snippet 82
void dummy_function_82() { /* This is a placeholder. */ }",Unknown,This is a synthetic comment for dummy function 82.,te,డమ్మీ ఫంక్షన్ 82 కోసం ఇది సింథటిక్ వ్యాఖ్య.,Synthetic,Generated_Data,this is a synthetic comment for dummy function 82,డమమ ఫకషన 82 కస ఇద సథటక వయఖయ,"// Dummy code snippet <NUM>
void dummy_function_82() { /* This is a placeholder. */ }"
DUMMY_83,"// Dummy code snippet 83
void dummy_function_83() { /* This is a placeholder. */ }",Unknown,This is a synthetic comment for dummy function 83.,en,This is a synthetic comment for dummy function 83.,Synthetic,Generated_Data,this is a synthetic comment for dummy function 83,this is a synthetic comment for dummy function 83,"// Dummy code snippet <NUM>
void dummy_function_83() { /* This is a placeholder. */ }"
DUMMY_84,"// Dummy code snippet 84
void dummy_function_84() { /* This is a placeholder. */ }",Unknown,This is a synthetic comment for dummy function 84.,es,Este es un comentario sintético para la función ficticia 84.,Synthetic,Generated_Data,this is a synthetic comment for dummy function 84,este es un comentario sintético para la función ficticia 84,"// Dummy code snippet <NUM>
void dummy_function_84() { /* This is a placeholder. */ }"
DUMMY_85,"// Dummy code snippet 85
void dummy_function_85() { /* This is a placeholder. */ }",Unknown,This is a synthetic comment for dummy function 85.,ml,ഡമ്മി ഫംഗ്ഷനുള്ള ഒരു സിന്തറ്റിക് അഭിപ്രായമാണിത് 85.,Synthetic,Generated_Data,this is a synthetic comment for dummy function 85,ഡമമ ഫഗഷനളള ഒര സനതററക അഭപരയമണത 85,"// Dummy code snippet <NUM>
void dummy_function_85() { /* This is a placeholder. */ }"
DUMMY_86,"// Dummy code snippet 86
void dummy_function_86() { /* This is a placeholder. */ }",Unknown,This is a synthetic comment for dummy function 86.,hi,यह डमी फ़ंक्शन 86 के लिए एक सिंथेटिक टिप्पणी है।,Synthetic,Generated_Data,this is a synthetic comment for dummy function 86,यह डम फकशन 86 क लए एक सथटक टपपण ह,"// Dummy code snippet <NUM>
void dummy_function_86() { /* This is a placeholder. */ }"
DUMMY_87,"// Dummy code snippet 87
void dummy_function_87() { /* This is a placeholder. */ }",Unknown,This is a synthetic comment for dummy function 87.,es,Este es un comentario sintético para la función ficticia 87.,Synthetic,Generated_Data,this is a synthetic comment for dummy function 87,este es un comentario sintético para la función ficticia 87,"// Dummy code snippet <NUM>
void dummy_function_87() { /* This is a placeholder. */ }"
DUMMY_88,"// Dummy code snippet 88
void dummy_function_88() { /* This is a placeholder. */ }",Unknown,This is a synthetic comment for dummy function 88.,ta,போலி செயல்பாடு 88 க்கான செயற்கை கருத்து இது.,Synthetic,Generated_Data,this is a synthetic comment for dummy function 88,பல சயலபட 88 ககன சயறக கரதத இத,"// Dummy code snippet <NUM>
void dummy_function_88() { /* This is a placeholder. */ }"
DUMMY_89,"// Dummy code snippet 89
void dummy_function_89() { /* This is a placeholder. */ }",Unknown,This is a synthetic comment for dummy function 89.,fr,Ceci est un commentaire synthétique pour la fonction factice 89.,Synthetic,Generated_Data,this is a synthetic comment for dummy function 89,ceci est un commentaire synthétique pour la fonction factice 89,"// Dummy code snippet <NUM>
void dummy_function_89() { /* This is a placeholder. */ }"
DUMMY_90,"// Dummy code snippet 90
void dummy_function_90() { /* This is a placeholder. */ }",Unknown,This is a synthetic comment for dummy function 90.,hi,यह डमी फ़ंक्शन 90 के लिए एक सिंथेटिक टिप्पणी है।,Synthetic,Generated_Data,this is a synthetic comment for dummy function 90,यह डम फकशन 90 क लए एक सथटक टपपण ह,"// Dummy code snippet <NUM>
void dummy_function_90() { /* This is a placeholder. */ }"
DUMMY_91,"// Dummy code snippet 91
void dummy_function_91() { /* This is a placeholder. */ }",Unknown,This is a synthetic comment for dummy function 91.,de,Dies ist ein synthetischer Kommentar für die Dummy -Funktion 91.,Synthetic,Generated_Data,this is a synthetic comment for dummy function 91,dies ist ein synthetischer kommentar für die dummy funktion 91,"// Dummy code snippet <NUM>
void dummy_function_91() { /* This is a placeholder. */ }"
DUMMY_92,"// Dummy code snippet 92
void dummy_function_92() { /* This is a placeholder. */ }",Unknown,This is a synthetic comment for dummy function 92.,es,Este es un comentario sintético para la función ficticia 92.,Synthetic,Generated_Data,this is a synthetic comment for dummy function 92,este es un comentario sintético para la función ficticia 92,"// Dummy code snippet <NUM>
void dummy_function_92() { /* This is a placeholder. */ }"
DUMMY_93,"// Dummy code snippet 93
void dummy_function_93() { /* This is a placeholder. */ }",Unknown,This is a synthetic comment for dummy function 93.,en,This is a synthetic comment for dummy function 93.,Synthetic,Generated_Data,this is a synthetic comment for dummy function 93,this is a synthetic comment for dummy function 93,"// Dummy code snippet <NUM>
void dummy_function_93() { /* This is a placeholder. */ }"
DUMMY_94,"// Dummy code snippet 94
void dummy_function_94() { /* This is a placeholder. */ }",Unknown,This is a synthetic comment for dummy function 94.,ta,போலி செயல்பாடு 94 க்கான செயற்கை கருத்து இது.,Synthetic,Generated_Data,this is a synthetic comment for dummy function 94,பல சயலபட 94 ககன சயறக கரதத இத,"// Dummy code snippet <NUM>
void dummy_function_94() { /* This is a placeholder. */ }"
DUMMY_95,"// Dummy code snippet 95
void dummy_function_95() { /* This is a placeholder. */ }",Unknown,This is a synthetic comment for dummy function 95.,hi,यह डमी फ़ंक्शन 95 के लिए एक सिंथेटिक टिप्पणी है।,Synthetic,Generated_Data,this is a synthetic comment for dummy function 95,यह डम फकशन 95 क लए एक सथटक टपपण ह,"// Dummy code snippet <NUM>
void dummy_function_95() { /* This is a placeholder. */ }"
DUMMY_96,"// Dummy code snippet 96
void dummy_function_96() { /* This is a placeholder. */ }",Unknown,This is a synthetic comment for dummy function 96.,it,Questo è un commento sintetico per la funzione fittizia 96.,Synthetic,Generated_Data,this is a synthetic comment for dummy function 96,questo è un commento sintetico per la funzione fittizia 96,"// Dummy code snippet <NUM>
void dummy_function_96() { /* This is a placeholder. */ }"
DUMMY_97,"// Dummy code snippet 97
void dummy_function_97() { /* This is a placeholder. */ }",Unknown,This is a synthetic comment for dummy function 97.,it,Questo è un commento sintetico per la funzione fittizia 97.,Synthetic,Generated_Data,this is a synthetic comment for dummy function 97,questo è un commento sintetico per la funzione fittizia 97,"// Dummy code snippet <NUM>
void dummy_function_97() { /* This is a placeholder. */ }"
DUMMY_98,"// Dummy code snippet 98
void dummy_function_98() { /* This is a placeholder. */ }",Unknown,This is a synthetic comment for dummy function 98.,hi,यह डमी फ़ंक्शन 98 के लिए एक सिंथेटिक टिप्पणी है।,Synthetic,Generated_Data,this is a synthetic comment for dummy function 98,यह डम फकशन 98 क लए एक सथटक टपपण ह,"// Dummy code snippet <NUM>
void dummy_function_98() { /* This is a placeholder. */ }"
DUMMY_99,"// Dummy code snippet 99
void dummy_function_99() { /* This is a placeholder. */ }",Unknown,This is a synthetic comment for dummy function 99.,it,Questo è un commento sintetico per la funzione fittizia 99.,Synthetic,Generated_Data,this is a synthetic comment for dummy function 99,questo è un commento sintetico per la funzione fittizia 99,"// Dummy code snippet <NUM>
void dummy_function_99() { /* This is a placeholder. */ }"
DUMMY_100,"// Dummy code snippet 100
void dummy_function_100() { /* This is a placeholder. */ }",Unknown,This is a synthetic comment for dummy function 100.,ta,போலி செயல்பாடு 100 க்கான செயற்கை கருத்து இது.,Synthetic,Generated_Data,this is a synthetic comment for dummy function 100,பல சயலபட 100 ககன சயறக கரதத இத,"// Dummy code snippet <NUM>
void dummy_function_100() { /* This is a placeholder. */ }"
DUMMY_101,"// Dummy code snippet 101
void dummy_function_101() { /* This is a placeholder. */ }",Unknown,This is a synthetic comment for dummy function 101.,hi,यह डमी फ़ंक्शन 101 के लिए एक सिंथेटिक टिप्पणी है।,Synthetic,Generated_Data,this is a synthetic comment for dummy function 101,यह डम फकशन 101 क लए एक सथटक टपपण ह,"// Dummy code snippet <NUM>
void dummy_function_101() { /* This is a placeholder. */ }"
DUMMY_102,"// Dummy code snippet 102
void dummy_function_102() { /* This is a placeholder. */ }",Unknown,This is a synthetic comment for dummy function 102.,ml,ഡമ്മി ഫംഗ്ഷനുള്ള ഒരു സിന്തറ്റിക് അഭിപ്രായമാണിത് 102.,Synthetic,Generated_Data,this is a synthetic comment for dummy function 102,ഡമമ ഫഗഷനളള ഒര സനതററക അഭപരയമണത 102,"// Dummy code snippet <NUM>
void dummy_function_102() { /* This is a placeholder. */ }"
DUMMY_103,"// Dummy code snippet 103
void dummy_function_103() { /* This is a placeholder. */ }",Unknown,This is a synthetic comment for dummy function 103.,kn,ಇದು ಡಮ್ಮಿ ಫಂಕ್ಷನ್ 103 ಗಾಗಿ ಸಂಶ್ಲೇಷಿತ ಕಾಮೆಂಟ್ ಆಗಿದೆ.,Synthetic,Generated_Data,this is a synthetic comment for dummy function 103,ಇದ ಡಮಮ ಫಕಷನ 103 ಗಗ ಸಶಲಷತ ಕಮಟ ಆಗದ,"// Dummy code snippet <NUM>
void dummy_function_103() { /* This is a placeholder. */ }"
DUMMY_104,"// Dummy code snippet 104
void dummy_function_104() { /* This is a placeholder. */ }",Unknown,This is a synthetic comment for dummy function 104.,te,డమ్మీ ఫంక్షన్ 104 కోసం ఇది సింథటిక్ వ్యాఖ్య.,Synthetic,Generated_Data,this is a synthetic comment for dummy function 104,డమమ ఫకషన 104 కస ఇద సథటక వయఖయ,"// Dummy code snippet <NUM>
void dummy_function_104() { /* This is a placeholder. */ }"
DUMMY_105,"// Dummy code snippet 105
void dummy_function_105() { /* This is a placeholder. */ }",Unknown,This is a synthetic comment for dummy function 105.,en,This is a synthetic comment for dummy function 105.,Synthetic,Generated_Data,this is a synthetic comment for dummy function 105,this is a synthetic comment for dummy function 105,"// Dummy code snippet <NUM>
void dummy_function_105() { /* This is a placeholder. */ }"
DUMMY_106,"// Dummy code snippet 106
void dummy_function_106() { /* This is a placeholder. */ }",Unknown,This is a synthetic comment for dummy function 106.,hi,यह डमी फ़ंक्शन 106 के लिए एक सिंथेटिक टिप्पणी है।,Synthetic,Generated_Data,this is a synthetic comment for dummy function 106,यह डम फकशन 106 क लए एक सथटक टपपण ह,"// Dummy code snippet <NUM>
void dummy_function_106() { /* This is a placeholder. */ }"
DUMMY_107,"// Dummy code snippet 107
void dummy_function_107() { /* This is a placeholder. */ }",Unknown,This is a synthetic comment for dummy function 107.,ta,போலி செயல்பாடு 107 க்கான செயற்கை கருத்து இது.,Synthetic,Generated_Data,this is a synthetic comment for dummy function 107,பல சயலபட 107 ககன சயறக கரதத இத,"// Dummy code snippet <NUM>
void dummy_function_107() { /* This is a placeholder. */ }"
DUMMY_108,"// Dummy code snippet 108
void dummy_function_108() { /* This is a placeholder. */ }",Unknown,This is a synthetic comment for dummy function 108.,it,Questo è un commento sintetico per la funzione fittizia 108.,Synthetic,Generated_Data,this is a synthetic comment for dummy function 108,questo è un commento sintetico per la funzione fittizia 108,"// Dummy code snippet <NUM>
void dummy_function_108() { /* This is a placeholder. */ }"
DUMMY_109,"// Dummy code snippet 109
void dummy_function_109() { /* This is a placeholder. */ }",Unknown,This is a synthetic comment for dummy function 109.,ml,ഡമ്മി ഫംഗ്ഷനുള്ള സിന്തറ്റിക് അഭിപ്രായമാണിത് 109.,Synthetic,Generated_Data,this is a synthetic comment for dummy function 109,ഡമമ ഫഗഷനളള സനതററക അഭപരയമണത 109,"// Dummy code snippet <NUM>
void dummy_function_109() { /* This is a placeholder. */ }"
DUMMY_110,"// Dummy code snippet 110
void dummy_function_110() { /* This is a placeholder. */ }",Unknown,This is a synthetic comment for dummy function 110.,kn,ಇದು ಡಮ್ಮಿ ಫಂಕ್ಷನ್ 110 ಗಾಗಿ ಸಂಶ್ಲೇಷಿತ ಕಾಮೆಂಟ್ ಆಗಿದೆ.,Synthetic,Generated_Data,this is a synthetic comment for dummy function 110,ಇದ ಡಮಮ ಫಕಷನ 110 ಗಗ ಸಶಲಷತ ಕಮಟ ಆಗದ,"// Dummy code snippet <NUM>
void dummy_function_110() { /* This is a placeholder. */ }"
DUMMY_111,"// Dummy code snippet 111
void dummy_function_111() { /* This is a placeholder. */ }",Unknown,This is a synthetic comment for dummy function 111.,it,Questo è un commento sintetico per la funzione fittizia 111.,Synthetic,Generated_Data,this is a synthetic comment for dummy function 111,questo è un commento sintetico per la funzione fittizia 111,"// Dummy code snippet <NUM>
void dummy_function_111() { /* This is a placeholder. */ }"
DUMMY_112,"// Dummy code snippet 112
void dummy_function_112() { /* This is a placeholder. */ }",Unknown,This is a synthetic comment for dummy function 112.,de,Dies ist ein synthetischer Kommentar für die Dummy -Funktion 112.,Synthetic,Generated_Data,this is a synthetic comment for dummy function 112,dies ist ein synthetischer kommentar für die dummy funktion 112,"// Dummy code snippet <NUM>
void dummy_function_112() { /* This is a placeholder. */ }"
DUMMY_113,"// Dummy code snippet 113
void dummy_function_113() { /* This is a placeholder. */ }",Unknown,This is a synthetic comment for dummy function 113.,fr,Ceci est un commentaire synthétique pour la fonction factice 113.,Synthetic,Generated_Data,this is a synthetic comment for dummy function 113,ceci est un commentaire synthétique pour la fonction factice 113,"// Dummy code snippet <NUM>
void dummy_function_113() { /* This is a placeholder. */ }"
DUMMY_114,"// Dummy code snippet 114
void dummy_function_114() { /* This is a placeholder. */ }",Unknown,This is a synthetic comment for dummy function 114.,en,This is a synthetic comment for dummy function 114.,Synthetic,Generated_Data,this is a synthetic comment for dummy function 114,this is a synthetic comment for dummy function 114,"// Dummy code snippet <NUM>
void dummy_function_114() { /* This is a placeholder. */ }"
DUMMY_115,"// Dummy code snippet 115
void dummy_function_115() { /* This is a placeholder. */ }",Unknown,This is a synthetic comment for dummy function 115.,ml,115 ഡമ്മി ഫംഗ്ഷനുള്ള ഒരു സിന്തറ്റിക് അഭിപ്രായമാണിത്.,Synthetic,Generated_Data,this is a synthetic comment for dummy function 115,115 ഡമമ ഫഗഷനളള ഒര സനതററക അഭപരയമണത,"// Dummy code snippet <NUM>
void dummy_function_115() { /* This is a placeholder. */ }"
DUMMY_116,"// Dummy code snippet 116
void dummy_function_116() { /* This is a placeholder. */ }",Unknown,This is a synthetic comment for dummy function 116.,hi,यह डमी फ़ंक्शन 116 के लिए एक सिंथेटिक टिप्पणी है।,Synthetic,Generated_Data,this is a synthetic comment for dummy function 116,यह डम फकशन 116 क लए एक सथटक टपपण ह,"// Dummy code snippet <NUM>
void dummy_function_116() { /* This is a placeholder. */ }"
DUMMY_117,"// Dummy code snippet 117
void dummy_function_117() { /* This is a placeholder. */ }",Unknown,This is a synthetic comment for dummy function 117.,kn,ಡಮ್ಮಿ ಫಂಕ್ಷನ್ 117 ಗಾಗಿ ಇದು ಸಂಶ್ಲೇಷಿತ ಕಾಮೆಂಟ್ ಆಗಿದೆ.,Synthetic,Generated_Data,this is a synthetic comment for dummy function 117,ಡಮಮ ಫಕಷನ 117 ಗಗ ಇದ ಸಶಲಷತ ಕಮಟ ಆಗದ,"// Dummy code snippet <NUM>
void dummy_function_117() { /* This is a placeholder. */ }"
DUMMY_118,"// Dummy code snippet 118
void dummy_function_118() { /* This is a placeholder. */ }",Unknown,This is a synthetic comment for dummy function 118.,es,Este es un comentario sintético para la función ficticia 118.,Synthetic,Generated_Data,this is a synthetic comment for dummy function 118,este es un comentario sintético para la función ficticia 118,"// Dummy code snippet <NUM>
void dummy_function_118() { /* This is a placeholder. */ }"
DUMMY_119,"// Dummy code snippet 119
void dummy_function_119() { /* This is a placeholder. */ }",Unknown,This is a synthetic comment for dummy function 119.,hi,यह डमी फ़ंक्शन 119 के लिए एक सिंथेटिक टिप्पणी है।,Synthetic,Generated_Data,this is a synthetic comment for dummy function 119,यह डम फकशन 119 क लए एक सथटक टपपण ह,"// Dummy code snippet <NUM>
void dummy_function_119() { /* This is a placeholder. */ }"
DUMMY_120,"// Dummy code snippet 120
void dummy_function_120() { /* This is a placeholder. */ }",Unknown,This is a synthetic comment for dummy function 120.,ml,ഇത് 120 ഡമ്മി ഫംഗ്ഷനുള്ള ഒരു സിന്തറ്റിക് അഭിപ്രായമാണ്.,Synthetic,Generated_Data,this is a synthetic comment for dummy function 120,ഇത 120 ഡമമ ഫഗഷനളള ഒര സനതററക അഭപരയമണ,"// Dummy code snippet <NUM>
void dummy_function_120() { /* This is a placeholder. */ }"
DUMMY_121,"// Dummy code snippet 121
void dummy_function_121() { /* This is a placeholder. */ }",Unknown,This is a synthetic comment for dummy function 121.,en,This is a synthetic comment for dummy function 121.,Synthetic,Generated_Data,this is a synthetic comment for dummy function 121,this is a synthetic comment for dummy function 121,"// Dummy code snippet <NUM>
void dummy_function_121() { /* This is a placeholder. */ }"
DUMMY_122,"// Dummy code snippet 122
void dummy_function_122() { /* This is a placeholder. */ }",Unknown,This is a synthetic comment for dummy function 122.,en,This is a synthetic comment for dummy function 122.,Synthetic,Generated_Data,this is a synthetic comment for dummy function 122,this is a synthetic comment for dummy function 122,"// Dummy code snippet <NUM>
void dummy_function_122() { /* This is a placeholder. */ }"
DUMMY_123,"// Dummy code snippet 123
void dummy_function_123() { /* This is a placeholder. */ }",Unknown,This is a synthetic comment for dummy function 123.,fr,Ceci est un commentaire synthétique pour la fonction factice 123.,Synthetic,Generated_Data,this is a synthetic comment for dummy function 123,ceci est un commentaire synthétique pour la fonction factice 123,"// Dummy code snippet <NUM>
void dummy_function_123() { /* This is a placeholder. */ }"
DUMMY_124,"// Dummy code snippet 124
void dummy_function_124() { /* This is a placeholder. */ }",Unknown,This is a synthetic comment for dummy function 124.,es,Este es un comentario sintético para la función ficticia 124.,Synthetic,Generated_Data,this is a synthetic comment for dummy function 124,este es un comentario sintético para la función ficticia 124,"// Dummy code snippet <NUM>
void dummy_function_124() { /* This is a placeholder. */ }"
DUMMY_125,"// Dummy code snippet 125
void dummy_function_125() { /* This is a placeholder. */ }",Unknown,This is a synthetic comment for dummy function 125.,en,This is a synthetic comment for dummy function 125.,Synthetic,Generated_Data,this is a synthetic comment for dummy function 125,this is a synthetic comment for dummy function 125,"// Dummy code snippet <NUM>
void dummy_function_125() { /* This is a placeholder. */ }"
DUMMY_126,"// Dummy code snippet 126
void dummy_function_126() { /* This is a placeholder. */ }",Unknown,This is a synthetic comment for dummy function 126.,es,Este es un comentario sintético para la función ficticia 126.,Synthetic,Generated_Data,this is a synthetic comment for dummy function 126,este es un comentario sintético para la función ficticia 126,"// Dummy code snippet <NUM>
void dummy_function_126() { /* This is a placeholder. */ }"
DUMMY_127,"// Dummy code snippet 127
void dummy_function_127() { /* This is a placeholder. */ }",Unknown,This is a synthetic comment for dummy function 127.,fr,Ceci est un commentaire synthétique pour la fonction factice 127.,Synthetic,Generated_Data,this is a synthetic comment for dummy function 127,ceci est un commentaire synthétique pour la fonction factice 127,"// Dummy code snippet <NUM>
void dummy_function_127() { /* This is a placeholder. */ }"
DUMMY_128,"// Dummy code snippet 128
void dummy_function_128() { /* This is a placeholder. */ }",Unknown,This is a synthetic comment for dummy function 128.,hi,यह डमी फ़ंक्शन 128 के लिए एक सिंथेटिक टिप्पणी है।,Synthetic,Generated_Data,this is a synthetic comment for dummy function 128,यह डम फकशन 128 क लए एक सथटक टपपण ह,"// Dummy code snippet <NUM>
void dummy_function_128() { /* This is a placeholder. */ }"
DUMMY_129,"// Dummy code snippet 129
void dummy_function_129() { /* This is a placeholder. */ }",Unknown,This is a synthetic comment for dummy function 129.,ml,ഡമ്മി ഫംഗ്ഷനുള്ള ഒരു സിന്തറ്റിക് അഭിപ്രായമാണിത്. 129.,Synthetic,Generated_Data,this is a synthetic comment for dummy function 129,ഡമമ ഫഗഷനളള ഒര സനതററക അഭപരയമണത 129,"// Dummy code snippet <NUM>
void dummy_function_129() { /* This is a placeholder. */ }"
DUMMY_130,"// Dummy code snippet 130
void dummy_function_130() { /* This is a placeholder. */ }",Unknown,This is a synthetic comment for dummy function 130.,te,డమ్మీ ఫంక్షన్ 130 కోసం ఇది సింథటిక్ వ్యాఖ్య.,Synthetic,Generated_Data,this is a synthetic comment for dummy function 130,డమమ ఫకషన 130 కస ఇద సథటక వయఖయ,"// Dummy code snippet <NUM>
void dummy_function_130() { /* This is a placeholder. */ }"
DUMMY_131,"// Dummy code snippet 131
void dummy_function_131() { /* This is a placeholder. */ }",Unknown,This is a synthetic comment for dummy function 131.,en,This is a synthetic comment for dummy function 131.,Synthetic,Generated_Data,this is a synthetic comment for dummy function 131,this is a synthetic comment for dummy function 131,"// Dummy code snippet <NUM>
void dummy_function_131() { /* This is a placeholder. */ }"
DUMMY_132,"// Dummy code snippet 132
void dummy_function_132() { /* This is a placeholder. */ }",Unknown,This is a synthetic comment for dummy function 132.,fr,Ceci est un commentaire synthétique pour la fonction factice 132.,Synthetic,Generated_Data,this is a synthetic comment for dummy function 132,ceci est un commentaire synthétique pour la fonction factice 132,"// Dummy code snippet <NUM>
void dummy_function_132() { /* This is a placeholder. */ }"
DUMMY_133,"// Dummy code snippet 133
void dummy_function_133() { /* This is a placeholder. */ }",Unknown,This is a synthetic comment for dummy function 133.,te,డమ్మీ ఫంక్షన్ 133 కోసం ఇది సింథటిక్ వ్యాఖ్య.,Synthetic,Generated_Data,this is a synthetic comment for dummy function 133,డమమ ఫకషన 133 కస ఇద సథటక వయఖయ,"// Dummy code snippet <NUM>
void dummy_function_133() { /* This is a placeholder. */ }"
DUMMY_134,"// Dummy code snippet 134
void dummy_function_134() { /* This is a placeholder. */ }",Unknown,This is a synthetic comment for dummy function 134.,en,This is a synthetic comment for dummy function 134.,Synthetic,Generated_Data,this is a synthetic comment for dummy function 134,this is a synthetic comment for dummy function 134,"// Dummy code snippet <NUM>
void dummy_function_134() { /* This is a placeholder. */ }"
DUMMY_135,"// Dummy code snippet 135
void dummy_function_135() { /* This is a placeholder. */ }",Unknown,This is a synthetic comment for dummy function 135.,ta,போலி செயல்பாடு 135 க்கான செயற்கை கருத்து இது.,Synthetic,Generated_Data,this is a synthetic comment for dummy function 135,பல சயலபட 135 ககன சயறக கரதத இத,"// Dummy code snippet <NUM>
void dummy_function_135() { /* This is a placeholder. */ }"
DUMMY_136,"// Dummy code snippet 136
void dummy_function_136() { /* This is a placeholder. */ }",Unknown,This is a synthetic comment for dummy function 136.,te,డమ్మీ ఫంక్షన్ 136 కోసం ఇది సింథటిక్ వ్యాఖ్య.,Synthetic,Generated_Data,this is a synthetic comment for dummy function 136,డమమ ఫకషన 136 కస ఇద సథటక వయఖయ,"// Dummy code snippet <NUM>
void dummy_function_136() { /* This is a placeholder. */ }"
DUMMY_137,"// Dummy code snippet 137
void dummy_function_137() { /* This is a placeholder. */ }",Unknown,This is a synthetic comment for dummy function 137.,ml,ഡമ്മി ഫംഗ്ഷനുള്ള സിന്തറ്റിക് അഭിപ്രായമാണിത്. 137.,Synthetic,Generated_Data,this is a synthetic comment for dummy function 137,ഡമമ ഫഗഷനളള സനതററക അഭപരയമണത 137,"// Dummy code snippet <NUM>
void dummy_function_137() { /* This is a placeholder. */ }"
DUMMY_138,"// Dummy code snippet 138
void dummy_function_138() { /* This is a placeholder. */ }",Unknown,This is a synthetic comment for dummy function 138.,ta,போலி செயல்பாடு 138 க்கான செயற்கை கருத்து இது.,Synthetic,Generated_Data,this is a synthetic comment for dummy function 138,பல சயலபட 138 ககன சயறக கரதத இத,"// Dummy code snippet <NUM>
void dummy_function_138() { /* This is a placeholder. */ }"
DUMMY_139,"// Dummy code snippet 139
void dummy_function_139() { /* This is a placeholder. */ }",Unknown,This is a synthetic comment for dummy function 139.,hi,यह डमी फ़ंक्शन 139 के लिए एक सिंथेटिक टिप्पणी है।,Synthetic,Generated_Data,this is a synthetic comment for dummy function 139,यह डम फकशन 139 क लए एक सथटक टपपण ह,"// Dummy code snippet <NUM>
void dummy_function_139() { /* This is a placeholder. */ }"
DUMMY_140,"// Dummy code snippet 140
void dummy_function_140() { /* This is a placeholder. */ }",Unknown,This is a synthetic comment for dummy function 140.,es,Este es un comentario sintético para la función ficticia 140.,Synthetic,Generated_Data,this is a synthetic comment for dummy function 140,este es un comentario sintético para la función ficticia 140,"// Dummy code snippet <NUM>
void dummy_function_140() { /* This is a placeholder. */ }"
DUMMY_141,"// Dummy code snippet 141
void dummy_function_141() { /* This is a placeholder. */ }",Unknown,This is a synthetic comment for dummy function 141.,it,Questo è un commento sintetico per la funzione fittizia 141.,Synthetic,Generated_Data,this is a synthetic comment for dummy function 141,questo è un commento sintetico per la funzione fittizia 141,"// Dummy code snippet <NUM>
void dummy_function_141() { /* This is a placeholder. */ }"
DUMMY_142,"// Dummy code snippet 142
void dummy_function_142() { /* This is a placeholder. */ }",Unknown,This is a synthetic comment for dummy function 142.,es,Este es un comentario sintético para la función ficticia 142.,Synthetic,Generated_Data,this is a synthetic comment for dummy function 142,este es un comentario sintético para la función ficticia 142,"// Dummy code snippet <NUM>
void dummy_function_142() { /* This is a placeholder. */ }"
DUMMY_143,"// Dummy code snippet 143
void dummy_function_143() { /* This is a placeholder. */ }",Unknown,This is a synthetic comment for dummy function 143.,de,Dies ist ein synthetischer Kommentar für die Dummy -Funktion 143.,Synthetic,Generated_Data,this is a synthetic comment for dummy function 143,dies ist ein synthetischer kommentar für die dummy funktion 143,"// Dummy code snippet <NUM>
void dummy_function_143() { /* This is a placeholder. */ }"
DUMMY_144,"// Dummy code snippet 144
void dummy_function_144() { /* This is a placeholder. */ }",Unknown,This is a synthetic comment for dummy function 144.,de,Dies ist ein synthetischer Kommentar für die Dummy -Funktion 144.,Synthetic,Generated_Data,this is a synthetic comment for dummy function 144,dies ist ein synthetischer kommentar für die dummy funktion 144,"// Dummy code snippet <NUM>
void dummy_function_144() { /* This is a placeholder. */ }"
DUMMY_145,"// Dummy code snippet 145
void dummy_function_145() { /* This is a placeholder. */ }",Unknown,This is a synthetic comment for dummy function 145.,es,Este es un comentario sintético para la función ficticia 145.,Synthetic,Generated_Data,this is a synthetic comment for dummy function 145,este es un comentario sintético para la función ficticia 145,"// Dummy code snippet <NUM>
void dummy_function_145() { /* This is a placeholder. */ }"
DUMMY_146,"// Dummy code snippet 146
void dummy_function_146() { /* This is a placeholder. */ }",Unknown,This is a synthetic comment for dummy function 146.,it,Questo è un commento sintetico per la funzione fittizia 146.,Synthetic,Generated_Data,this is a synthetic comment for dummy function 146,questo è un commento sintetico per la funzione fittizia 146,"// Dummy code snippet <NUM>
void dummy_function_146() { /* This is a placeholder. */ }"
DUMMY_147,"// Dummy code snippet 147
void dummy_function_147() { /* This is a placeholder. */ }",Unknown,This is a synthetic comment for dummy function 147.,te,డమ్మీ ఫంక్షన్ 147 కోసం ఇది సింథటిక్ వ్యాఖ్య.,Synthetic,Generated_Data,this is a synthetic comment for dummy function 147,డమమ ఫకషన 147 కస ఇద సథటక వయఖయ,"// Dummy code snippet <NUM>
void dummy_function_147() { /* This is a placeholder. */ }"
DUMMY_148,"// Dummy code snippet 148
void dummy_function_148() { /* This is a placeholder. */ }",Unknown,This is a synthetic comment for dummy function 148.,ml,148 ഡമ്മി ഫംഗ്ഷനുള്ള ഒരു സിന്തറ്റിക് അഭിപ്രായമാണിത്.,Synthetic,Generated_Data,this is a synthetic comment for dummy function 148,148 ഡമമ ഫഗഷനളള ഒര സനതററക അഭപരയമണത,"// Dummy code snippet <NUM>
void dummy_function_148() { /* This is a placeholder. */ }"
DUMMY_149,"// Dummy code snippet 149
void dummy_function_149() { /* This is a placeholder. */ }",Unknown,This is a synthetic comment for dummy function 149.,fr,Ceci est un commentaire synthétique pour la fonction factice 149.,Synthetic,Generated_Data,this is a synthetic comment for dummy function 149,ceci est un commentaire synthétique pour la fonction factice 149,"// Dummy code snippet <NUM>
void dummy_function_149() { /* This is a placeholder. */ }"
DUMMY_150,"// Dummy code snippet 150
void dummy_function_150() { /* This is a placeholder. */ }",Unknown,This is a synthetic comment for dummy function 150.,en,This is a synthetic comment for dummy function 150.,Synthetic,Generated_Data,this is a synthetic comment for dummy function 150,this is a synthetic comment for dummy function 150,"// Dummy code snippet <NUM>
void dummy_function_150() { /* This is a placeholder. */ }"
DUMMY_151,"// Dummy code snippet 151
void dummy_function_151() { /* This is a placeholder. */ }",Unknown,This is a synthetic comment for dummy function 151.,ml,151 ഡമ്മി ഫംഗ്ഷനുള്ള ഒരു സിന്തറ്റിക് അഭിപ്രായമാണിത്.,Synthetic,Generated_Data,this is a synthetic comment for dummy function 151,151 ഡമമ ഫഗഷനളള ഒര സനതററക അഭപരയമണത,"// Dummy code snippet <NUM>
void dummy_function_151() { /* This is a placeholder. */ }"
DUMMY_152,"// Dummy code snippet 152
void dummy_function_152() { /* This is a placeholder. */ }",Unknown,This is a synthetic comment for dummy function 152.,ml,ഡമ്മി ഫംഗ്ഷനുള്ള ഒരു സിന്തറ്റിക് അഭിപ്രായമാണിത് 152.,Synthetic,Generated_Data,this is a synthetic comment for dummy function 152,ഡമമ ഫഗഷനളള ഒര സനതററക അഭപരയമണത 152,"// Dummy code snippet <NUM>
void dummy_function_152() { /* This is a placeholder. */ }"
DUMMY_153,"// Dummy code snippet 153
void dummy_function_153() { /* This is a placeholder. */ }",Unknown,This is a synthetic comment for dummy function 153.,ml,153 ഡമ്മി ഫംഗ്ഷനുള്ള ഒരു സിന്തറ്റിക് അഭിപ്രായമാണിത്.,Synthetic,Generated_Data,this is a synthetic comment for dummy function 153,153 ഡമമ ഫഗഷനളള ഒര സനതററക അഭപരയമണത,"// Dummy code snippet <NUM>
void dummy_function_153() { /* This is a placeholder. */ }"
DUMMY_154,"// Dummy code snippet 154
void dummy_function_154() { /* This is a placeholder. */ }",Unknown,This is a synthetic comment for dummy function 154.,ml,ഡമ്മി ഫംഗ്ഷനായുള്ള സിന്തറ്റിക് അഭിപ്രായമാണിത് 154.,Synthetic,Generated_Data,this is a synthetic comment for dummy function 154,ഡമമ ഫഗഷനയളള സനതററക അഭപരയമണത 154,"// Dummy code snippet <NUM>
void dummy_function_154() { /* This is a placeholder. */ }"
DUMMY_155,"// Dummy code snippet 155
void dummy_function_155() { /* This is a placeholder. */ }",Unknown,This is a synthetic comment for dummy function 155.,kn,ಇದು ಡಮ್ಮಿ ಫಂಕ್ಷನ್ 155 ಗಾಗಿ ಸಂಶ್ಲೇಷಿತ ಕಾಮೆಂಟ್ ಆಗಿದೆ.,Synthetic,Generated_Data,this is a synthetic comment for dummy function 155,ಇದ ಡಮಮ ಫಕಷನ 155 ಗಗ ಸಶಲಷತ ಕಮಟ ಆಗದ,"// Dummy code snippet <NUM>
void dummy_function_155() { /* This is a placeholder. */ }"
DUMMY_156,"// Dummy code snippet 156
void dummy_function_156() { /* This is a placeholder. */ }",Unknown,This is a synthetic comment for dummy function 156.,ta,போலி செயல்பாடு 156 க்கான செயற்கை கருத்து இது.,Synthetic,Generated_Data,this is a synthetic comment for dummy function 156,பல சயலபட 156 ககன சயறக கரதத இத,"// Dummy code snippet <NUM>
void dummy_function_156() { /* This is a placeholder. */ }"
DUMMY_157,"// Dummy code snippet 157
void dummy_function_157() { /* This is a placeholder. */ }",Unknown,This is a synthetic comment for dummy function 157.,te,డమ్మీ ఫంక్షన్ 157 కోసం ఇది సింథటిక్ వ్యాఖ్య.,Synthetic,Generated_Data,this is a synthetic comment for dummy function 157,డమమ ఫకషన 157 కస ఇద సథటక వయఖయ,"// Dummy code snippet <NUM>
void dummy_function_157() { /* This is a placeholder. */ }"
DUMMY_158,"// Dummy code snippet 158
void dummy_function_158() { /* This is a placeholder. */ }",Unknown,This is a synthetic comment for dummy function 158.,it,Questo è un commento sintetico per la funzione fittizia 158.,Synthetic,Generated_Data,this is a synthetic comment for dummy function 158,questo è un commento sintetico per la funzione fittizia 158,"// Dummy code snippet <NUM>
void dummy_function_158() { /* This is a placeholder. */ }"
DUMMY_159,"// Dummy code snippet 159
void dummy_function_159() { /* This is a placeholder. */ }",Unknown,This is a synthetic comment for dummy function 159.,te,డమ్మీ ఫంక్షన్ 159 కోసం ఇది సింథటిక్ వ్యాఖ్య.,Synthetic,Generated_Data,this is a synthetic comment for dummy function 159,డమమ ఫకషన 159 కస ఇద సథటక వయఖయ,"// Dummy code snippet <NUM>
void dummy_function_159() { /* This is a placeholder. */ }"
DUMMY_160,"// Dummy code snippet 160
void dummy_function_160() { /* This is a placeholder. */ }",Unknown,This is a synthetic comment for dummy function 160.,ml,ഇത് 160 ഡമ്മി ഫംഗ്ഷനായി ഒരു സിന്തറ്റിക് അഭിപ്രായമാണ്.,Synthetic,Generated_Data,this is a synthetic comment for dummy function 160,ഇത 160 ഡമമ ഫഗഷനയ ഒര സനതററക അഭപരയമണ,"// Dummy code snippet <NUM>
void dummy_function_160() { /* This is a placeholder. */ }"
DUMMY_161,"// Dummy code snippet 161
void dummy_function_161() { /* This is a placeholder. */ }",Unknown,This is a synthetic comment for dummy function 161.,ta,போலி செயல்பாடு 161 க்கான செயற்கை கருத்து இது.,Synthetic,Generated_Data,this is a synthetic comment for dummy function 161,பல சயலபட 161 ககன சயறக கரதத இத,"// Dummy code snippet <NUM>
void dummy_function_161() { /* This is a placeholder. */ }"
DUMMY_162,"// Dummy code snippet 162
void dummy_function_162() { /* This is a placeholder. */ }",Unknown,This is a synthetic comment for dummy function 162.,ml,162 ഡമ്മി ഫംഗ്ഷനുള്ള ഒരു സിന്തറ്റിക് അഭിപ്രായമാണിത്.,Synthetic,Generated_Data,this is a synthetic comment for dummy function 162,162 ഡമമ ഫഗഷനളള ഒര സനതററക അഭപരയമണത,"// Dummy code snippet <NUM>
void dummy_function_162() { /* This is a placeholder. */ }"
DUMMY_163,"// Dummy code snippet 163
void dummy_function_163() { /* This is a placeholder. */ }",Unknown,This is a synthetic comment for dummy function 163.,te,డమ్మీ ఫంక్షన్ 163 కోసం ఇది సింథటిక్ వ్యాఖ్య.,Synthetic,Generated_Data,this is a synthetic comment for dummy function 163,డమమ ఫకషన 163 కస ఇద సథటక వయఖయ,"// Dummy code snippet <NUM>
void dummy_function_163() { /* This is a placeholder. */ }"
DUMMY_164,"// Dummy code snippet 164
void dummy_function_164() { /* This is a placeholder. */ }",Unknown,This is a synthetic comment for dummy function 164.,ml,164 ഡമ്മി ഫംഗ്ഷനുള്ള ഒരു സിന്തറ്റിക് അഭിപ്രായമാണിത്.,Synthetic,Generated_Data,this is a synthetic comment for dummy function 164,164 ഡമമ ഫഗഷനളള ഒര സനതററക അഭപരയമണത,"// Dummy code snippet <NUM>
void dummy_function_164() { /* This is a placeholder. */ }"
DUMMY_165,"// Dummy code snippet 165
void dummy_function_165() { /* This is a placeholder. */ }",Unknown,This is a synthetic comment for dummy function 165.,fr,Ceci est un commentaire synthétique pour la fonction factice 165.,Synthetic,Generated_Data,this is a synthetic comment for dummy function 165,ceci est un commentaire synthétique pour la fonction factice 165,"// Dummy code snippet <NUM>
void dummy_function_165() { /* This is a placeholder. */ }"
DUMMY_166,"// Dummy code snippet 166
void dummy_function_166() { /* This is a placeholder. */ }",Unknown,This is a synthetic comment for dummy function 166.,ml,166 ഡമ്മി ഫംഗ്ഷനുള്ള ഒരു സിന്തറ്റിക് അഭിപ്രായമാണിത്.,Synthetic,Generated_Data,this is a synthetic comment for dummy function 166,166 ഡമമ ഫഗഷനളള ഒര സനതററക അഭപരയമണത,"// Dummy code snippet <NUM>
void dummy_function_166() { /* This is a placeholder. */ }"
DUMMY_167,"// Dummy code snippet 167
void dummy_function_167() { /* This is a placeholder. */ }",Unknown,This is a synthetic comment for dummy function 167.,ml,167 ഡമ്മി ഫംഗ്ഷനുള്ള ഒരു സിന്തറ്റിക് അഭിപ്രായമാണിത്.,Synthetic,Generated_Data,this is a synthetic comment for dummy function 167,167 ഡമമ ഫഗഷനളള ഒര സനതററക അഭപരയമണത,"// Dummy code snippet <NUM>
void dummy_function_167() { /* This is a placeholder. */ }"
DUMMY_168,"// Dummy code snippet 168
void dummy_function_168() { /* This is a placeholder. */ }",Unknown,This is a synthetic comment for dummy function 168.,ml,168 ഡമ്മി ഫംഗ്ഷനുള്ള ഒരു സിന്തറ്റിക് അഭിപ്രായമാണിത്.,Synthetic,Generated_Data,this is a synthetic comment for dummy function 168,168 ഡമമ ഫഗഷനളള ഒര സനതററക അഭപരയമണത,"// Dummy code snippet <NUM>
void dummy_function_168() { /* This is a placeholder. */ }"
DUMMY_169,"// Dummy code snippet 169
void dummy_function_169() { /* This is a placeholder. */ }",Unknown,This is a synthetic comment for dummy function 169.,es,Este es un comentario sintético para la función ficticia 169.,Synthetic,Generated_Data,this is a synthetic comment for dummy function 169,este es un comentario sintético para la función ficticia 169,"// Dummy code snippet <NUM>
void dummy_function_169() { /* This is a placeholder. */ }"
DUMMY_170,"// Dummy code snippet 170
void dummy_function_170() { /* This is a placeholder. */ }",Unknown,This is a synthetic comment for dummy function 170.,ta,போலி செயல்பாடு 170 க்கான செயற்கை கருத்து இது.,Synthetic,Generated_Data,this is a synthetic comment for dummy function 170,பல சயலபட 170 ககன சயறக கரதத இத,"// Dummy code snippet <NUM>
void dummy_function_170() { /* This is a placeholder. */ }"
DUMMY_171,"// Dummy code snippet 171
void dummy_function_171() { /* This is a placeholder. */ }",Unknown,This is a synthetic comment for dummy function 171.,kn,ಇದು ಡಮ್ಮಿ ಫಂಕ್ಷನ್ 171 ಗಾಗಿ ಸಂಶ್ಲೇಷಿತ ಕಾಮೆಂಟ್ ಆಗಿದೆ.,Synthetic,Generated_Data,this is a synthetic comment for dummy function 171,ಇದ ಡಮಮ ಫಕಷನ 171 ಗಗ ಸಶಲಷತ ಕಮಟ ಆಗದ,"// Dummy code snippet <NUM>
void dummy_function_171() { /* This is a placeholder. */ }"
DUMMY_172,"// Dummy code snippet 172
void dummy_function_172() { /* This is a placeholder. */ }",Unknown,This is a synthetic comment for dummy function 172.,es,Este es un comentario sintético para la función ficticia 172.,Synthetic,Generated_Data,this is a synthetic comment for dummy function 172,este es un comentario sintético para la función ficticia 172,"// Dummy code snippet <NUM>
void dummy_function_172() { /* This is a placeholder. */ }"
DUMMY_173,"// Dummy code snippet 173
void dummy_function_173() { /* This is a placeholder. */ }",Unknown,This is a synthetic comment for dummy function 173.,fr,Ceci est un commentaire synthétique pour la fonction factice 173.,Synthetic,Generated_Data,this is a synthetic comment for dummy function 173,ceci est un commentaire synthétique pour la fonction factice 173,"// Dummy code snippet <NUM>
void dummy_function_173() { /* This is a placeholder. */ }"
DUMMY_174,"// Dummy code snippet 174
void dummy_function_174() { /* This is a placeholder. */ }",Unknown,This is a synthetic comment for dummy function 174.,en,This is a synthetic comment for dummy function 174.,Synthetic,Generated_Data,this is a synthetic comment for dummy function 174,this is a synthetic comment for dummy function 174,"// Dummy code snippet <NUM>
void dummy_function_174() { /* This is a placeholder. */ }"
DUMMY_175,"// Dummy code snippet 175
void dummy_function_175() { /* This is a placeholder. */ }",Unknown,This is a synthetic comment for dummy function 175.,ml,175 ഡമ്മി ഫംഗ്ഷനുള്ള ഒരു സിന്തറ്റിക് അഭിപ്രായമാണിത്.,Synthetic,Generated_Data,this is a synthetic comment for dummy function 175,175 ഡമമ ഫഗഷനളള ഒര സനതററക അഭപരയമണത,"// Dummy code snippet <NUM>
void dummy_function_175() { /* This is a placeholder. */ }"
DUMMY_176,"// Dummy code snippet 176
void dummy_function_176() { /* This is a placeholder. */ }",Unknown,This is a synthetic comment for dummy function 176.,fr,Ceci est un commentaire synthétique pour la fonction factice 176.,Synthetic,Generated_Data,this is a synthetic comment for dummy function 176,ceci est un commentaire synthétique pour la fonction factice 176,"// Dummy code snippet <NUM>
void dummy_function_176() { /* This is a placeholder. */ }"
DUMMY_177,"// Dummy code snippet 177
void dummy_function_177() { /* This is a placeholder. */ }",Unknown,This is a synthetic comment for dummy function 177.,ml,ഇത് 177 ഡമ്മി ഫംഗ്ഷനുള്ള ഒരു സിന്തറ്റിക് അഭിപ്രായമാണ്.,Synthetic,Generated_Data,this is a synthetic comment for dummy function 177,ഇത 177 ഡമമ ഫഗഷനളള ഒര സനതററക അഭപരയമണ,"// Dummy code snippet <NUM>
void dummy_function_177() { /* This is a placeholder. */ }"
DUMMY_178,"// Dummy code snippet 178
void dummy_function_178() { /* This is a placeholder. */ }",Unknown,This is a synthetic comment for dummy function 178.,ml,178 ഡമ്മി ഫംഗ്ഷനുള്ള സിന്തറ്റിക് അഭിപ്രായമാണിത്.,Synthetic,Generated_Data,this is a synthetic comment for dummy function 178,178 ഡമമ ഫഗഷനളള സനതററക അഭപരയമണത,"// Dummy code snippet <NUM>
void dummy_function_178() { /* This is a placeholder. */ }"
DUMMY_179,"// Dummy code snippet 179
void dummy_function_179() { /* This is a placeholder. */ }",Unknown,This is a synthetic comment for dummy function 179.,ml,ഇത് 179 ഡമ്മി ഫംഗ്ഷനുള്ള ഒരു സിന്തറ്റിക് അഭിപ്രായമാണ്.,Synthetic,Generated_Data,this is a synthetic comment for dummy function 179,ഇത 179 ഡമമ ഫഗഷനളള ഒര സനതററക അഭപരയമണ,"// Dummy code snippet <NUM>
void dummy_function_179() { /* This is a placeholder. */ }"
DUMMY_180,"// Dummy code snippet 180
void dummy_function_180() { /* This is a placeholder. */ }",Unknown,This is a synthetic comment for dummy function 180.,fr,Ceci est un commentaire synthétique pour la fonction factice 180.,Synthetic,Generated_Data,this is a synthetic comment for dummy function 180,ceci est un commentaire synthétique pour la fonction factice 180,"// Dummy code snippet <NUM>
void dummy_function_180() { /* This is a placeholder. */ }"
DUMMY_181,"// Dummy code snippet 181
void dummy_function_181() { /* This is a placeholder. */ }",Unknown,This is a synthetic comment for dummy function 181.,hi,यह डमी फ़ंक्शन 181 के लिए एक सिंथेटिक टिप्पणी है।,Synthetic,Generated_Data,this is a synthetic comment for dummy function 181,यह डम फकशन 181 क लए एक सथटक टपपण ह,"// Dummy code snippet <NUM>
void dummy_function_181() { /* This is a placeholder. */ }"
DUMMY_182,"// Dummy code snippet 182
void dummy_function_182() { /* This is a placeholder. */ }",Unknown,This is a synthetic comment for dummy function 182.,hi,यह डमी फ़ंक्शन 182 के लिए एक सिंथेटिक टिप्पणी है।,Synthetic,Generated_Data,this is a synthetic comment for dummy function 182,यह डम फकशन 182 क लए एक सथटक टपपण ह,"// Dummy code snippet <NUM>
void dummy_function_182() { /* This is a placeholder. */ }"
DUMMY_183,"// Dummy code snippet 183
void dummy_function_183() { /* This is a placeholder. */ }",Unknown,This is a synthetic comment for dummy function 183.,te,డమ్మీ ఫంక్షన్ 183 కోసం ఇది సింథటిక్ వ్యాఖ్య.,Synthetic,Generated_Data,this is a synthetic comment for dummy function 183,డమమ ఫకషన 183 కస ఇద సథటక వయఖయ,"// Dummy code snippet <NUM>
void dummy_function_183() { /* This is a placeholder. */ }"
DUMMY_184,"// Dummy code snippet 184
void dummy_function_184() { /* This is a placeholder. */ }",Unknown,This is a synthetic comment for dummy function 184.,es,Este es un comentario sintético para la función ficticia 184.,Synthetic,Generated_Data,this is a synthetic comment for dummy function 184,este es un comentario sintético para la función ficticia 184,"// Dummy code snippet <NUM>
void dummy_function_184() { /* This is a placeholder. */ }"
DUMMY_185,"// Dummy code snippet 185
void dummy_function_185() { /* This is a placeholder. */ }",Unknown,This is a synthetic comment for dummy function 185.,en,This is a synthetic comment for dummy function 185.,Synthetic,Generated_Data,this is a synthetic comment for dummy function 185,this is a synthetic comment for dummy function 185,"// Dummy code snippet <NUM>
void dummy_function_185() { /* This is a placeholder. */ }"
DUMMY_186,"// Dummy code snippet 186
void dummy_function_186() { /* This is a placeholder. */ }",Unknown,This is a synthetic comment for dummy function 186.,hi,यह डमी फ़ंक्शन 186 के लिए एक सिंथेटिक टिप्पणी है।,Synthetic,Generated_Data,this is a synthetic comment for dummy function 186,यह डम फकशन 186 क लए एक सथटक टपपण ह,"// Dummy code snippet <NUM>
void dummy_function_186() { /* This is a placeholder. */ }"
DUMMY_187,"// Dummy code snippet 187
void dummy_function_187() { /* This is a placeholder. */ }",Unknown,This is a synthetic comment for dummy function 187.,ml,187 ഡമ്മി ഫംഗ്ഷനുള്ള ഒരു സിന്തറ്റിക് അഭിപ്രായമാണിത്.,Synthetic,Generated_Data,this is a synthetic comment for dummy function 187,187 ഡമമ ഫഗഷനളള ഒര സനതററക അഭപരയമണത,"// Dummy code snippet <NUM>
void dummy_function_187() { /* This is a placeholder. */ }"
DUMMY_188,"// Dummy code snippet 188
void dummy_function_188() { /* This is a placeholder. */ }",Unknown,This is a synthetic comment for dummy function 188.,en,This is a synthetic comment for dummy function 188.,Synthetic,Generated_Data,this is a synthetic comment for dummy function 188,this is a synthetic comment for dummy function 188,"// Dummy code snippet <NUM>
void dummy_function_188() { /* This is a placeholder. */ }"
DUMMY_189,"// Dummy code snippet 189
void dummy_function_189() { /* This is a placeholder. */ }",Unknown,This is a synthetic comment for dummy function 189.,it,Questo è un commento sintetico per la funzione fittizia 189.,Synthetic,Generated_Data,this is a synthetic comment for dummy function 189,questo è un commento sintetico per la funzione fittizia 189,"// Dummy code snippet <NUM>
void dummy_function_189() { /* This is a placeholder. */ }"
DUMMY_190,"// Dummy code snippet 190
void dummy_function_190() { /* This is a placeholder. */ }",Unknown,This is a synthetic comment for dummy function 190.,ta,போலி செயல்பாடு 190 க்கான செயற்கை கருத்து இது.,Synthetic,Generated_Data,this is a synthetic comment for dummy function 190,பல சயலபட 190 ககன சயறக கரதத இத,"// Dummy code snippet <NUM>
void dummy_function_190() { /* This is a placeholder. */ }"
DUMMY_191,"// Dummy code snippet 191
void dummy_function_191() { /* This is a placeholder. */ }",Unknown,This is a synthetic comment for dummy function 191.,es,Este es un comentario sintético para la función ficticia 191.,Synthetic,Generated_Data,this is a synthetic comment for dummy function 191,este es un comentario sintético para la función ficticia 191,"// Dummy code snippet <NUM>
void dummy_function_191() { /* This is a placeholder. */ }"
DUMMY_192,"// Dummy code snippet 192
void dummy_function_192() { /* This is a placeholder. */ }",Unknown,This is a synthetic comment for dummy function 192.,de,Dies ist ein synthetischer Kommentar für die Dummy -Funktion 192.,Synthetic,Generated_Data,this is a synthetic comment for dummy function 192,dies ist ein synthetischer kommentar für die dummy funktion 192,"// Dummy code snippet <NUM>
void dummy_function_192() { /* This is a placeholder. */ }"
DUMMY_193,"// Dummy code snippet 193
void dummy_function_193() { /* This is a placeholder. */ }",Unknown,This is a synthetic comment for dummy function 193.,te,డమ్మీ ఫంక్షన్ 193 కోసం ఇది సింథటిక్ వ్యాఖ్య.,Synthetic,Generated_Data,this is a synthetic comment for dummy function 193,డమమ ఫకషన 193 కస ఇద సథటక వయఖయ,"// Dummy code snippet <NUM>
void dummy_function_193() { /* This is a placeholder. */ }"
DUMMY_194,"// Dummy code snippet 194
void dummy_function_194() { /* This is a placeholder. */ }",Unknown,This is a synthetic comment for dummy function 194.,es,Este es un comentario sintético para la función ficticia 194.,Synthetic,Generated_Data,this is a synthetic comment for dummy function 194,este es un comentario sintético para la función ficticia 194,"// Dummy code snippet <NUM>
void dummy_function_194() { /* This is a placeholder. */ }"
DUMMY_195,"// Dummy code snippet 195
void dummy_function_195() { /* This is a placeholder. */ }",Unknown,This is a synthetic comment for dummy function 195.,kn,ಡಮ್ಮಿ ಫಂಕ್ಷನ್ 195 ರ ಸಂಶ್ಲೇಷಿತ ಕಾಮೆಂಟ್ ಇದು.,Synthetic,Generated_Data,this is a synthetic comment for dummy function 195,ಡಮಮ ಫಕಷನ 195 ರ ಸಶಲಷತ ಕಮಟ ಇದ,"// Dummy code snippet <NUM>
void dummy_function_195() { /* This is a placeholder. */ }"
DUMMY_196,"// Dummy code snippet 196
void dummy_function_196() { /* This is a placeholder. */ }",Unknown,This is a synthetic comment for dummy function 196.,en,This is a synthetic comment for dummy function 196.,Synthetic,Generated_Data,this is a synthetic comment for dummy function 196,this is a synthetic comment for dummy function 196,"// Dummy code snippet <NUM>
void dummy_function_196() { /* This is a placeholder. */ }"
DUMMY_197,"// Dummy code snippet 197
void dummy_function_197() { /* This is a placeholder. */ }",Unknown,This is a synthetic comment for dummy function 197.,es,Este es un comentario sintético para la función ficticia 197.,Synthetic,Generated_Data,this is a synthetic comment for dummy function 197,este es un comentario sintético para la función ficticia 197,"// Dummy code snippet <NUM>
void dummy_function_197() { /* This is a placeholder. */ }"
DUMMY_198,"// Dummy code snippet 198
void dummy_function_198() { /* This is a placeholder. */ }",Unknown,This is a synthetic comment for dummy function 198.,en,This is a synthetic comment for dummy function 198.,Synthetic,Generated_Data,this is a synthetic comment for dummy function 198,this is a synthetic comment for dummy function 198,"// Dummy code snippet <NUM>
void dummy_function_198() { /* This is a placeholder. */ }"
DUMMY_199,"// Dummy code snippet 199
void dummy_function_199() { /* This is a placeholder. */ }",Unknown,This is a synthetic comment for dummy function 199.,en,This is a synthetic comment for dummy function 199.,Synthetic,Generated_Data,this is a synthetic comment for dummy function 199,this is a synthetic comment for dummy function 199,"// Dummy code snippet <NUM>
void dummy_function_199() { /* This is a placeholder. */ }"
DUMMY_200,"// Dummy code snippet 200
void dummy_function_200() { /* This is a placeholder. */ }",Unknown,This is a synthetic comment for dummy function 200.,fr,Il s'agit d'un commentaire synthétique pour la fonction factice 200.,Synthetic,Generated_Data,this is a synthetic comment for dummy function 200,il sagit dun commentaire synthétique pour la fonction factice 200,"// Dummy code snippet <NUM>
void dummy_function_200() { /* This is a placeholder. */ }"
DUMMY_201,"// Dummy code snippet 201
void dummy_function_201() { /* This is a placeholder. */ }",Unknown,This is a synthetic comment for dummy function 201.,te,డమ్మీ ఫంక్షన్ 201 కోసం ఇది సింథటిక్ వ్యాఖ్య.,Synthetic,Generated_Data,this is a synthetic comment for dummy function 201,డమమ ఫకషన 201 కస ఇద సథటక వయఖయ,"// Dummy code snippet <NUM>
void dummy_function_201() { /* This is a placeholder. */ }"
DUMMY_202,"// Dummy code snippet 202
void dummy_function_202() { /* This is a placeholder. */ }",Unknown,This is a synthetic comment for dummy function 202.,fr,Ceci est un commentaire synthétique pour la fonction factice 202.,Synthetic,Generated_Data,this is a synthetic comment for dummy function 202,ceci est un commentaire synthétique pour la fonction factice 202,"// Dummy code snippet <NUM>
void dummy_function_202() { /* This is a placeholder. */ }"
DUMMY_203,"// Dummy code snippet 203
void dummy_function_203() { /* This is a placeholder. */ }",Unknown,This is a synthetic comment for dummy function 203.,hi,यह डमी फ़ंक्शन 203 के लिए एक सिंथेटिक टिप्पणी है।,Synthetic,Generated_Data,this is a synthetic comment for dummy function 203,यह डम फकशन 203 क लए एक सथटक टपपण ह,"// Dummy code snippet <NUM>
void dummy_function_203() { /* This is a placeholder. */ }"
DUMMY_204,"// Dummy code snippet 204
void dummy_function_204() { /* This is a placeholder. */ }",Unknown,This is a synthetic comment for dummy function 204.,ml,ഇത് 204 ഡമ്മി ഫംഗ്ഷനുള്ള ഒരു സിന്തറ്റിക് അഭിപ്രായമാണ്.,Synthetic,Generated_Data,this is a synthetic comment for dummy function 204,ഇത 204 ഡമമ ഫഗഷനളള ഒര സനതററക അഭപരയമണ,"// Dummy code snippet <NUM>
void dummy_function_204() { /* This is a placeholder. */ }"
DUMMY_205,"// Dummy code snippet 205
void dummy_function_205() { /* This is a placeholder. */ }",Unknown,This is a synthetic comment for dummy function 205.,de,Dies ist ein synthetischer Kommentar für die Dummy -Funktion 205.,Synthetic,Generated_Data,this is a synthetic comment for dummy function 205,dies ist ein synthetischer kommentar für die dummy funktion 205,"// Dummy code snippet <NUM>
void dummy_function_205() { /* This is a placeholder. */ }"
DUMMY_206,"// Dummy code snippet 206
void dummy_function_206() { /* This is a placeholder. */ }",Unknown,This is a synthetic comment for dummy function 206.,fr,Ceci est un commentaire synthétique pour la fonction factice 206.,Synthetic,Generated_Data,this is a synthetic comment for dummy function 206,ceci est un commentaire synthétique pour la fonction factice 206,"// Dummy code snippet <NUM>
void dummy_function_206() { /* This is a placeholder. */ }"
DUMMY_207,"// Dummy code snippet 207
void dummy_function_207() { /* This is a placeholder. */ }",Unknown,This is a synthetic comment for dummy function 207.,kn,ಇದು ಡಮ್ಮಿ ಫಂಕ್ಷನ್ 207 ಗಾಗಿ ಸಂಶ್ಲೇಷಿತ ಕಾಮೆಂಟ್ ಆಗಿದೆ.,Synthetic,Generated_Data,this is a synthetic comment for dummy function 207,ಇದ ಡಮಮ ಫಕಷನ 207 ಗಗ ಸಶಲಷತ ಕಮಟ ಆಗದ,"// Dummy code snippet <NUM>
void dummy_function_207() { /* This is a placeholder. */ }"
DUMMY_208,"// Dummy code snippet 208
void dummy_function_208() { /* This is a placeholder. */ }",Unknown,This is a synthetic comment for dummy function 208.,de,Dies ist ein synthetischer Kommentar für die Dummy -Funktion 208.,Synthetic,Generated_Data,this is a synthetic comment for dummy function 208,dies ist ein synthetischer kommentar für die dummy funktion 208,"// Dummy code snippet <NUM>
void dummy_function_208() { /* This is a placeholder. */ }"
DUMMY_209,"// Dummy code snippet 209
void dummy_function_209() { /* This is a placeholder. */ }",Unknown,This is a synthetic comment for dummy function 209.,kn,ಇದು ಡಮ್ಮಿ ಫಂಕ್ಷನ್ 209 ಗಾಗಿ ಸಂಶ್ಲೇಷಿತ ಕಾಮೆಂಟ್ ಆಗಿದೆ.,Synthetic,Generated_Data,this is a synthetic comment for dummy function 209,ಇದ ಡಮಮ ಫಕಷನ 209 ಗಗ ಸಶಲಷತ ಕಮಟ ಆಗದ,"// Dummy code snippet <NUM>
void dummy_function_209() { /* This is a placeholder. */ }"
DUMMY_210,"// Dummy code snippet 210
void dummy_function_210() { /* This is a placeholder. */ }",Unknown,This is a synthetic comment for dummy function 210.,ml,210 ഡമ്മി ഫംഗ്ഷനുള്ള ഒരു സിന്തറ്റിക് അഭിപ്രായമാണിത്.,Synthetic,Generated_Data,this is a synthetic comment for dummy function 210,210 ഡമമ ഫഗഷനളള ഒര സനതററക അഭപരയമണത,"// Dummy code snippet <NUM>
void dummy_function_210() { /* This is a placeholder. */ }"
DUMMY_211,"// Dummy code snippet 211
void dummy_function_211() { /* This is a placeholder. */ }",Unknown,This is a synthetic comment for dummy function 211.,hi,यह डमी फ़ंक्शन 211 के लिए एक सिंथेटिक टिप्पणी है।,Synthetic,Generated_Data,this is a synthetic comment for dummy function 211,यह डम फकशन 211 क लए एक सथटक टपपण ह,"// Dummy code snippet <NUM>
void dummy_function_211() { /* This is a placeholder. */ }"
DUMMY_212,"// Dummy code snippet 212
void dummy_function_212() { /* This is a placeholder. */ }",Unknown,This is a synthetic comment for dummy function 212.,ta,போலி செயல்பாடு 212 க்கான செயற்கை கருத்து இது.,Synthetic,Generated_Data,this is a synthetic comment for dummy function 212,பல சயலபட 212 ககன சயறக கரதத இத,"// Dummy code snippet <NUM>
void dummy_function_212() { /* This is a placeholder. */ }"
DUMMY_213,"// Dummy code snippet 213
void dummy_function_213() { /* This is a placeholder. */ }",Unknown,This is a synthetic comment for dummy function 213.,en,This is a synthetic comment for dummy function 213.,Synthetic,Generated_Data,this is a synthetic comment for dummy function 213,this is a synthetic comment for dummy function 213,"// Dummy code snippet <NUM>
void dummy_function_213() { /* This is a placeholder. */ }"
DUMMY_214,"// Dummy code snippet 214
void dummy_function_214() { /* This is a placeholder. */ }",Unknown,This is a synthetic comment for dummy function 214.,en,This is a synthetic comment for dummy function 214.,Synthetic,Generated_Data,this is a synthetic comment for dummy function 214,this is a synthetic comment for dummy function 214,"// Dummy code snippet <NUM>
void dummy_function_214() { /* This is a placeholder. */ }"
DUMMY_215,"// Dummy code snippet 215
void dummy_function_215() { /* This is a placeholder. */ }",Unknown,This is a synthetic comment for dummy function 215.,ta,போலி செயல்பாடு 215 க்கான செயற்கை கருத்து இது.,Synthetic,Generated_Data,this is a synthetic comment for dummy function 215,பல சயலபட 215 ககன சயறக கரதத இத,"// Dummy code snippet <NUM>
void dummy_function_215() { /* This is a placeholder. */ }"
DUMMY_216,"// Dummy code snippet 216
void dummy_function_216() { /* This is a placeholder. */ }",Unknown,This is a synthetic comment for dummy function 216.,te,ఇది డమ్మీ ఫంక్షన్ 216 కోసం సింథటిక్ వ్యాఖ్య.,Synthetic,Generated_Data,this is a synthetic comment for dummy function 216,ఇద డమమ ఫకషన 216 కస సథటక వయఖయ,"// Dummy code snippet <NUM>
void dummy_function_216() { /* This is a placeholder. */ }"
DUMMY_217,"// Dummy code snippet 217
void dummy_function_217() { /* This is a placeholder. */ }",Unknown,This is a synthetic comment for dummy function 217.,te,డమ్మీ ఫంక్షన్ 217 కోసం ఇది సింథటిక్ వ్యాఖ్య.,Synthetic,Generated_Data,this is a synthetic comment for dummy function 217,డమమ ఫకషన 217 కస ఇద సథటక వయఖయ,"// Dummy code snippet <NUM>
void dummy_function_217() { /* This is a placeholder. */ }"
DUMMY_218,"// Dummy code snippet 218
void dummy_function_218() { /* This is a placeholder. */ }",Unknown,This is a synthetic comment for dummy function 218.,en,This is a synthetic comment for dummy function 218.,Synthetic,Generated_Data,this is a synthetic comment for dummy function 218,this is a synthetic comment for dummy function 218,"// Dummy code snippet <NUM>
void dummy_function_218() { /* This is a placeholder. */ }"
DUMMY_219,"// Dummy code snippet 219
void dummy_function_219() { /* This is a placeholder. */ }",Unknown,This is a synthetic comment for dummy function 219.,ml,219 ഡമ്മി ഫംഗ്ഷനുള്ള ഒരു സിന്തറ്റിക് അഭിപ്രായമാണിത്.,Synthetic,Generated_Data,this is a synthetic comment for dummy function 219,219 ഡമമ ഫഗഷനളള ഒര സനതററക അഭപരയമണത,"// Dummy code snippet <NUM>
void dummy_function_219() { /* This is a placeholder. */ }"
DUMMY_220,"// Dummy code snippet 220
void dummy_function_220() { /* This is a placeholder. */ }",Unknown,This is a synthetic comment for dummy function 220.,hi,यह डमी फ़ंक्शन 220 के लिए एक सिंथेटिक टिप्पणी है।,Synthetic,Generated_Data,this is a synthetic comment for dummy function 220,यह डम फकशन 220 क लए एक सथटक टपपण ह,"// Dummy code snippet <NUM>
void dummy_function_220() { /* This is a placeholder. */ }"
DUMMY_221,"// Dummy code snippet 221
void dummy_function_221() { /* This is a placeholder. */ }",Unknown,This is a synthetic comment for dummy function 221.,hi,यह डमी फ़ंक्शन 221 के लिए एक सिंथेटिक टिप्पणी है।,Synthetic,Generated_Data,this is a synthetic comment for dummy function 221,यह डम फकशन 221 क लए एक सथटक टपपण ह,"// Dummy code snippet <NUM>
void dummy_function_221() { /* This is a placeholder. */ }"
DUMMY_222,"// Dummy code snippet 222
void dummy_function_222() { /* This is a placeholder. */ }",Unknown,This is a synthetic comment for dummy function 222.,de,Dies ist ein synthetischer Kommentar für die Dummy -Funktion 222.,Synthetic,Generated_Data,this is a synthetic comment for dummy function 222,dies ist ein synthetischer kommentar für die dummy funktion 222,"// Dummy code snippet <NUM>
void dummy_function_222() { /* This is a placeholder. */ }"
DUMMY_223,"// Dummy code snippet 223
void dummy_function_223() { /* This is a placeholder. */ }",Unknown,This is a synthetic comment for dummy function 223.,fr,Ceci est un commentaire synthétique pour la fonction factice 223.,Synthetic,Generated_Data,this is a synthetic comment for dummy function 223,ceci est un commentaire synthétique pour la fonction factice 223,"// Dummy code snippet <NUM>
void dummy_function_223() { /* This is a placeholder. */ }"
DUMMY_224,"// Dummy code snippet 224
void dummy_function_224() { /* This is a placeholder. */ }",Unknown,This is a synthetic comment for dummy function 224.,es,Este es un comentario sintético para la función ficticia 224.,Synthetic,Generated_Data,this is a synthetic comment for dummy function 224,este es un comentario sintético para la función ficticia 224,"// Dummy code snippet <NUM>
void dummy_function_224() { /* This is a placeholder. */ }"
DUMMY_225,"// Dummy code snippet 225
void dummy_function_225() { /* This is a placeholder. */ }",Unknown,This is a synthetic comment for dummy function 225.,fr,Ceci est un commentaire synthétique pour la fonction factice 225.,Synthetic,Generated_Data,this is a synthetic comment for dummy function 225,ceci est un commentaire synthétique pour la fonction factice 225,"// Dummy code snippet <NUM>
void dummy_function_225() { /* This is a placeholder. */ }"
DUMMY_226,"// Dummy code snippet 226
void dummy_function_226() { /* This is a placeholder. */ }",Unknown,This is a synthetic comment for dummy function 226.,it,Questo è un commento sintetico per la funzione fittizia 226.,Synthetic,Generated_Data,this is a synthetic comment for dummy function 226,questo è un commento sintetico per la funzione fittizia 226,"// Dummy code snippet <NUM>
void dummy_function_226() { /* This is a placeholder. */ }"
DUMMY_227,"// Dummy code snippet 227
void dummy_function_227() { /* This is a placeholder. */ }",Unknown,This is a synthetic comment for dummy function 227.,ml,ഇത് 4.7 ഡമ്മി ഫംഗ്ഷനുള്ള ഒരു സിന്തറ്റിക് അഭിപ്രായമാണ്.,Synthetic,Generated_Data,this is a synthetic comment for dummy function 227,ഇത 47 ഡമമ ഫഗഷനളള ഒര സനതററക അഭപരയമണ,"// Dummy code snippet <NUM>
void dummy_function_227() { /* This is a placeholder. */ }"
DUMMY_228,"// Dummy code snippet 228
void dummy_function_228() { /* This is a placeholder. */ }",Unknown,This is a synthetic comment for dummy function 228.,es,Este es un comentario sintético para la función ficticia 228.,Synthetic,Generated_Data,this is a synthetic comment for dummy function 228,este es un comentario sintético para la función ficticia 228,"// Dummy code snippet <NUM>
void dummy_function_228() { /* This is a placeholder. */ }"
DUMMY_229,"// Dummy code snippet 229
void dummy_function_229() { /* This is a placeholder. */ }",Unknown,This is a synthetic comment for dummy function 229.,ml,ഇത് ഡമ്മി ഫംഗ്ഷനുള്ള ഒരു സിന്തറ്റിക് അഭിപ്രായമാണ് 229.,Synthetic,Generated_Data,this is a synthetic comment for dummy function 229,ഇത ഡമമ ഫഗഷനളള ഒര സനതററക അഭപരയമണ 229,"// Dummy code snippet <NUM>
void dummy_function_229() { /* This is a placeholder. */ }"
DUMMY_230,"// Dummy code snippet 230
void dummy_function_230() { /* This is a placeholder. */ }",Unknown,This is a synthetic comment for dummy function 230.,it,Questo è un commento sintetico per la funzione fittizia 230.,Synthetic,Generated_Data,this is a synthetic comment for dummy function 230,questo è un commento sintetico per la funzione fittizia 230,"// Dummy code snippet <NUM>
void dummy_function_230() { /* This is a placeholder. */ }"
DUMMY_231,"// Dummy code snippet 231
void dummy_function_231() { /* This is a placeholder. */ }",Unknown,This is a synthetic comment for dummy function 231.,hi,यह डमी फ़ंक्शन 231 के लिए एक सिंथेटिक टिप्पणी है।,Synthetic,Generated_Data,this is a synthetic comment for dummy function 231,यह डम फकशन 231 क लए एक सथटक टपपण ह,"// Dummy code snippet <NUM>
void dummy_function_231() { /* This is a placeholder. */ }"
DUMMY_232,"// Dummy code snippet 232
void dummy_function_232() { /* This is a placeholder. */ }",Unknown,This is a synthetic comment for dummy function 232.,kn,ಇದು ಡಮ್ಮಿ ಫಂಕ್ಷನ್ 232 ಗಾಗಿ ಸಂಶ್ಲೇಷಿತ ಕಾಮೆಂಟ್ ಆಗಿದೆ.,Synthetic,Generated_Data,this is a synthetic comment for dummy function 232,ಇದ ಡಮಮ ಫಕಷನ 232 ಗಗ ಸಶಲಷತ ಕಮಟ ಆಗದ,"// Dummy code snippet <NUM>
void dummy_function_232() { /* This is a placeholder. */ }"
DUMMY_233,"// Dummy code snippet 233
void dummy_function_233() { /* This is a placeholder. */ }",Unknown,This is a synthetic comment for dummy function 233.,te,డమ్మీ ఫంక్షన్ 233 కోసం ఇది సింథటిక్ వ్యాఖ్య.,Synthetic,Generated_Data,this is a synthetic comment for dummy function 233,డమమ ఫకషన 233 కస ఇద సథటక వయఖయ,"// Dummy code snippet <NUM>
void dummy_function_233() { /* This is a placeholder. */ }"
DUMMY_234,"// Dummy code snippet 234
void dummy_function_234() { /* This is a placeholder. */ }",Unknown,This is a synthetic comment for dummy function 234.,fr,Ceci est un commentaire synthétique pour la fonction factice 234.,Synthetic,Generated_Data,this is a synthetic comment for dummy function 234,ceci est un commentaire synthétique pour la fonction factice 234,"// Dummy code snippet <NUM>
void dummy_function_234() { /* This is a placeholder. */ }"
DUMMY_235,"// Dummy code snippet 235
void dummy_function_235() { /* This is a placeholder. */ }",Unknown,This is a synthetic comment for dummy function 235.,es,Este es un comentario sintético para la función ficticia 235.,Synthetic,Generated_Data,this is a synthetic comment for dummy function 235,este es un comentario sintético para la función ficticia 235,"// Dummy code snippet <NUM>
void dummy_function_235() { /* This is a placeholder. */ }"
DUMMY_236,"// Dummy code snippet 236
void dummy_function_236() { /* This is a placeholder. */ }",Unknown,This is a synthetic comment for dummy function 236.,en,This is a synthetic comment for dummy function 236.,Synthetic,Generated_Data,this is a synthetic comment for dummy function 236,this is a synthetic comment for dummy function 236,"// Dummy code snippet <NUM>
void dummy_function_236() { /* This is a placeholder. */ }"
DUMMY_237,"// Dummy code snippet 237
void dummy_function_237() { /* This is a placeholder. */ }",Unknown,This is a synthetic comment for dummy function 237.,hi,यह डमी फ़ंक्शन 237 के लिए एक सिंथेटिक टिप्पणी है।,Synthetic,Generated_Data,this is a synthetic comment for dummy function 237,यह डम फकशन 237 क लए एक सथटक टपपण ह,"// Dummy code snippet <NUM>
void dummy_function_237() { /* This is a placeholder. */ }"
DUMMY_238,"// Dummy code snippet 238
void dummy_function_238() { /* This is a placeholder. */ }",Unknown,This is a synthetic comment for dummy function 238.,es,Este es un comentario sintético para la función ficticia 238.,Synthetic,Generated_Data,this is a synthetic comment for dummy function 238,este es un comentario sintético para la función ficticia 238,"// Dummy code snippet <NUM>
void dummy_function_238() { /* This is a placeholder. */ }"
DUMMY_239,"// Dummy code snippet 239
void dummy_function_239() { /* This is a placeholder. */ }",Unknown,This is a synthetic comment for dummy function 239.,de,Dies ist ein synthetischer Kommentar für die Dummy -Funktion 239.,Synthetic,Generated_Data,this is a synthetic comment for dummy function 239,dies ist ein synthetischer kommentar für die dummy funktion 239,"// Dummy code snippet <NUM>
void dummy_function_239() { /* This is a placeholder. */ }"
DUMMY_240,"// Dummy code snippet 240
void dummy_function_240() { /* This is a placeholder. */ }",Unknown,This is a synthetic comment for dummy function 240.,hi,यह डमी फ़ंक्शन 240 के लिए एक सिंथेटिक टिप्पणी है।,Synthetic,Generated_Data,this is a synthetic comment for dummy function 240,यह डम फकशन 240 क लए एक सथटक टपपण ह,"// Dummy code snippet <NUM>
void dummy_function_240() { /* This is a placeholder. */ }"
DUMMY_241,"// Dummy code snippet 241
void dummy_function_241() { /* This is a placeholder. */ }",Unknown,This is a synthetic comment for dummy function 241.,te,డమ్మీ ఫంక్షన్ 241 కోసం ఇది సింథటిక్ వ్యాఖ్య.,Synthetic,Generated_Data,this is a synthetic comment for dummy function 241,డమమ ఫకషన 241 కస ఇద సథటక వయఖయ,"// Dummy code snippet <NUM>
void dummy_function_241() { /* This is a placeholder. */ }"
DUMMY_242,"// Dummy code snippet 242
void dummy_function_242() { /* This is a placeholder. */ }",Unknown,This is a synthetic comment for dummy function 242.,es,Este es un comentario sintético para la función ficticia 242.,Synthetic,Generated_Data,this is a synthetic comment for dummy function 242,este es un comentario sintético para la función ficticia 242,"// Dummy code snippet <NUM>
void dummy_function_242() { /* This is a placeholder. */ }"
DUMMY_243,"// Dummy code snippet 243
void dummy_function_243() { /* This is a placeholder. */ }",Unknown,This is a synthetic comment for dummy function 243.,te,డమ్మీ ఫంక్షన్ 243 కోసం ఇది సింథటిక్ వ్యాఖ్య.,Synthetic,Generated_Data,this is a synthetic comment for dummy function 243,డమమ ఫకషన 243 కస ఇద సథటక వయఖయ,"// Dummy code snippet <NUM>
void dummy_function_243() { /* This is a placeholder. */ }"
DUMMY_244,"// Dummy code snippet 244
void dummy_function_244() { /* This is a placeholder. */ }",Unknown,This is a synthetic comment for dummy function 244.,kn,ಡಮ್ಮಿ ಫಂಕ್ಷನ್ 244 ಗಾಗಿ ಇದು ಸಂಶ್ಲೇಷಿತ ಕಾಮೆಂಟ್ ಆಗಿದೆ.,Synthetic,Generated_Data,this is a synthetic comment for dummy function 244,ಡಮಮ ಫಕಷನ 244 ಗಗ ಇದ ಸಶಲಷತ ಕಮಟ ಆಗದ,"// Dummy code snippet <NUM>
void dummy_function_244() { /* This is a placeholder. */ }"
DUMMY_245,"// Dummy code snippet 245
void dummy_function_245() { /* This is a placeholder. */ }",Unknown,This is a synthetic comment for dummy function 245.,de,Dies ist ein synthetischer Kommentar für die Dummy -Funktion 245.,Synthetic,Generated_Data,this is a synthetic comment for dummy function 245,dies ist ein synthetischer kommentar für die dummy funktion 245,"// Dummy code snippet <NUM>
void dummy_function_245() { /* This is a placeholder. */ }"
DUMMY_246,"// Dummy code snippet 246
void dummy_function_246() { /* This is a placeholder. */ }",Unknown,This is a synthetic comment for dummy function 246.,fr,Ceci est un commentaire synthétique pour la fonction factice 246.,Synthetic,Generated_Data,this is a synthetic comment for dummy function 246,ceci est un commentaire synthétique pour la fonction factice 246,"// Dummy code snippet <NUM>
void dummy_function_246() { /* This is a placeholder. */ }"
DUMMY_247,"// Dummy code snippet 247
void dummy_function_247() { /* This is a placeholder. */ }",Unknown,This is a synthetic comment for dummy function 247.,ta,போலி செயல்பாடு 247 க்கான செயற்கை கருத்து இது.,Synthetic,Generated_Data,this is a synthetic comment for dummy function 247,பல சயலபட 247 ககன சயறக கரதத இத,"// Dummy code snippet <NUM>
void dummy_function_247() { /* This is a placeholder. */ }"
DUMMY_248,"// Dummy code snippet 248
void dummy_function_248() { /* This is a placeholder. */ }",Unknown,This is a synthetic comment for dummy function 248.,hi,यह डमी फ़ंक्शन 248 के लिए एक सिंथेटिक टिप्पणी है।,Synthetic,Generated_Data,this is a synthetic comment for dummy function 248,यह डम फकशन 248 क लए एक सथटक टपपण ह,"// Dummy code snippet <NUM>
void dummy_function_248() { /* This is a placeholder. */ }"
DUMMY_249,"// Dummy code snippet 249
void dummy_function_249() { /* This is a placeholder. */ }",Unknown,This is a synthetic comment for dummy function 249.,hi,यह डमी फ़ंक्शन 249 के लिए एक सिंथेटिक टिप्पणी है।,Synthetic,Generated_Data,this is a synthetic comment for dummy function 249,यह डम फकशन 249 क लए एक सथटक टपपण ह,"// Dummy code snippet <NUM>
void dummy_function_249() { /* This is a placeholder. */ }"
DUMMY_250,"// Dummy code snippet 250
void dummy_function_250() { /* This is a placeholder. */ }",Unknown,This is a synthetic comment for dummy function 250.,kn,ಇದು ಡಮ್ಮಿ ಫಂಕ್ಷನ್ 250 ಗಾಗಿ ಸಂಶ್ಲೇಷಿತ ಕಾಮೆಂಟ್ ಆಗಿದೆ.,Synthetic,Generated_Data,this is a synthetic comment for dummy function 250,ಇದ ಡಮಮ ಫಕಷನ 250 ಗಗ ಸಶಲಷತ ಕಮಟ ಆಗದ,"// Dummy code snippet <NUM>
void dummy_function_250() { /* This is a placeholder. */ }"
DUMMY_251,"// Dummy code snippet 251
void dummy_function_251() { /* This is a placeholder. */ }",Unknown,This is a synthetic comment for dummy function 251.,ml,ഇതാണ് ഡമ്മി ഫംഗ്ഷൻ 251 നുള്ള ഒരു സിന്തറ്റിക് അഭിപ്രായമാണിത്.,Synthetic,Generated_Data,this is a synthetic comment for dummy function 251,ഇതണ ഡമമ ഫഗഷൻ 251 നളള ഒര സനതററക അഭപരയമണത,"// Dummy code snippet <NUM>
void dummy_function_251() { /* This is a placeholder. */ }"
DUMMY_252,"// Dummy code snippet 252
void dummy_function_252() { /* This is a placeholder. */ }",Unknown,This is a synthetic comment for dummy function 252.,hi,Translated comment for dummy function 252 in hi (translation failed).,Synthetic,Generated_Data,this is a synthetic comment for dummy function 252,translated comment for dummy function 252 in hi translation failed,"// Dummy code snippet <NUM>
void dummy_function_252() { /* This is a placeholder. */ }"
DUMMY_253,"// Dummy code snippet 253
void dummy_function_253() { /* This is a placeholder. */ }",Unknown,This is a synthetic comment for dummy function 253.,te,డమ్మీ ఫంక్షన్ 253 కోసం ఇది సింథటిక్ వ్యాఖ్య.,Synthetic,Generated_Data,this is a synthetic comment for dummy function 253,డమమ ఫకషన 253 కస ఇద సథటక వయఖయ,"// Dummy code snippet <NUM>
void dummy_function_253() { /* This is a placeholder. */ }"
DUMMY_254,"// Dummy code snippet 254
void dummy_function_254() { /* This is a placeholder. */ }",Unknown,This is a synthetic comment for dummy function 254.,it,Questo è un commento sintetico per la funzione fittizia 254.,Synthetic,Generated_Data,this is a synthetic comment for dummy function 254,questo è un commento sintetico per la funzione fittizia 254,"// Dummy code snippet <NUM>
void dummy_function_254() { /* This is a placeholder. */ }"
DUMMY_255,"// Dummy code snippet 255
void dummy_function_255() { /* This is a placeholder. */ }",Unknown,This is a synthetic comment for dummy function 255.,en,This is a synthetic comment for dummy function 255.,Synthetic,Generated_Data,this is a synthetic comment for dummy function 255,this is a synthetic comment for dummy function 255,"// Dummy code snippet <NUM>
void dummy_function_255() { /* This is a placeholder. */ }"
DUMMY_256,"// Dummy code snippet 256
void dummy_function_256() { /* This is a placeholder. */ }",Unknown,This is a synthetic comment for dummy function 256.,kn,ಇದು ಡಮ್ಮಿ ಫಂಕ್ಷನ್ 256 ಗಾಗಿ ಸಂಶ್ಲೇಷಿತ ಕಾಮೆಂಟ್ ಆಗಿದೆ.,Synthetic,Generated_Data,this is a synthetic comment for dummy function 256,ಇದ ಡಮಮ ಫಕಷನ 256 ಗಗ ಸಶಲಷತ ಕಮಟ ಆಗದ,"// Dummy code snippet <NUM>
void dummy_function_256() { /* This is a placeholder. */ }"
DUMMY_257,"// Dummy code snippet 257
void dummy_function_257() { /* This is a placeholder. */ }",Unknown,This is a synthetic comment for dummy function 257.,de,Dies ist ein synthetischer Kommentar für die Dummy -Funktion 257.,Synthetic,Generated_Data,this is a synthetic comment for dummy function 257,dies ist ein synthetischer kommentar für die dummy funktion 257,"// Dummy code snippet <NUM>
void dummy_function_257() { /* This is a placeholder. */ }"
DUMMY_258,"// Dummy code snippet 258
void dummy_function_258() { /* This is a placeholder. */ }",Unknown,This is a synthetic comment for dummy function 258.,fr,Translated comment for dummy function 258 in fr (translation failed).,Synthetic,Generated_Data,this is a synthetic comment for dummy function 258,translated comment for dummy function 258 in fr translation failed,"// Dummy code snippet <NUM>
void dummy_function_258() { /* This is a placeholder. */ }"
DUMMY_259,"// Dummy code snippet 259
void dummy_function_259() { /* This is a placeholder. */ }",Unknown,This is a synthetic comment for dummy function 259.,ta,போலி செயல்பாடு 259 க்கான செயற்கை கருத்து இது.,Synthetic,Generated_Data,this is a synthetic comment for dummy function 259,பல சயலபட 259 ககன சயறக கரதத இத,"// Dummy code snippet <NUM>
void dummy_function_259() { /* This is a placeholder. */ }"
DUMMY_260,"// Dummy code snippet 260
void dummy_function_260() { /* This is a placeholder. */ }",Unknown,This is a synthetic comment for dummy function 260.,ml,ഇത് ഡമ്മി ഫംഗ്ഷനുള്ള ഒരു സിന്തറ്റിക് അഭിപ്രായമാണ് 260.,Synthetic,Generated_Data,this is a synthetic comment for dummy function 260,ഇത ഡമമ ഫഗഷനളള ഒര സനതററക അഭപരയമണ 260,"// Dummy code snippet <NUM>
void dummy_function_260() { /* This is a placeholder. */ }"
DUMMY_261,"// Dummy code snippet 261
void dummy_function_261() { /* This is a placeholder. */ }",Unknown,This is a synthetic comment for dummy function 261.,it,Questo è un commento sintetico per la funzione fittizia 261.,Synthetic,Generated_Data,this is a synthetic comment for dummy function 261,questo è un commento sintetico per la funzione fittizia 261,"// Dummy code snippet <NUM>
void dummy_function_261() { /* This is a placeholder. */ }"
DUMMY_262,"// Dummy code snippet 262
void dummy_function_262() { /* This is a placeholder. */ }",Unknown,This is a synthetic comment for dummy function 262.,hi,यह डमी फ़ंक्शन 262 के लिए एक सिंथेटिक टिप्पणी है।,Synthetic,Generated_Data,this is a synthetic comment for dummy function 262,यह डम फकशन 262 क लए एक सथटक टपपण ह,"// Dummy code snippet <NUM>
void dummy_function_262() { /* This is a placeholder. */ }"
DUMMY_263,"// Dummy code snippet 263
void dummy_function_263() { /* This is a placeholder. */ }",Unknown,This is a synthetic comment for dummy function 263.,en,This is a synthetic comment for dummy function 263.,Synthetic,Generated_Data,this is a synthetic comment for dummy function 263,this is a synthetic comment for dummy function 263,"// Dummy code snippet <NUM>
void dummy_function_263() { /* This is a placeholder. */ }"
DUMMY_264,"// Dummy code snippet 264
void dummy_function_264() { /* This is a placeholder. */ }",Unknown,This is a synthetic comment for dummy function 264.,hi,यह डमी फ़ंक्शन 264 के लिए एक सिंथेटिक टिप्पणी है।,Synthetic,Generated_Data,this is a synthetic comment for dummy function 264,यह डम फकशन 264 क लए एक सथटक टपपण ह,"// Dummy code snippet <NUM>
void dummy_function_264() { /* This is a placeholder. */ }"
DUMMY_265,"// Dummy code snippet 265
void dummy_function_265() { /* This is a placeholder. */ }",Unknown,This is a synthetic comment for dummy function 265.,fr,Ceci est un commentaire synthétique pour la fonction factice 265.,Synthetic,Generated_Data,this is a synthetic comment for dummy function 265,ceci est un commentaire synthétique pour la fonction factice 265,"// Dummy code snippet <NUM>
void dummy_function_265() { /* This is a placeholder. */ }"
DUMMY_266,"// Dummy code snippet 266
void dummy_function_266() { /* This is a placeholder. */ }",Unknown,This is a synthetic comment for dummy function 266.,es,Este es un comentario sintético para la función ficticia 266.,Synthetic,Generated_Data,this is a synthetic comment for dummy function 266,este es un comentario sintético para la función ficticia 266,"// Dummy code snippet <NUM>
void dummy_function_266() { /* This is a placeholder. */ }"
DUMMY_267,"// Dummy code snippet 267
void dummy_function_267() { /* This is a placeholder. */ }",Unknown,This is a synthetic comment for dummy function 267.,kn,ಇದು ಡಮ್ಮಿ ಫಂಕ್ಷನ್ 267 ಗಾಗಿ ಸಂಶ್ಲೇಷಿತ ಕಾಮೆಂಟ್ ಆಗಿದೆ.,Synthetic,Generated_Data,this is a synthetic comment for dummy function 267,ಇದ ಡಮಮ ಫಕಷನ 267 ಗಗ ಸಶಲಷತ ಕಮಟ ಆಗದ,"// Dummy code snippet <NUM>
void dummy_function_267() { /* This is a placeholder. */ }"
DUMMY_268,"// Dummy code snippet 268
void dummy_function_268() { /* This is a placeholder. */ }",Unknown,This is a synthetic comment for dummy function 268.,hi,यह डमी फ़ंक्शन 268 के लिए एक सिंथेटिक टिप्पणी है।,Synthetic,Generated_Data,this is a synthetic comment for dummy function 268,यह डम फकशन 268 क लए एक सथटक टपपण ह,"// Dummy code snippet <NUM>
void dummy_function_268() { /* This is a placeholder. */ }"
DUMMY_269,"// Dummy code snippet 269
void dummy_function_269() { /* This is a placeholder. */ }",Unknown,This is a synthetic comment for dummy function 269.,it,Questo è un commento sintetico per la funzione fittizia 269.,Synthetic,Generated_Data,this is a synthetic comment for dummy function 269,questo è un commento sintetico per la funzione fittizia 269,"// Dummy code snippet <NUM>
void dummy_function_269() { /* This is a placeholder. */ }"
DUMMY_270,"// Dummy code snippet 270
void dummy_function_270() { /* This is a placeholder. */ }",Unknown,This is a synthetic comment for dummy function 270.,fr,Ceci est un commentaire synthétique pour la fonction factice 270.,Synthetic,Generated_Data,this is a synthetic comment for dummy function 270,ceci est un commentaire synthétique pour la fonction factice 270,"// Dummy code snippet <NUM>
void dummy_function_270() { /* This is a placeholder. */ }"
DUMMY_271,"// Dummy code snippet 271
void dummy_function_271() { /* This is a placeholder. */ }",Unknown,This is a synthetic comment for dummy function 271.,de,Translated comment for dummy function 271 in de (translation failed).,Synthetic,Generated_Data,this is a synthetic comment for dummy function 271,translated comment for dummy function 271 in de translation failed,"// Dummy code snippet <NUM>
void dummy_function_271() { /* This is a placeholder. */ }"
DUMMY_272,"// Dummy code snippet 272
void dummy_function_272() { /* This is a placeholder. */ }",Unknown,This is a synthetic comment for dummy function 272.,fr,Ceci est un commentaire synthétique pour la fonction factice 272.,Synthetic,Generated_Data,this is a synthetic comment for dummy function 272,ceci est un commentaire synthétique pour la fonction factice 272,"// Dummy code snippet <NUM>
void dummy_function_272() { /* This is a placeholder. */ }"
DUMMY_273,"// Dummy code snippet 273
void dummy_function_273() { /* This is a placeholder. */ }",Unknown,This is a synthetic comment for dummy function 273.,ml,ഡമ്മി ഫംഗ്ഷനുള്ള ഒരു സിന്തറ്റിക് അഭിപ്രായമാണിത് 273.,Synthetic,Generated_Data,this is a synthetic comment for dummy function 273,ഡമമ ഫഗഷനളള ഒര സനതററക അഭപരയമണത 273,"// Dummy code snippet <NUM>
void dummy_function_273() { /* This is a placeholder. */ }"
DUMMY_274,"// Dummy code snippet 274
void dummy_function_274() { /* This is a placeholder. */ }",Unknown,This is a synthetic comment for dummy function 274.,en,This is a synthetic comment for dummy function 274.,Synthetic,Generated_Data,this is a synthetic comment for dummy function 274,this is a synthetic comment for dummy function 274,"// Dummy code snippet <NUM>
void dummy_function_274() { /* This is a placeholder. */ }"
DUMMY_275,"// Dummy code snippet 275
void dummy_function_275() { /* This is a placeholder. */ }",Unknown,This is a synthetic comment for dummy function 275.,ml,ഇത് 275 ഡമ്മി ഫംഗ്ഷനുള്ള ഒരു സിന്തറ്റിക് അഭിപ്രായമാണ്.,Synthetic,Generated_Data,this is a synthetic comment for dummy function 275,ഇത 275 ഡമമ ഫഗഷനളള ഒര സനതററക അഭപരയമണ,"// Dummy code snippet <NUM>
void dummy_function_275() { /* This is a placeholder. */ }"
DUMMY_276,"// Dummy code snippet 276
void dummy_function_276() { /* This is a placeholder. */ }",Unknown,This is a synthetic comment for dummy function 276.,ml,ഇത് ഡമ്മി ഫംഗ്ഷനുള്ള ഒരു സിന്തറ്റിക് അഭിപ്രായമാണ് 276.,Synthetic,Generated_Data,this is a synthetic comment for dummy function 276,ഇത ഡമമ ഫഗഷനളള ഒര സനതററക അഭപരയമണ 276,"// Dummy code snippet <NUM>
void dummy_function_276() { /* This is a placeholder. */ }"
DUMMY_277,"// Dummy code snippet 277
void dummy_function_277() { /* This is a placeholder. */ }",Unknown,This is a synthetic comment for dummy function 277.,ta,போலி செயல்பாடு 277 க்கான செயற்கை கருத்து இது.,Synthetic,Generated_Data,this is a synthetic comment for dummy function 277,பல சயலபட 277 ககன சயறக கரதத இத,"// Dummy code snippet <NUM>
void dummy_function_277() { /* This is a placeholder. */ }"
DUMMY_278,"// Dummy code snippet 278
void dummy_function_278() { /* This is a placeholder. */ }",Unknown,This is a synthetic comment for dummy function 278.,it,Questo è un commento sintetico per la funzione fittizia 278.,Synthetic,Generated_Data,this is a synthetic comment for dummy function 278,questo è un commento sintetico per la funzione fittizia 278,"// Dummy code snippet <NUM>
void dummy_function_278() { /* This is a placeholder. */ }"
DUMMY_279,"// Dummy code snippet 279
void dummy_function_279() { /* This is a placeholder. */ }",Unknown,This is a synthetic comment for dummy function 279.,de,Dies ist ein synthetischer Kommentar für die Dummy -Funktion 279.,Synthetic,Generated_Data,this is a synthetic comment for dummy function 279,dies ist ein synthetischer kommentar für die dummy funktion 279,"// Dummy code snippet <NUM>
void dummy_function_279() { /* This is a placeholder. */ }"
DUMMY_280,"// Dummy code snippet 280
void dummy_function_280() { /* This is a placeholder. */ }",Unknown,This is a synthetic comment for dummy function 280.,fr,Ceci est un commentaire synthétique pour la fonction factice 280.,Synthetic,Generated_Data,this is a synthetic comment for dummy function 280,ceci est un commentaire synthétique pour la fonction factice 280,"// Dummy code snippet <NUM>
void dummy_function_280() { /* This is a placeholder. */ }"
DUMMY_281,"// Dummy code snippet 281
void dummy_function_281() { /* This is a placeholder. */ }",Unknown,This is a synthetic comment for dummy function 281.,de,Dies ist ein synthetischer Kommentar für die Dummy -Funktion 281.,Synthetic,Generated_Data,this is a synthetic comment for dummy function 281,dies ist ein synthetischer kommentar für die dummy funktion 281,"// Dummy code snippet <NUM>
void dummy_function_281() { /* This is a placeholder. */ }"
DUMMY_282,"// Dummy code snippet 282
void dummy_function_282() { /* This is a placeholder. */ }",Unknown,This is a synthetic comment for dummy function 282.,it,Questo è un commento sintetico per la funzione fittizia 282.,Synthetic,Generated_Data,this is a synthetic comment for dummy function 282,questo è un commento sintetico per la funzione fittizia 282,"// Dummy code snippet <NUM>
void dummy_function_282() { /* This is a placeholder. */ }"
DUMMY_283,"// Dummy code snippet 283
void dummy_function_283() { /* This is a placeholder. */ }",Unknown,This is a synthetic comment for dummy function 283.,de,Dies ist ein synthetischer Kommentar für die Dummy -Funktion 283.,Synthetic,Generated_Data,this is a synthetic comment for dummy function 283,dies ist ein synthetischer kommentar für die dummy funktion 283,"// Dummy code snippet <NUM>
void dummy_function_283() { /* This is a placeholder. */ }"
DUMMY_284,"// Dummy code snippet 284
void dummy_function_284() { /* This is a placeholder. */ }",Unknown,This is a synthetic comment for dummy function 284.,te,డమ్మీ ఫంక్షన్ 284 కోసం ఇది సింథటిక్ వ్యాఖ్య.,Synthetic,Generated_Data,this is a synthetic comment for dummy function 284,డమమ ఫకషన 284 కస ఇద సథటక వయఖయ,"// Dummy code snippet <NUM>
void dummy_function_284() { /* This is a placeholder. */ }"
DUMMY_285,"// Dummy code snippet 285
void dummy_function_285() { /* This is a placeholder. */ }",Unknown,This is a synthetic comment for dummy function 285.,ml,ഇത് ഡമ്മി ഫംഗ്ഷനുള്ള ഒരു സിന്തറ്റിക് അഭിപ്രായമാണ് 285.,Synthetic,Generated_Data,this is a synthetic comment for dummy function 285,ഇത ഡമമ ഫഗഷനളള ഒര സനതററക അഭപരയമണ 285,"// Dummy code snippet <NUM>
void dummy_function_285() { /* This is a placeholder. */ }"
DUMMY_286,"// Dummy code snippet 286
void dummy_function_286() { /* This is a placeholder. */ }",Unknown,This is a synthetic comment for dummy function 286.,kn,ಇದು ಡಮ್ಮಿ ಫಂಕ್ಷನ್ 286 ಗಾಗಿ ಸಂಶ್ಲೇಷಿತ ಕಾಮೆಂಟ್ ಆಗಿದೆ.,Synthetic,Generated_Data,this is a synthetic comment for dummy function 286,ಇದ ಡಮಮ ಫಕಷನ 286 ಗಗ ಸಶಲಷತ ಕಮಟ ಆಗದ,"// Dummy code snippet <NUM>
void dummy_function_286() { /* This is a placeholder. */ }"
DUMMY_287,"// Dummy code snippet 287
void dummy_function_287() { /* This is a placeholder. */ }",Unknown,This is a synthetic comment for dummy function 287.,ml,Translated comment for dummy function 287 in ml (translation failed).,Synthetic,Generated_Data,this is a synthetic comment for dummy function 287,translated comment for dummy function 287 in ml translation failed,"// Dummy code snippet <NUM>
void dummy_function_287() { /* This is a placeholder. */ }"
DUMMY_288,"// Dummy code snippet 288
void dummy_function_288() { /* This is a placeholder. */ }",Unknown,This is a synthetic comment for dummy function 288.,fr,Ceci est un commentaire synthétique pour la fonction factice 288.,Synthetic,Generated_Data,this is a synthetic comment for dummy function 288,ceci est un commentaire synthétique pour la fonction factice 288,"// Dummy code snippet <NUM>
void dummy_function_288() { /* This is a placeholder. */ }"
DUMMY_289,"// Dummy code snippet 289
void dummy_function_289() { /* This is a placeholder. */ }",Unknown,This is a synthetic comment for dummy function 289.,hi,Translated comment for dummy function 289 in hi (translation failed).,Synthetic,Generated_Data,this is a synthetic comment for dummy function 289,translated comment for dummy function 289 in hi translation failed,"// Dummy code snippet <NUM>
void dummy_function_289() { /* This is a placeholder. */ }"
DUMMY_290,"// Dummy code snippet 290
void dummy_function_290() { /* This is a placeholder. */ }",Unknown,This is a synthetic comment for dummy function 290.,de,Dies ist ein synthetischer Kommentar für die Dummy -Funktion 290.,Synthetic,Generated_Data,this is a synthetic comment for dummy function 290,dies ist ein synthetischer kommentar für die dummy funktion 290,"// Dummy code snippet <NUM>
void dummy_function_290() { /* This is a placeholder. */ }"
DUMMY_291,"// Dummy code snippet 291
void dummy_function_291() { /* This is a placeholder. */ }",Unknown,This is a synthetic comment for dummy function 291.,it,Translated comment for dummy function 291 in it (translation failed).,Synthetic,Generated_Data,this is a synthetic comment for dummy function 291,translated comment for dummy function 291 in it translation failed,"// Dummy code snippet <NUM>
void dummy_function_291() { /* This is a placeholder. */ }"
DUMMY_292,"// Dummy code snippet 292
void dummy_function_292() { /* This is a placeholder. */ }",Unknown,This is a synthetic comment for dummy function 292.,fr,Ceci est un commentaire synthétique pour la fonction factice 292.,Synthetic,Generated_Data,this is a synthetic comment for dummy function 292,ceci est un commentaire synthétique pour la fonction factice 292,"// Dummy code snippet <NUM>
void dummy_function_292() { /* This is a placeholder. */ }"
DUMMY_293,"// Dummy code snippet 293
void dummy_function_293() { /* This is a placeholder. */ }",Unknown,This is a synthetic comment for dummy function 293.,it,Questo è un commento sintetico per la funzione fittizia 293.,Synthetic,Generated_Data,this is a synthetic comment for dummy function 293,questo è un commento sintetico per la funzione fittizia 293,"// Dummy code snippet <NUM>
void dummy_function_293() { /* This is a placeholder. */ }"
DUMMY_294,"// Dummy code snippet 294
void dummy_function_294() { /* This is a placeholder. */ }",Unknown,This is a synthetic comment for dummy function 294.,es,Este es un comentario sintético para la función ficticia 294.,Synthetic,Generated_Data,this is a synthetic comment for dummy function 294,este es un comentario sintético para la función ficticia 294,"// Dummy code snippet <NUM>
void dummy_function_294() { /* This is a placeholder. */ }"
DUMMY_295,"// Dummy code snippet 295
void dummy_function_295() { /* This is a placeholder. */ }",Unknown,This is a synthetic comment for dummy function 295.,te,ఇది డమ్మీ ఫంక్షన్ 295 కోసం సింథటిక్ వ్యాఖ్య.,Synthetic,Generated_Data,this is a synthetic comment for dummy function 295,ఇద డమమ ఫకషన 295 కస సథటక వయఖయ,"// Dummy code snippet <NUM>
void dummy_function_295() { /* This is a placeholder. */ }"
DUMMY_296,"// Dummy code snippet 296
void dummy_function_296() { /* This is a placeholder. */ }",Unknown,This is a synthetic comment for dummy function 296.,ta,போலி செயல்பாடு 296 க்கான செயற்கை கருத்து இது.,Synthetic,Generated_Data,this is a synthetic comment for dummy function 296,பல சயலபட 296 ககன சயறக கரதத இத,"// Dummy code snippet <NUM>
void dummy_function_296() { /* This is a placeholder. */ }"
DUMMY_297,"// Dummy code snippet 297
void dummy_function_297() { /* This is a placeholder. */ }",Unknown,This is a synthetic comment for dummy function 297.,fr,Ceci est un commentaire synthétique pour la fonction factice 297.,Synthetic,Generated_Data,this is a synthetic comment for dummy function 297,ceci est un commentaire synthétique pour la fonction factice 297,"// Dummy code snippet <NUM>
void dummy_function_297() { /* This is a placeholder. */ }"
DUMMY_298,"// Dummy code snippet 298
void dummy_function_298() { /* This is a placeholder. */ }",Unknown,This is a synthetic comment for dummy function 298.,es,Este es un comentario sintético para la función ficticia 298.,Synthetic,Generated_Data,this is a synthetic comment for dummy function 298,este es un comentario sintético para la función ficticia 298,"// Dummy code snippet <NUM>
void dummy_function_298() { /* This is a placeholder. */ }"
DUMMY_299,"// Dummy code snippet 299
void dummy_function_299() { /* This is a placeholder. */ }",Unknown,This is a synthetic comment for dummy function 299.,hi,यह डमी फ़ंक्शन 299 के लिए एक सिंथेटिक टिप्पणी है।,Synthetic,Generated_Data,this is a synthetic comment for dummy function 299,यह डम फकशन 299 क लए एक सथटक टपपण ह,"// Dummy code snippet <NUM>
void dummy_function_299() { /* This is a placeholder. */ }"
DUMMY_300,"// Dummy code snippet 300
void dummy_function_300() { /* This is a placeholder. */ }",Unknown,This is a synthetic comment for dummy function 300.,ml,ഡമ്മി ഫംഗ്ഷൻ 300 നായുള്ള ഒരു സിന്തറ്റിക് അഭിപ്രായമാണിത്.,Synthetic,Generated_Data,this is a synthetic comment for dummy function 300,ഡമമ ഫഗഷൻ 300 നയളള ഒര സനതററക അഭപരയമണത,"// Dummy code snippet <NUM>
void dummy_function_300() { /* This is a placeholder. */ }"
DUMMY_301,"// Dummy code snippet 301
void dummy_function_301() { /* This is a placeholder. */ }",Unknown,This is a synthetic comment for dummy function 301.,hi,Translated comment for dummy function 301 in hi (translation failed).,Synthetic,Generated_Data,this is a synthetic comment for dummy function 301,translated comment for dummy function 301 in hi translation failed,"// Dummy code snippet <NUM>
void dummy_function_301() { /* This is a placeholder. */ }"
DUMMY_302,"// Dummy code snippet 302
void dummy_function_302() { /* This is a placeholder. */ }",Unknown,This is a synthetic comment for dummy function 302.,ml,ഡമ്മി ഫംഗ്ഷനുള്ള സിന്തറ്റിക് അഭിപ്രായമാണിത് 302.,Synthetic,Generated_Data,this is a synthetic comment for dummy function 302,ഡമമ ഫഗഷനളള സനതററക അഭപരയമണത 302,"// Dummy code snippet <NUM>
void dummy_function_302() { /* This is a placeholder. */ }"
DUMMY_303,"// Dummy code snippet 303
void dummy_function_303() { /* This is a placeholder. */ }",Unknown,This is a synthetic comment for dummy function 303.,ta,போலி செயல்பாடு 303 க்கான செயற்கை கருத்து இது.,Synthetic,Generated_Data,this is a synthetic comment for dummy function 303,பல சயலபட 303 ககன சயறக கரதத இத,"// Dummy code snippet <NUM>
void dummy_function_303() { /* This is a placeholder. */ }"
DUMMY_304,"// Dummy code snippet 304
void dummy_function_304() { /* This is a placeholder. */ }",Unknown,This is a synthetic comment for dummy function 304.,kn,ಇದು ಡಮ್ಮಿ ಫಂಕ್ಷನ್ 304 ಗಾಗಿ ಸಂಶ್ಲೇಷಿತ ಕಾಮೆಂಟ್ ಆಗಿದೆ.,Synthetic,Generated_Data,this is a synthetic comment for dummy function 304,ಇದ ಡಮಮ ಫಕಷನ 304 ಗಗ ಸಶಲಷತ ಕಮಟ ಆಗದ,"// Dummy code snippet <NUM>
void dummy_function_304() { /* This is a placeholder. */ }"
DUMMY_305,"// Dummy code snippet 305
void dummy_function_305() { /* This is a placeholder. */ }",Unknown,This is a synthetic comment for dummy function 305.,de,Dies ist ein synthetischer Kommentar für die Dummy -Funktion 305.,Synthetic,Generated_Data,this is a synthetic comment for dummy function 305,dies ist ein synthetischer kommentar für die dummy funktion 305,"// Dummy code snippet <NUM>
void dummy_function_305() { /* This is a placeholder. */ }"
DUMMY_306,"// Dummy code snippet 306
void dummy_function_306() { /* This is a placeholder. */ }",Unknown,This is a synthetic comment for dummy function 306.,ml,Translated comment for dummy function 306 in ml (translation failed).,Synthetic,Generated_Data,this is a synthetic comment for dummy function 306,translated comment for dummy function 306 in ml translation failed,"// Dummy code snippet <NUM>
void dummy_function_306() { /* This is a placeholder. */ }"
DUMMY_307,"// Dummy code snippet 307
void dummy_function_307() { /* This is a placeholder. */ }",Unknown,This is a synthetic comment for dummy function 307.,es,Este es un comentario sintético para la función ficticia 307.,Synthetic,Generated_Data,this is a synthetic comment for dummy function 307,este es un comentario sintético para la función ficticia 307,"// Dummy code snippet <NUM>
void dummy_function_307() { /* This is a placeholder. */ }"
DUMMY_308,"// Dummy code snippet 308
void dummy_function_308() { /* This is a placeholder. */ }",Unknown,This is a synthetic comment for dummy function 308.,ml,ഡമ്മി ഫംഗ്ഷനുള്ള ഒരു സിന്തറ്റിക് അഭിപ്രായമാണിത്. 308.,Synthetic,Generated_Data,this is a synthetic comment for dummy function 308,ഡമമ ഫഗഷനളള ഒര സനതററക അഭപരയമണത 308,"// Dummy code snippet <NUM>
void dummy_function_308() { /* This is a placeholder. */ }"
DUMMY_309,"// Dummy code snippet 309
void dummy_function_309() { /* This is a placeholder. */ }",Unknown,This is a synthetic comment for dummy function 309.,ta,போலி செயல்பாடு 309 க்கான செயற்கை கருத்து இது.,Synthetic,Generated_Data,this is a synthetic comment for dummy function 309,பல சயலபட 309 ககன சயறக கரதத இத,"// Dummy code snippet <NUM>
void dummy_function_309() { /* This is a placeholder. */ }"
DUMMY_310,"// Dummy code snippet 310
void dummy_function_310() { /* This is a placeholder. */ }",Unknown,This is a synthetic comment for dummy function 310.,ml,Translated comment for dummy function 310 in ml (translation failed).,Synthetic,Generated_Data,this is a synthetic comment for dummy function 310,translated comment for dummy function 310 in ml translation failed,"// Dummy code snippet <NUM>
void dummy_function_310() { /* This is a placeholder. */ }"
DUMMY_311,"// Dummy code snippet 311
void dummy_function_311() { /* This is a placeholder. */ }",Unknown,This is a synthetic comment for dummy function 311.,hi,यह डमी फ़ंक्शन 311 के लिए एक सिंथेटिक टिप्पणी है।,Synthetic,Generated_Data,this is a synthetic comment for dummy function 311,यह डम फकशन 311 क लए एक सथटक टपपण ह,"// Dummy code snippet <NUM>
void dummy_function_311() { /* This is a placeholder. */ }"
DUMMY_312,"// Dummy code snippet 312
void dummy_function_312() { /* This is a placeholder. */ }",Unknown,This is a synthetic comment for dummy function 312.,de,Dies ist ein synthetischer Kommentar für die Dummy -Funktion 312.,Synthetic,Generated_Data,this is a synthetic comment for dummy function 312,dies ist ein synthetischer kommentar für die dummy funktion 312,"// Dummy code snippet <NUM>
void dummy_function_312() { /* This is a placeholder. */ }"
DUMMY_313,"// Dummy code snippet 313
void dummy_function_313() { /* This is a placeholder. */ }",Unknown,This is a synthetic comment for dummy function 313.,fr,Ceci est un commentaire synthétique pour la fonction factice 313.,Synthetic,Generated_Data,this is a synthetic comment for dummy function 313,ceci est un commentaire synthétique pour la fonction factice 313,"// Dummy code snippet <NUM>
void dummy_function_313() { /* This is a placeholder. */ }"
DUMMY_314,"// Dummy code snippet 314
void dummy_function_314() { /* This is a placeholder. */ }",Unknown,This is a synthetic comment for dummy function 314.,te,ఇది డమ్మీ ఫంక్షన్ 314 కోసం సింథటిక్ వ్యాఖ్య.,Synthetic,Generated_Data,this is a synthetic comment for dummy function 314,ఇద డమమ ఫకషన 314 కస సథటక వయఖయ,"// Dummy code snippet <NUM>
void dummy_function_314() { /* This is a placeholder. */ }"
DUMMY_315,"// Dummy code snippet 315
void dummy_function_315() { /* This is a placeholder. */ }",Unknown,This is a synthetic comment for dummy function 315.,ml,315 ഡമ്മി ഫംഗ്ഷനുള്ള ഒരു സിന്തറ്റിക് അഭിപ്രായമാണിത്.,Synthetic,Generated_Data,this is a synthetic comment for dummy function 315,315 ഡമമ ഫഗഷനളള ഒര സനതററക അഭപരയമണത,"// Dummy code snippet <NUM>
void dummy_function_315() { /* This is a placeholder. */ }"
DUMMY_316,"// Dummy code snippet 316
void dummy_function_316() { /* This is a placeholder. */ }",Unknown,This is a synthetic comment for dummy function 316.,fr,Ceci est un commentaire synthétique pour la fonction factice 316.,Synthetic,Generated_Data,this is a synthetic comment for dummy function 316,ceci est un commentaire synthétique pour la fonction factice 316,"// Dummy code snippet <NUM>
void dummy_function_316() { /* This is a placeholder. */ }"
DUMMY_317,"// Dummy code snippet 317
void dummy_function_317() { /* This is a placeholder. */ }",Unknown,This is a synthetic comment for dummy function 317.,en,This is a synthetic comment for dummy function 317.,Synthetic,Generated_Data,this is a synthetic comment for dummy function 317,this is a synthetic comment for dummy function 317,"// Dummy code snippet <NUM>
void dummy_function_317() { /* This is a placeholder. */ }"
DUMMY_318,"// Dummy code snippet 318
void dummy_function_318() { /* This is a placeholder. */ }",Unknown,This is a synthetic comment for dummy function 318.,kn,ಇದು ಡಮ್ಮಿ ಫಂಕ್ಷನ್ 318 ಗಾಗಿ ಸಂಶ್ಲೇಷಿತ ಕಾಮೆಂಟ್ ಆಗಿದೆ.,Synthetic,Generated_Data,this is a synthetic comment for dummy function 318,ಇದ ಡಮಮ ಫಕಷನ 318 ಗಗ ಸಶಲಷತ ಕಮಟ ಆಗದ,"// Dummy code snippet <NUM>
void dummy_function_318() { /* This is a placeholder. */ }"
DUMMY_319,"// Dummy code snippet 319
void dummy_function_319() { /* This is a placeholder. */ }",Unknown,This is a synthetic comment for dummy function 319.,ta,போலி செயல்பாடு 319 க்கான செயற்கை கருத்து இது.,Synthetic,Generated_Data,this is a synthetic comment for dummy function 319,பல சயலபட 319 ககன சயறக கரதத இத,"// Dummy code snippet <NUM>
void dummy_function_319() { /* This is a placeholder. */ }"
DUMMY_320,"// Dummy code snippet 320
void dummy_function_320() { /* This is a placeholder. */ }",Unknown,This is a synthetic comment for dummy function 320.,te,ఇది డమ్మీ ఫంక్షన్ 320 కోసం సింథటిక్ వ్యాఖ్య.,Synthetic,Generated_Data,this is a synthetic comment for dummy function 320,ఇద డమమ ఫకషన 320 కస సథటక వయఖయ,"// Dummy code snippet <NUM>
void dummy_function_320() { /* This is a placeholder. */ }"
DUMMY_321,"// Dummy code snippet 321
void dummy_function_321() { /* This is a placeholder. */ }",Unknown,This is a synthetic comment for dummy function 321.,en,This is a synthetic comment for dummy function 321.,Synthetic,Generated_Data,this is a synthetic comment for dummy function 321,this is a synthetic comment for dummy function 321,"// Dummy code snippet <NUM>
void dummy_function_321() { /* This is a placeholder. */ }"
DUMMY_322,"// Dummy code snippet 322
void dummy_function_322() { /* This is a placeholder. */ }",Unknown,This is a synthetic comment for dummy function 322.,hi,यह डमी फ़ंक्शन 322 के लिए एक सिंथेटिक टिप्पणी है।,Synthetic,Generated_Data,this is a synthetic comment for dummy function 322,यह डम फकशन 322 क लए एक सथटक टपपण ह,"// Dummy code snippet <NUM>
void dummy_function_322() { /* This is a placeholder. */ }"
DUMMY_323,"// Dummy code snippet 323
void dummy_function_323() { /* This is a placeholder. */ }",Unknown,This is a synthetic comment for dummy function 323.,ml,ഇത് 323 ഡമ്മി ഫംഗ്ഷനുള്ള ഒരു സിന്തറ്റിക് അഭിപ്രായമാണ്.,Synthetic,Generated_Data,this is a synthetic comment for dummy function 323,ഇത 323 ഡമമ ഫഗഷനളള ഒര സനതററക അഭപരയമണ,"// Dummy code snippet <NUM>
void dummy_function_323() { /* This is a placeholder. */ }"
DUMMY_324,"// Dummy code snippet 324
void dummy_function_324() { /* This is a placeholder. */ }",Unknown,This is a synthetic comment for dummy function 324.,it,Questo è un commento sintetico per la funzione fittizia 324.,Synthetic,Generated_Data,this is a synthetic comment for dummy function 324,questo è un commento sintetico per la funzione fittizia 324,"// Dummy code snippet <NUM>
void dummy_function_324() { /* This is a placeholder. */ }"
DUMMY_325,"// Dummy code snippet 325
void dummy_function_325() { /* This is a placeholder. */ }",Unknown,This is a synthetic comment for dummy function 325.,fr,Ceci est un commentaire synthétique pour la fonction factice 325.,Synthetic,Generated_Data,this is a synthetic comment for dummy function 325,ceci est un commentaire synthétique pour la fonction factice 325,"// Dummy code snippet <NUM>
void dummy_function_325() { /* This is a placeholder. */ }"
DUMMY_326,"// Dummy code snippet 326
void dummy_function_326() { /* This is a placeholder. */ }",Unknown,This is a synthetic comment for dummy function 326.,it,Questo è un commento sintetico per la funzione fittizia 326.,Synthetic,Generated_Data,this is a synthetic comment for dummy function 326,questo è un commento sintetico per la funzione fittizia 326,"// Dummy code snippet <NUM>
void dummy_function_326() { /* This is a placeholder. */ }"
DUMMY_327,"// Dummy code snippet 327
void dummy_function_327() { /* This is a placeholder. */ }",Unknown,This is a synthetic comment for dummy function 327.,de,Dies ist ein synthetischer Kommentar für die Dummy -Funktion 327.,Synthetic,Generated_Data,this is a synthetic comment for dummy function 327,dies ist ein synthetischer kommentar für die dummy funktion 327,"// Dummy code snippet <NUM>
void dummy_function_327() { /* This is a placeholder. */ }"
DUMMY_328,"// Dummy code snippet 328
void dummy_function_328() { /* This is a placeholder. */ }",Unknown,This is a synthetic comment for dummy function 328.,en,This is a synthetic comment for dummy function 328.,Synthetic,Generated_Data,this is a synthetic comment for dummy function 328,this is a synthetic comment for dummy function 328,"// Dummy code snippet <NUM>
void dummy_function_328() { /* This is a placeholder. */ }"
DUMMY_329,"// Dummy code snippet 329
void dummy_function_329() { /* This is a placeholder. */ }",Unknown,This is a synthetic comment for dummy function 329.,kn,Translated comment for dummy function 329 in kn (translation failed).,Synthetic,Generated_Data,this is a synthetic comment for dummy function 329,translated comment for dummy function 329 in kn translation failed,"// Dummy code snippet <NUM>
void dummy_function_329() { /* This is a placeholder. */ }"
DUMMY_330,"// Dummy code snippet 330
void dummy_function_330() { /* This is a placeholder. */ }",Unknown,This is a synthetic comment for dummy function 330.,kn,Translated comment for dummy function 330 in kn (translation failed).,Synthetic,Generated_Data,this is a synthetic comment for dummy function 330,translated comment for dummy function 330 in kn translation failed,"// Dummy code snippet <NUM>
void dummy_function_330() { /* This is a placeholder. */ }"
DUMMY_331,"// Dummy code snippet 331
void dummy_function_331() { /* This is a placeholder. */ }",Unknown,This is a synthetic comment for dummy function 331.,fr,Ceci est un commentaire synthétique pour la fonction factice 331.,Synthetic,Generated_Data,this is a synthetic comment for dummy function 331,ceci est un commentaire synthétique pour la fonction factice 331,"// Dummy code snippet <NUM>
void dummy_function_331() { /* This is a placeholder. */ }"
DUMMY_332,"// Dummy code snippet 332
void dummy_function_332() { /* This is a placeholder. */ }",Unknown,This is a synthetic comment for dummy function 332.,en,This is a synthetic comment for dummy function 332.,Synthetic,Generated_Data,this is a synthetic comment for dummy function 332,this is a synthetic comment for dummy function 332,"// Dummy code snippet <NUM>
void dummy_function_332() { /* This is a placeholder. */ }"
DUMMY_333,"// Dummy code snippet 333
void dummy_function_333() { /* This is a placeholder. */ }",Unknown,This is a synthetic comment for dummy function 333.,es,Este es un comentario sintético para la función ficticia 333.,Synthetic,Generated_Data,this is a synthetic comment for dummy function 333,este es un comentario sintético para la función ficticia 333,"// Dummy code snippet <NUM>
void dummy_function_333() { /* This is a placeholder. */ }"
DUMMY_334,"// Dummy code snippet 334
void dummy_function_334() { /* This is a placeholder. */ }",Unknown,This is a synthetic comment for dummy function 334.,te,ఇది డమ్మీ ఫంక్షన్ 334 కోసం సింథటిక్ వ్యాఖ్య.,Synthetic,Generated_Data,this is a synthetic comment for dummy function 334,ఇద డమమ ఫకషన 334 కస సథటక వయఖయ,"// Dummy code snippet <NUM>
void dummy_function_334() { /* This is a placeholder. */ }"
DUMMY_335,"// Dummy code snippet 335
void dummy_function_335() { /* This is a placeholder. */ }",Unknown,This is a synthetic comment for dummy function 335.,ml,ഇത് 335 ഡമ്മി ഫംഗ്ഷനുള്ള ഒരു സിന്തറ്റിക് അഭിപ്രായമാണ്.,Synthetic,Generated_Data,this is a synthetic comment for dummy function 335,ഇത 335 ഡമമ ഫഗഷനളള ഒര സനതററക അഭപരയമണ,"// Dummy code snippet <NUM>
void dummy_function_335() { /* This is a placeholder. */ }"
DUMMY_336,"// Dummy code snippet 336
void dummy_function_336() { /* This is a placeholder. */ }",Unknown,This is a synthetic comment for dummy function 336.,de,Dies ist ein synthetischer Kommentar für die Dummy -Funktion 336.,Synthetic,Generated_Data,this is a synthetic comment for dummy function 336,dies ist ein synthetischer kommentar für die dummy funktion 336,"// Dummy code snippet <NUM>
void dummy_function_336() { /* This is a placeholder. */ }"
DUMMY_337,"// Dummy code snippet 337
void dummy_function_337() { /* This is a placeholder. */ }",Unknown,This is a synthetic comment for dummy function 337.,es,Este es un comentario sintético para la función ficticia 337.,Synthetic,Generated_Data,this is a synthetic comment for dummy function 337,este es un comentario sintético para la función ficticia 337,"// Dummy code snippet <NUM>
void dummy_function_337() { /* This is a placeholder. */ }"
DUMMY_338,"// Dummy code snippet 338
void dummy_function_338() { /* This is a placeholder. */ }",Unknown,This is a synthetic comment for dummy function 338.,fr,Ceci est un commentaire synthétique pour la fonction factice 338.,Synthetic,Generated_Data,this is a synthetic comment for dummy function 338,ceci est un commentaire synthétique pour la fonction factice 338,"// Dummy code snippet <NUM>
void dummy_function_338() { /* This is a placeholder. */ }"
DUMMY_339,"// Dummy code snippet 339
void dummy_function_339() { /* This is a placeholder. */ }",Unknown,This is a synthetic comment for dummy function 339.,kn,ಇದು ಡಮ್ಮಿ ಫಂಕ್ಷನ್ 339 ಗಾಗಿ ಸಂಶ್ಲೇಷಿತ ಕಾಮೆಂಟ್ ಆಗಿದೆ.,Synthetic,Generated_Data,this is a synthetic comment for dummy function 339,ಇದ ಡಮಮ ಫಕಷನ 339 ಗಗ ಸಶಲಷತ ಕಮಟ ಆಗದ,"// Dummy code snippet <NUM>
void dummy_function_339() { /* This is a placeholder. */ }"
DUMMY_340,"// Dummy code snippet 340
void dummy_function_340() { /* This is a placeholder. */ }",Unknown,This is a synthetic comment for dummy function 340.,ta,போலி செயல்பாடு 340 க்கான செயற்கை கருத்து இது.,Synthetic,Generated_Data,this is a synthetic comment for dummy function 340,பல சயலபட 340 ககன சயறக கரதத இத,"// Dummy code snippet <NUM>
void dummy_function_340() { /* This is a placeholder. */ }"
DUMMY_341,"// Dummy code snippet 341
void dummy_function_341() { /* This is a placeholder. */ }",Unknown,This is a synthetic comment for dummy function 341.,hi,यह डमी फ़ंक्शन 341 के लिए एक सिंथेटिक टिप्पणी है।,Synthetic,Generated_Data,this is a synthetic comment for dummy function 341,यह डम फकशन 341 क लए एक सथटक टपपण ह,"// Dummy code snippet <NUM>
void dummy_function_341() { /* This is a placeholder. */ }"
DUMMY_342,"// Dummy code snippet 342
void dummy_function_342() { /* This is a placeholder. */ }",Unknown,This is a synthetic comment for dummy function 342.,en,This is a synthetic comment for dummy function 342.,Synthetic,Generated_Data,this is a synthetic comment for dummy function 342,this is a synthetic comment for dummy function 342,"// Dummy code snippet <NUM>
void dummy_function_342() { /* This is a placeholder. */ }"
DUMMY_343,"// Dummy code snippet 343
void dummy_function_343() { /* This is a placeholder. */ }",Unknown,This is a synthetic comment for dummy function 343.,kn,ಇದು ಡಮ್ಮಿ ಫಂಕ್ಷನ್ 343 ಗಾಗಿ ಸಂಶ್ಲೇಷಿತ ಕಾಮೆಂಟ್ ಆಗಿದೆ.,Synthetic,Generated_Data,this is a synthetic comment for dummy function 343,ಇದ ಡಮಮ ಫಕಷನ 343 ಗಗ ಸಶಲಷತ ಕಮಟ ಆಗದ,"// Dummy code snippet <NUM>
void dummy_function_343() { /* This is a placeholder. */ }"
DUMMY_344,"// Dummy code snippet 344
void dummy_function_344() { /* This is a placeholder. */ }",Unknown,This is a synthetic comment for dummy function 344.,es,Este es un comentario sintético para la función ficticia 344.,Synthetic,Generated_Data,this is a synthetic comment for dummy function 344,este es un comentario sintético para la función ficticia 344,"// Dummy code snippet <NUM>
void dummy_function_344() { /* This is a placeholder. */ }"
DUMMY_345,"// Dummy code snippet 345
void dummy_function_345() { /* This is a placeholder. */ }",Unknown,This is a synthetic comment for dummy function 345.,ta,போலி செயல்பாடு 345 க்கான செயற்கை கருத்து இது.,Synthetic,Generated_Data,this is a synthetic comment for dummy function 345,பல சயலபட 345 ககன சயறக கரதத இத,"// Dummy code snippet <NUM>
void dummy_function_345() { /* This is a placeholder. */ }"
DUMMY_346,"// Dummy code snippet 346
void dummy_function_346() { /* This is a placeholder. */ }",Unknown,This is a synthetic comment for dummy function 346.,it,Questo è un commento sintetico per la funzione fittizia 346.,Synthetic,Generated_Data,this is a synthetic comment for dummy function 346,questo è un commento sintetico per la funzione fittizia 346,"// Dummy code snippet <NUM>
void dummy_function_346() { /* This is a placeholder. */ }"
DUMMY_347,"// Dummy code snippet 347
void dummy_function_347() { /* This is a placeholder. */ }",Unknown,This is a synthetic comment for dummy function 347.,hi,यह डमी फ़ंक्शन 347 के लिए एक सिंथेटिक टिप्पणी है।,Synthetic,Generated_Data,this is a synthetic comment for dummy function 347,यह डम फकशन 347 क लए एक सथटक टपपण ह,"// Dummy code snippet <NUM>
void dummy_function_347() { /* This is a placeholder. */ }"
DUMMY_348,"// Dummy code snippet 348
void dummy_function_348() { /* This is a placeholder. */ }",Unknown,This is a synthetic comment for dummy function 348.,fr,Ceci est un commentaire synthétique pour la fonction factice 348.,Synthetic,Generated_Data,this is a synthetic comment for dummy function 348,ceci est un commentaire synthétique pour la fonction factice 348,"// Dummy code snippet <NUM>
void dummy_function_348() { /* This is a placeholder. */ }"
DUMMY_349,"// Dummy code snippet 349
void dummy_function_349() { /* This is a placeholder. */ }",Unknown,This is a synthetic comment for dummy function 349.,es,Translated comment for dummy function 349 in es (translation failed).,Synthetic,Generated_Data,this is a synthetic comment for dummy function 349,translated comment for dummy function 349 in es translation failed,"// Dummy code snippet <NUM>
void dummy_function_349() { /* This is a placeholder. */ }"
DUMMY_350,"// Dummy code snippet 350
void dummy_function_350() { /* This is a placeholder. */ }",Unknown,This is a synthetic comment for dummy function 350.,fr,Ceci est un commentaire synthétique pour la fonction factice 350.,Synthetic,Generated_Data,this is a synthetic comment for dummy function 350,ceci est un commentaire synthétique pour la fonction factice 350,"// Dummy code snippet <NUM>
void dummy_function_350() { /* This is a placeholder. */ }"
DUMMY_351,"// Dummy code snippet 351
void dummy_function_351() { /* This is a placeholder. */ }",Unknown,This is a synthetic comment for dummy function 351.,hi,यह डमी फ़ंक्शन 351 के लिए एक सिंथेटिक टिप्पणी है।,Synthetic,Generated_Data,this is a synthetic comment for dummy function 351,यह डम फकशन 351 क लए एक सथटक टपपण ह,"// Dummy code snippet <NUM>
void dummy_function_351() { /* This is a placeholder. */ }"
DUMMY_352,"// Dummy code snippet 352
void dummy_function_352() { /* This is a placeholder. */ }",Unknown,This is a synthetic comment for dummy function 352.,hi,Translated comment for dummy function 352 in hi (translation failed).,Synthetic,Generated_Data,this is a synthetic comment for dummy function 352,translated comment for dummy function 352 in hi translation failed,"// Dummy code snippet <NUM>
void dummy_function_352() { /* This is a placeholder. */ }"
DUMMY_353,"// Dummy code snippet 353
void dummy_function_353() { /* This is a placeholder. */ }",Unknown,This is a synthetic comment for dummy function 353.,fr,Ceci est un commentaire synthétique pour la fonction factice 353.,Synthetic,Generated_Data,this is a synthetic comment for dummy function 353,ceci est un commentaire synthétique pour la fonction factice 353,"// Dummy code snippet <NUM>
void dummy_function_353() { /* This is a placeholder. */ }"
DUMMY_354,"// Dummy code snippet 354
void dummy_function_354() { /* This is a placeholder. */ }",Unknown,This is a synthetic comment for dummy function 354.,en,This is a synthetic comment for dummy function 354.,Synthetic,Generated_Data,this is a synthetic comment for dummy function 354,this is a synthetic comment for dummy function 354,"// Dummy code snippet <NUM>
void dummy_function_354() { /* This is a placeholder. */ }"
DUMMY_355,"// Dummy code snippet 355
void dummy_function_355() { /* This is a placeholder. */ }",Unknown,This is a synthetic comment for dummy function 355.,kn,ಇದು ಡಮ್ಮಿ ಫಂಕ್ಷನ್ 355 ಗಾಗಿ ಸಂಶ್ಲೇಷಿತ ಕಾಮೆಂಟ್ ಆಗಿದೆ.,Synthetic,Generated_Data,this is a synthetic comment for dummy function 355,ಇದ ಡಮಮ ಫಕಷನ 355 ಗಗ ಸಶಲಷತ ಕಮಟ ಆಗದ,"// Dummy code snippet <NUM>
void dummy_function_355() { /* This is a placeholder. */ }"
DUMMY_356,"// Dummy code snippet 356
void dummy_function_356() { /* This is a placeholder. */ }",Unknown,This is a synthetic comment for dummy function 356.,es,Este es un comentario sintético para la función ficticia 356.,Synthetic,Generated_Data,this is a synthetic comment for dummy function 356,este es un comentario sintético para la función ficticia 356,"// Dummy code snippet <NUM>
void dummy_function_356() { /* This is a placeholder. */ }"
DUMMY_357,"// Dummy code snippet 357
void dummy_function_357() { /* This is a placeholder. */ }",Unknown,This is a synthetic comment for dummy function 357.,es,Este es un comentario sintético para la función ficticia 357.,Synthetic,Generated_Data,this is a synthetic comment for dummy function 357,este es un comentario sintético para la función ficticia 357,"// Dummy code snippet <NUM>
void dummy_function_357() { /* This is a placeholder. */ }"
DUMMY_358,"// Dummy code snippet 358
void dummy_function_358() { /* This is a placeholder. */ }",Unknown,This is a synthetic comment for dummy function 358.,hi,Translated comment for dummy function 358 in hi (translation failed).,Synthetic,Generated_Data,this is a synthetic comment for dummy function 358,translated comment for dummy function 358 in hi translation failed,"// Dummy code snippet <NUM>
void dummy_function_358() { /* This is a placeholder. */ }"
DUMMY_359,"// Dummy code snippet 359
void dummy_function_359() { /* This is a placeholder. */ }",Unknown,This is a synthetic comment for dummy function 359.,it,Questo è un commento sintetico per la funzione fittizia 359.,Synthetic,Generated_Data,this is a synthetic comment for dummy function 359,questo è un commento sintetico per la funzione fittizia 359,"// Dummy code snippet <NUM>
void dummy_function_359() { /* This is a placeholder. */ }"
DUMMY_360,"// Dummy code snippet 360
void dummy_function_360() { /* This is a placeholder. */ }",Unknown,This is a synthetic comment for dummy function 360.,de,Dies ist ein synthetischer Kommentar für die Dummy -Funktion 360.,Synthetic,Generated_Data,this is a synthetic comment for dummy function 360,dies ist ein synthetischer kommentar für die dummy funktion 360,"// Dummy code snippet <NUM>
void dummy_function_360() { /* This is a placeholder. */ }"
DUMMY_361,"// Dummy code snippet 361
void dummy_function_361() { /* This is a placeholder. */ }",Unknown,This is a synthetic comment for dummy function 361.,ta,போலி செயல்பாடு 361 க்கான செயற்கை கருத்து இது.,Synthetic,Generated_Data,this is a synthetic comment for dummy function 361,பல சயலபட 361 ககன சயறக கரதத இத,"// Dummy code snippet <NUM>
void dummy_function_361() { /* This is a placeholder. */ }"
DUMMY_362,"// Dummy code snippet 362
void dummy_function_362() { /* This is a placeholder. */ }",Unknown,This is a synthetic comment for dummy function 362.,kn,ಇದು ಡಮ್ಮಿ ಫಂಕ್ಷನ್ 362 ಗಾಗಿ ಸಂಶ್ಲೇಷಿತ ಕಾಮೆಂಟ್ ಆಗಿದೆ.,Synthetic,Generated_Data,this is a synthetic comment for dummy function 362,ಇದ ಡಮಮ ಫಕಷನ 362 ಗಗ ಸಶಲಷತ ಕಮಟ ಆಗದ,"// Dummy code snippet <NUM>
void dummy_function_362() { /* This is a placeholder. */ }"
DUMMY_363,"// Dummy code snippet 363
void dummy_function_363() { /* This is a placeholder. */ }",Unknown,This is a synthetic comment for dummy function 363.,de,Dies ist ein synthetischer Kommentar für die Dummy -Funktion 363.,Synthetic,Generated_Data,this is a synthetic comment for dummy function 363,dies ist ein synthetischer kommentar für die dummy funktion 363,"// Dummy code snippet <NUM>
void dummy_function_363() { /* This is a placeholder. */ }"
DUMMY_364,"// Dummy code snippet 364
void dummy_function_364() { /* This is a placeholder. */ }",Unknown,This is a synthetic comment for dummy function 364.,ml,ഇതാണ് 364 ഡമ്മി ഫംഗ്ഷനുള്ള ഒരു സിന്തറ്റിക് അഭിപ്രായമാണിത്.,Synthetic,Generated_Data,this is a synthetic comment for dummy function 364,ഇതണ 364 ഡമമ ഫഗഷനളള ഒര സനതററക അഭപരയമണത,"// Dummy code snippet <NUM>
void dummy_function_364() { /* This is a placeholder. */ }"
DUMMY_365,"// Dummy code snippet 365
void dummy_function_365() { /* This is a placeholder. */ }",Unknown,This is a synthetic comment for dummy function 365.,es,Este es un comentario sintético para la función ficticia 365.,Synthetic,Generated_Data,this is a synthetic comment for dummy function 365,este es un comentario sintético para la función ficticia 365,"// Dummy code snippet <NUM>
void dummy_function_365() { /* This is a placeholder. */ }"
DUMMY_366,"// Dummy code snippet 366
void dummy_function_366() { /* This is a placeholder. */ }",Unknown,This is a synthetic comment for dummy function 366.,es,Este es un comentario sintético para la función ficticia 366.,Synthetic,Generated_Data,this is a synthetic comment for dummy function 366,este es un comentario sintético para la función ficticia 366,"// Dummy code snippet <NUM>
void dummy_function_366() { /* This is a placeholder. */ }"
DUMMY_367,"// Dummy code snippet 367
void dummy_function_367() { /* This is a placeholder. */ }",Unknown,This is a synthetic comment for dummy function 367.,es,Este es un comentario sintético para la función ficticia 367.,Synthetic,Generated_Data,this is a synthetic comment for dummy function 367,este es un comentario sintético para la función ficticia 367,"// Dummy code snippet <NUM>
void dummy_function_367() { /* This is a placeholder. */ }"
DUMMY_368,"// Dummy code snippet 368
void dummy_function_368() { /* This is a placeholder. */ }",Unknown,This is a synthetic comment for dummy function 368.,it,Questo è un commento sintetico per la funzione fittizia 368.,Synthetic,Generated_Data,this is a synthetic comment for dummy function 368,questo è un commento sintetico per la funzione fittizia 368,"// Dummy code snippet <NUM>
void dummy_function_368() { /* This is a placeholder. */ }"
DUMMY_369,"// Dummy code snippet 369
void dummy_function_369() { /* This is a placeholder. */ }",Unknown,This is a synthetic comment for dummy function 369.,ta,போலி செயல்பாடு 369 க்கான செயற்கை கருத்து இது.,Synthetic,Generated_Data,this is a synthetic comment for dummy function 369,பல சயலபட 369 ககன சயறக கரதத இத,"// Dummy code snippet <NUM>
void dummy_function_369() { /* This is a placeholder. */ }"
DUMMY_370,"// Dummy code snippet 370
void dummy_function_370() { /* This is a placeholder. */ }",Unknown,This is a synthetic comment for dummy function 370.,ta,போலி செயல்பாடு 370 க்கான செயற்கை கருத்து இது.,Synthetic,Generated_Data,this is a synthetic comment for dummy function 370,பல சயலபட 370 ககன சயறக கரதத இத,"// Dummy code snippet <NUM>
void dummy_function_370() { /* This is a placeholder. */ }"
DUMMY_371,"// Dummy code snippet 371
void dummy_function_371() { /* This is a placeholder. */ }",Unknown,This is a synthetic comment for dummy function 371.,it,Questo è un commento sintetico per la funzione fittizia 371.,Synthetic,Generated_Data,this is a synthetic comment for dummy function 371,questo è un commento sintetico per la funzione fittizia 371,"// Dummy code snippet <NUM>
void dummy_function_371() { /* This is a placeholder. */ }"
DUMMY_372,"// Dummy code snippet 372
void dummy_function_372() { /* This is a placeholder. */ }",Unknown,This is a synthetic comment for dummy function 372.,fr,Ceci est un commentaire synthétique pour la fonction factice 372.,Synthetic,Generated_Data,this is a synthetic comment for dummy function 372,ceci est un commentaire synthétique pour la fonction factice 372,"// Dummy code snippet <NUM>
void dummy_function_372() { /* This is a placeholder. */ }"
DUMMY_373,"// Dummy code snippet 373
void dummy_function_373() { /* This is a placeholder. */ }",Unknown,This is a synthetic comment for dummy function 373.,en,This is a synthetic comment for dummy function 373.,Synthetic,Generated_Data,this is a synthetic comment for dummy function 373,this is a synthetic comment for dummy function 373,"// Dummy code snippet <NUM>
void dummy_function_373() { /* This is a placeholder. */ }"
DUMMY_374,"// Dummy code snippet 374
void dummy_function_374() { /* This is a placeholder. */ }",Unknown,This is a synthetic comment for dummy function 374.,es,Este es un comentario sintético para la función ficticia 374.,Synthetic,Generated_Data,this is a synthetic comment for dummy function 374,este es un comentario sintético para la función ficticia 374,"// Dummy code snippet <NUM>
void dummy_function_374() { /* This is a placeholder. */ }"
DUMMY_375,"// Dummy code snippet 375
void dummy_function_375() { /* This is a placeholder. */ }",Unknown,This is a synthetic comment for dummy function 375.,ta,போலி செயல்பாடு 375 க்கான செயற்கை கருத்து இது.,Synthetic,Generated_Data,this is a synthetic comment for dummy function 375,பல சயலபட 375 ககன சயறக கரதத இத,"// Dummy code snippet <NUM>
void dummy_function_375() { /* This is a placeholder. */ }"
DUMMY_376,"// Dummy code snippet 376
void dummy_function_376() { /* This is a placeholder. */ }",Unknown,This is a synthetic comment for dummy function 376.,hi,यह डमी फ़ंक्शन 376 के लिए एक सिंथेटिक टिप्पणी है।,Synthetic,Generated_Data,this is a synthetic comment for dummy function 376,यह डम फकशन 376 क लए एक सथटक टपपण ह,"// Dummy code snippet <NUM>
void dummy_function_376() { /* This is a placeholder. */ }"
DUMMY_377,"// Dummy code snippet 377
void dummy_function_377() { /* This is a placeholder. */ }",Unknown,This is a synthetic comment for dummy function 377.,de,Dies ist ein synthetischer Kommentar für die Dummy -Funktion 377.,Synthetic,Generated_Data,this is a synthetic comment for dummy function 377,dies ist ein synthetischer kommentar für die dummy funktion 377,"// Dummy code snippet <NUM>
void dummy_function_377() { /* This is a placeholder. */ }"
DUMMY_378,"// Dummy code snippet 378
void dummy_function_378() { /* This is a placeholder. */ }",Unknown,This is a synthetic comment for dummy function 378.,hi,यह डमी फ़ंक्शन 378 के लिए एक सिंथेटिक टिप्पणी है।,Synthetic,Generated_Data,this is a synthetic comment for dummy function 378,यह डम फकशन 378 क लए एक सथटक टपपण ह,"// Dummy code snippet <NUM>
void dummy_function_378() { /* This is a placeholder. */ }"
DUMMY_379,"// Dummy code snippet 379
void dummy_function_379() { /* This is a placeholder. */ }",Unknown,This is a synthetic comment for dummy function 379.,de,Dies ist ein synthetischer Kommentar für die Dummy -Funktion 379.,Synthetic,Generated_Data,this is a synthetic comment for dummy function 379,dies ist ein synthetischer kommentar für die dummy funktion 379,"// Dummy code snippet <NUM>
void dummy_function_379() { /* This is a placeholder. */ }"
DUMMY_380,"// Dummy code snippet 380
void dummy_function_380() { /* This is a placeholder. */ }",Unknown,This is a synthetic comment for dummy function 380.,ml,ഇത് 380 ഡമ്മി ഫംഗ്ഷനുള്ള ഒരു സിന്തറ്റിക് അഭിപ്രായമാണ്.,Synthetic,Generated_Data,this is a synthetic comment for dummy function 380,ഇത 380 ഡമമ ഫഗഷനളള ഒര സനതററക അഭപരയമണ,"// Dummy code snippet <NUM>
void dummy_function_380() { /* This is a placeholder. */ }"
DUMMY_381,"// Dummy code snippet 381
void dummy_function_381() { /* This is a placeholder. */ }",Unknown,This is a synthetic comment for dummy function 381.,es,Este es un comentario sintético para la función ficticia 381.,Synthetic,Generated_Data,this is a synthetic comment for dummy function 381,este es un comentario sintético para la función ficticia 381,"// Dummy code snippet <NUM>
void dummy_function_381() { /* This is a placeholder. */ }"
DUMMY_382,"// Dummy code snippet 382
void dummy_function_382() { /* This is a placeholder. */ }",Unknown,This is a synthetic comment for dummy function 382.,fr,Ceci est un commentaire synthétique pour la fonction factice 382.,Synthetic,Generated_Data,this is a synthetic comment for dummy function 382,ceci est un commentaire synthétique pour la fonction factice 382,"// Dummy code snippet <NUM>
void dummy_function_382() { /* This is a placeholder. */ }"
DUMMY_383,"// Dummy code snippet 383
void dummy_function_383() { /* This is a placeholder. */ }",Unknown,This is a synthetic comment for dummy function 383.,ml,ഇത് 383 ഡമ്മി ഫംഗ്ഷനായി ഒരു സിന്തറ്റിക് അഭിപ്രായമാണ്.,Synthetic,Generated_Data,this is a synthetic comment for dummy function 383,ഇത 383 ഡമമ ഫഗഷനയ ഒര സനതററക അഭപരയമണ,"// Dummy code snippet <NUM>
void dummy_function_383() { /* This is a placeholder. */ }"
DUMMY_384,"// Dummy code snippet 384
void dummy_function_384() { /* This is a placeholder. */ }",Unknown,This is a synthetic comment for dummy function 384.,de,Dies ist ein synthetischer Kommentar für die Dummy -Funktion 384.,Synthetic,Generated_Data,this is a synthetic comment for dummy function 384,dies ist ein synthetischer kommentar für die dummy funktion 384,"// Dummy code snippet <NUM>
void dummy_function_384() { /* This is a placeholder. */ }"
DUMMY_385,"// Dummy code snippet 385
void dummy_function_385() { /* This is a placeholder. */ }",Unknown,This is a synthetic comment for dummy function 385.,es,Este es un comentario sintético para la función ficticia 385.,Synthetic,Generated_Data,this is a synthetic comment for dummy function 385,este es un comentario sintético para la función ficticia 385,"// Dummy code snippet <NUM>
void dummy_function_385() { /* This is a placeholder. */ }"
DUMMY_386,"// Dummy code snippet 386
void dummy_function_386() { /* This is a placeholder. */ }",Unknown,This is a synthetic comment for dummy function 386.,ta,இது போலி செயல்பாடு 386 க்கான செயற்கை கருத்து.,Synthetic,Generated_Data,this is a synthetic comment for dummy function 386,இத பல சயலபட 386 ககன சயறக கரதத,"// Dummy code snippet <NUM>
void dummy_function_386() { /* This is a placeholder. */ }"
DUMMY_387,"// Dummy code snippet 387
void dummy_function_387() { /* This is a placeholder. */ }",Unknown,This is a synthetic comment for dummy function 387.,ta,போலி செயல்பாடு 387 க்கான செயற்கை கருத்து இது.,Synthetic,Generated_Data,this is a synthetic comment for dummy function 387,பல சயலபட 387 ககன சயறக கரதத இத,"// Dummy code snippet <NUM>
void dummy_function_387() { /* This is a placeholder. */ }"
DUMMY_388,"// Dummy code snippet 388
void dummy_function_388() { /* This is a placeholder. */ }",Unknown,This is a synthetic comment for dummy function 388.,es,Este es un comentario sintético para la función ficticia 388.,Synthetic,Generated_Data,this is a synthetic comment for dummy function 388,este es un comentario sintético para la función ficticia 388,"// Dummy code snippet <NUM>
void dummy_function_388() { /* This is a placeholder. */ }"
DUMMY_389,"// Dummy code snippet 389
void dummy_function_389() { /* This is a placeholder. */ }",Unknown,This is a synthetic comment for dummy function 389.,hi,Translated comment for dummy function 389 in hi (translation failed).,Synthetic,Generated_Data,this is a synthetic comment for dummy function 389,translated comment for dummy function 389 in hi translation failed,"// Dummy code snippet <NUM>
void dummy_function_389() { /* This is a placeholder. */ }"
DUMMY_390,"// Dummy code snippet 390
void dummy_function_390() { /* This is a placeholder. */ }",Unknown,This is a synthetic comment for dummy function 390.,fr,Ceci est un commentaire synthétique pour la fonction factice 390.,Synthetic,Generated_Data,this is a synthetic comment for dummy function 390,ceci est un commentaire synthétique pour la fonction factice 390,"// Dummy code snippet <NUM>
void dummy_function_390() { /* This is a placeholder. */ }"
DUMMY_391,"// Dummy code snippet 391
void dummy_function_391() { /* This is a placeholder. */ }",Unknown,This is a synthetic comment for dummy function 391.,hi,यह डमी फ़ंक्शन 391 के लिए एक सिंथेटिक टिप्पणी है।,Synthetic,Generated_Data,this is a synthetic comment for dummy function 391,यह डम फकशन 391 क लए एक सथटक टपपण ह,"// Dummy code snippet <NUM>
void dummy_function_391() { /* This is a placeholder. */ }"
DUMMY_392,"// Dummy code snippet 392
void dummy_function_392() { /* This is a placeholder. */ }",Unknown,This is a synthetic comment for dummy function 392.,de,Dies ist ein synthetischer Kommentar für die Dummy -Funktion 392.,Synthetic,Generated_Data,this is a synthetic comment for dummy function 392,dies ist ein synthetischer kommentar für die dummy funktion 392,"// Dummy code snippet <NUM>
void dummy_function_392() { /* This is a placeholder. */ }"
DUMMY_393,"// Dummy code snippet 393
void dummy_function_393() { /* This is a placeholder. */ }",Unknown,This is a synthetic comment for dummy function 393.,kn,ಡಮ್ಮಿ ಫಂಕ್ಷನ್ 393 ಗಾಗಿ ಇದು ಸಂಶ್ಲೇಷಿತ ಕಾಮೆಂಟ್ ಆಗಿದೆ.,Synthetic,Generated_Data,this is a synthetic comment for dummy function 393,ಡಮಮ ಫಕಷನ 393 ಗಗ ಇದ ಸಶಲಷತ ಕಮಟ ಆಗದ,"// Dummy code snippet <NUM>
void dummy_function_393() { /* This is a placeholder. */ }"
DUMMY_394,"// Dummy code snippet 394
void dummy_function_394() { /* This is a placeholder. */ }",Unknown,This is a synthetic comment for dummy function 394.,te,డమ్మీ ఫంక్షన్ 394 కోసం ఇది సింథటిక్ వ్యాఖ్య.,Synthetic,Generated_Data,this is a synthetic comment for dummy function 394,డమమ ఫకషన 394 కస ఇద సథటక వయఖయ,"// Dummy code snippet <NUM>
void dummy_function_394() { /* This is a placeholder. */ }"
DUMMY_395,"// Dummy code snippet 395
void dummy_function_395() { /* This is a placeholder. */ }",Unknown,This is a synthetic comment for dummy function 395.,ml,ഇത് 395 ഡമ്മി ഫംഗ്ഷനുള്ള ഒരു സിന്തറ്റിക് അഭിപ്രായമാണ്.,Synthetic,Generated_Data,this is a synthetic comment for dummy function 395,ഇത 395 ഡമമ ഫഗഷനളള ഒര സനതററക അഭപരയമണ,"// Dummy code snippet <NUM>
void dummy_function_395() { /* This is a placeholder. */ }"
DUMMY_396,"// Dummy code snippet 396
void dummy_function_396() { /* This is a placeholder. */ }",Unknown,This is a synthetic comment for dummy function 396.,kn,ಇದು ಡಮ್ಮಿ ಫಂಕ್ಷನ್ 396 ಗಾಗಿ ಸಂಶ್ಲೇಷಿತ ಕಾಮೆಂಟ್ ಆಗಿದೆ.,Synthetic,Generated_Data,this is a synthetic comment for dummy function 396,ಇದ ಡಮಮ ಫಕಷನ 396 ಗಗ ಸಶಲಷತ ಕಮಟ ಆಗದ,"// Dummy code snippet <NUM>
void dummy_function_396() { /* This is a placeholder. */ }"
DUMMY_397,"// Dummy code snippet 397
void dummy_function_397() { /* This is a placeholder. */ }",Unknown,This is a synthetic comment for dummy function 397.,fr,Ceci est un commentaire synthétique pour la fonction factice 397.,Synthetic,Generated_Data,this is a synthetic comment for dummy function 397,ceci est un commentaire synthétique pour la fonction factice 397,"// Dummy code snippet <NUM>
void dummy_function_397() { /* This is a placeholder. */ }"
DUMMY_398,"// Dummy code snippet 398
void dummy_function_398() { /* This is a placeholder. */ }",Unknown,This is a synthetic comment for dummy function 398.,ta,போலி செயல்பாடு 398 க்கான செயற்கை கருத்து இது.,Synthetic,Generated_Data,this is a synthetic comment for dummy function 398,பல சயலபட 398 ககன சயறக கரதத இத,"// Dummy code snippet <NUM>
void dummy_function_398() { /* This is a placeholder. */ }"
DUMMY_399,"// Dummy code snippet 399
void dummy_function_399() { /* This is a placeholder. */ }",Unknown,This is a synthetic comment for dummy function 399.,de,Dies ist ein synthetischer Kommentar für die Dummy -Funktion 399.,Synthetic,Generated_Data,this is a synthetic comment for dummy function 399,dies ist ein synthetischer kommentar für die dummy funktion 399,"// Dummy code snippet <NUM>
void dummy_function_399() { /* This is a placeholder. */ }"
DUMMY_400,"// Dummy code snippet 400
void dummy_function_400() { /* This is a placeholder. */ }",Unknown,This is a synthetic comment for dummy function 400.,es,Este es un comentario sintético para la función ficticia 400.,Synthetic,Generated_Data,this is a synthetic comment for dummy function 400,este es un comentario sintético para la función ficticia 400,"// Dummy code snippet <NUM>
void dummy_function_400() { /* This is a placeholder. */ }"
DUMMY_401,"// Dummy code snippet 401
void dummy_function_401() { /* This is a placeholder. */ }",Unknown,This is a synthetic comment for dummy function 401.,hi,यह डमी फ़ंक्शन 401 के लिए एक सिंथेटिक टिप्पणी है।,Synthetic,Generated_Data,this is a synthetic comment for dummy function 401,यह डम फकशन 401 क लए एक सथटक टपपण ह,"// Dummy code snippet <NUM>
void dummy_function_401() { /* This is a placeholder. */ }"
DUMMY_402,"// Dummy code snippet 402
void dummy_function_402() { /* This is a placeholder. */ }",Unknown,This is a synthetic comment for dummy function 402.,ta,போலி செயல்பாடு 402 க்கான செயற்கை கருத்து இது.,Synthetic,Generated_Data,this is a synthetic comment for dummy function 402,பல சயலபட 402 ககன சயறக கரதத இத,"// Dummy code snippet <NUM>
void dummy_function_402() { /* This is a placeholder. */ }"
DUMMY_403,"// Dummy code snippet 403
void dummy_function_403() { /* This is a placeholder. */ }",Unknown,This is a synthetic comment for dummy function 403.,ta,போலி செயல்பாடு 403 க்கான செயற்கை கருத்து இது.,Synthetic,Generated_Data,this is a synthetic comment for dummy function 403,பல சயலபட 403 ககன சயறக கரதத இத,"// Dummy code snippet <NUM>
void dummy_function_403() { /* This is a placeholder. */ }"
DUMMY_404,"// Dummy code snippet 404
void dummy_function_404() { /* This is a placeholder. */ }",Unknown,This is a synthetic comment for dummy function 404.,te,ఇది డమ్మీ ఫంక్షన్ 404 కోసం సింథటిక్ వ్యాఖ్య.,Synthetic,Generated_Data,this is a synthetic comment for dummy function 404,ఇద డమమ ఫకషన 404 కస సథటక వయఖయ,"// Dummy code snippet <NUM>
void dummy_function_404() { /* This is a placeholder. */ }"
DUMMY_405,"// Dummy code snippet 405
void dummy_function_405() { /* This is a placeholder. */ }",Unknown,This is a synthetic comment for dummy function 405.,fr,Ceci est un commentaire synthétique pour la fonction factice 405.,Synthetic,Generated_Data,this is a synthetic comment for dummy function 405,ceci est un commentaire synthétique pour la fonction factice 405,"// Dummy code snippet <NUM>
void dummy_function_405() { /* This is a placeholder. */ }"
DUMMY_406,"// Dummy code snippet 406
void dummy_function_406() { /* This is a placeholder. */ }",Unknown,This is a synthetic comment for dummy function 406.,en,This is a synthetic comment for dummy function 406.,Synthetic,Generated_Data,this is a synthetic comment for dummy function 406,this is a synthetic comment for dummy function 406,"// Dummy code snippet <NUM>
void dummy_function_406() { /* This is a placeholder. */ }"
DUMMY_407,"// Dummy code snippet 407
void dummy_function_407() { /* This is a placeholder. */ }",Unknown,This is a synthetic comment for dummy function 407.,te,డమ్మీ ఫంక్షన్ 407 కోసం ఇది సింథటిక్ వ్యాఖ్య.,Synthetic,Generated_Data,this is a synthetic comment for dummy function 407,డమమ ఫకషన 407 కస ఇద సథటక వయఖయ,"// Dummy code snippet <NUM>
void dummy_function_407() { /* This is a placeholder. */ }"
DUMMY_408,"// Dummy code snippet 408
void dummy_function_408() { /* This is a placeholder. */ }",Unknown,This is a synthetic comment for dummy function 408.,ml,408 ഡമ്മി ഫംഗ്ഷനുള്ള ഒരു സിന്തറ്റിക് അഭിപ്രായമാണിത്.,Synthetic,Generated_Data,this is a synthetic comment for dummy function 408,408 ഡമമ ഫഗഷനളള ഒര സനതററക അഭപരയമണത,"// Dummy code snippet <NUM>
void dummy_function_408() { /* This is a placeholder. */ }"
DUMMY_409,"// Dummy code snippet 409
void dummy_function_409() { /* This is a placeholder. */ }",Unknown,This is a synthetic comment for dummy function 409.,te,ఇది డమ్మీ ఫంక్షన్ 409 కోసం సింథటిక్ వ్యాఖ్య.,Synthetic,Generated_Data,this is a synthetic comment for dummy function 409,ఇద డమమ ఫకషన 409 కస సథటక వయఖయ,"// Dummy code snippet <NUM>
void dummy_function_409() { /* This is a placeholder. */ }"
DUMMY_410,"// Dummy code snippet 410
void dummy_function_410() { /* This is a placeholder. */ }",Unknown,This is a synthetic comment for dummy function 410.,kn,ಇದು ಡಮ್ಮಿ ಫಂಕ್ಷನ್ 410 ಗಾಗಿ ಸಂಶ್ಲೇಷಿತ ಕಾಮೆಂಟ್ ಆಗಿದೆ.,Synthetic,Generated_Data,this is a synthetic comment for dummy function 410,ಇದ ಡಮಮ ಫಕಷನ 410 ಗಗ ಸಶಲಷತ ಕಮಟ ಆಗದ,"// Dummy code snippet <NUM>
void dummy_function_410() { /* This is a placeholder. */ }"
DUMMY_411,"// Dummy code snippet 411
void dummy_function_411() { /* This is a placeholder. */ }",Unknown,This is a synthetic comment for dummy function 411.,it,Questo è un commento sintetico per la funzione fittizia 411.,Synthetic,Generated_Data,this is a synthetic comment for dummy function 411,questo è un commento sintetico per la funzione fittizia 411,"// Dummy code snippet <NUM>
void dummy_function_411() { /* This is a placeholder. */ }"
DUMMY_412,"// Dummy code snippet 412
void dummy_function_412() { /* This is a placeholder. */ }",Unknown,This is a synthetic comment for dummy function 412.,fr,Ceci est un commentaire synthétique pour la fonction factice 412.,Synthetic,Generated_Data,this is a synthetic comment for dummy function 412,ceci est un commentaire synthétique pour la fonction factice 412,"// Dummy code snippet <NUM>
void dummy_function_412() { /* This is a placeholder. */ }"
DUMMY_413,"// Dummy code snippet 413
void dummy_function_413() { /* This is a placeholder. */ }",Unknown,This is a synthetic comment for dummy function 413.,hi,यह डमी फ़ंक्शन 413 के लिए एक सिंथेटिक टिप्पणी है।,Synthetic,Generated_Data,this is a synthetic comment for dummy function 413,यह डम फकशन 413 क लए एक सथटक टपपण ह,"// Dummy code snippet <NUM>
void dummy_function_413() { /* This is a placeholder. */ }"
DUMMY_414,"// Dummy code snippet 414
void dummy_function_414() { /* This is a placeholder. */ }",Unknown,This is a synthetic comment for dummy function 414.,en,This is a synthetic comment for dummy function 414.,Synthetic,Generated_Data,this is a synthetic comment for dummy function 414,this is a synthetic comment for dummy function 414,"// Dummy code snippet <NUM>
void dummy_function_414() { /* This is a placeholder. */ }"
DUMMY_415,"// Dummy code snippet 415
void dummy_function_415() { /* This is a placeholder. */ }",Unknown,This is a synthetic comment for dummy function 415.,te,డమ్మీ ఫంక్షన్ 415 కోసం ఇది సింథటిక్ వ్యాఖ్య.,Synthetic,Generated_Data,this is a synthetic comment for dummy function 415,డమమ ఫకషన 415 కస ఇద సథటక వయఖయ,"// Dummy code snippet <NUM>
void dummy_function_415() { /* This is a placeholder. */ }"
DUMMY_416,"// Dummy code snippet 416
void dummy_function_416() { /* This is a placeholder. */ }",Unknown,This is a synthetic comment for dummy function 416.,de,Dies ist ein synthetischer Kommentar für die Dummy -Funktion 416.,Synthetic,Generated_Data,this is a synthetic comment for dummy function 416,dies ist ein synthetischer kommentar für die dummy funktion 416,"// Dummy code snippet <NUM>
void dummy_function_416() { /* This is a placeholder. */ }"
DUMMY_417,"// Dummy code snippet 417
void dummy_function_417() { /* This is a placeholder. */ }",Unknown,This is a synthetic comment for dummy function 417.,ta,போலி செயல்பாடு 417 க்கான செயற்கை கருத்து இது.,Synthetic,Generated_Data,this is a synthetic comment for dummy function 417,பல சயலபட 417 ககன சயறக கரதத இத,"// Dummy code snippet <NUM>
void dummy_function_417() { /* This is a placeholder. */ }"
DUMMY_418,"// Dummy code snippet 418
void dummy_function_418() { /* This is a placeholder. */ }",Unknown,This is a synthetic comment for dummy function 418.,te,డమ్మీ ఫంక్షన్ 418 కోసం ఇది సింథటిక్ వ్యాఖ్య.,Synthetic,Generated_Data,this is a synthetic comment for dummy function 418,డమమ ఫకషన 418 కస ఇద సథటక వయఖయ,"// Dummy code snippet <NUM>
void dummy_function_418() { /* This is a placeholder. */ }"
DUMMY_419,"// Dummy code snippet 419
void dummy_function_419() { /* This is a placeholder. */ }",Unknown,This is a synthetic comment for dummy function 419.,en,This is a synthetic comment for dummy function 419.,Synthetic,Generated_Data,this is a synthetic comment for dummy function 419,this is a synthetic comment for dummy function 419,"// Dummy code snippet <NUM>
void dummy_function_419() { /* This is a placeholder. */ }"
DUMMY_420,"// Dummy code snippet 420
void dummy_function_420() { /* This is a placeholder. */ }",Unknown,This is a synthetic comment for dummy function 420.,de,Dies ist ein synthetischer Kommentar für die Dummy -Funktion 420.,Synthetic,Generated_Data,this is a synthetic comment for dummy function 420,dies ist ein synthetischer kommentar für die dummy funktion 420,"// Dummy code snippet <NUM>
void dummy_function_420() { /* This is a placeholder. */ }"
DUMMY_421,"// Dummy code snippet 421
void dummy_function_421() { /* This is a placeholder. */ }",Unknown,This is a synthetic comment for dummy function 421.,es,Este es un comentario sintético para la función ficticia 421.,Synthetic,Generated_Data,this is a synthetic comment for dummy function 421,este es un comentario sintético para la función ficticia 421,"// Dummy code snippet <NUM>
void dummy_function_421() { /* This is a placeholder. */ }"
DUMMY_422,"// Dummy code snippet 422
void dummy_function_422() { /* This is a placeholder. */ }",Unknown,This is a synthetic comment for dummy function 422.,ta,போலி செயல்பாடு 422 க்கான செயற்கை கருத்து இது.,Synthetic,Generated_Data,this is a synthetic comment for dummy function 422,பல சயலபட 422 ககன சயறக கரதத இத,"// Dummy code snippet <NUM>
void dummy_function_422() { /* This is a placeholder. */ }"
DUMMY_423,"// Dummy code snippet 423
void dummy_function_423() { /* This is a placeholder. */ }",Unknown,This is a synthetic comment for dummy function 423.,fr,Ceci est un commentaire synthétique pour la fonction factice 423.,Synthetic,Generated_Data,this is a synthetic comment for dummy function 423,ceci est un commentaire synthétique pour la fonction factice 423,"// Dummy code snippet <NUM>
void dummy_function_423() { /* This is a placeholder. */ }"
DUMMY_424,"// Dummy code snippet 424
void dummy_function_424() { /* This is a placeholder. */ }",Unknown,This is a synthetic comment for dummy function 424.,de,Dies ist ein synthetischer Kommentar für die Dummy -Funktion 424.,Synthetic,Generated_Data,this is a synthetic comment for dummy function 424,dies ist ein synthetischer kommentar für die dummy funktion 424,"// Dummy code snippet <NUM>
void dummy_function_424() { /* This is a placeholder. */ }"
DUMMY_425,"// Dummy code snippet 425
void dummy_function_425() { /* This is a placeholder. */ }",Unknown,This is a synthetic comment for dummy function 425.,it,Questo è un commento sintetico per la funzione fittizia 425.,Synthetic,Generated_Data,this is a synthetic comment for dummy function 425,questo è un commento sintetico per la funzione fittizia 425,"// Dummy code snippet <NUM>
void dummy_function_425() { /* This is a placeholder. */ }"
DUMMY_426,"// Dummy code snippet 426
void dummy_function_426() { /* This is a placeholder. */ }",Unknown,This is a synthetic comment for dummy function 426.,es,Este es un comentario sintético para la función ficticia 426.,Synthetic,Generated_Data,this is a synthetic comment for dummy function 426,este es un comentario sintético para la función ficticia 426,"// Dummy code snippet <NUM>
void dummy_function_426() { /* This is a placeholder. */ }"
DUMMY_427,"// Dummy code snippet 427
void dummy_function_427() { /* This is a placeholder. */ }",Unknown,This is a synthetic comment for dummy function 427.,de,Dies ist ein synthetischer Kommentar für die Dummy -Funktion 427.,Synthetic,Generated_Data,this is a synthetic comment for dummy function 427,dies ist ein synthetischer kommentar für die dummy funktion 427,"// Dummy code snippet <NUM>
void dummy_function_427() { /* This is a placeholder. */ }"
DUMMY_428,"// Dummy code snippet 428
void dummy_function_428() { /* This is a placeholder. */ }",Unknown,This is a synthetic comment for dummy function 428.,fr,Ceci est un commentaire synthétique pour la fonction factice 428.,Synthetic,Generated_Data,this is a synthetic comment for dummy function 428,ceci est un commentaire synthétique pour la fonction factice 428,"// Dummy code snippet <NUM>
void dummy_function_428() { /* This is a placeholder. */ }"
DUMMY_429,"// Dummy code snippet 429
void dummy_function_429() { /* This is a placeholder. */ }",Unknown,This is a synthetic comment for dummy function 429.,ta,போலி செயல்பாடு 429 க்கான செயற்கை கருத்து இது.,Synthetic,Generated_Data,this is a synthetic comment for dummy function 429,பல சயலபட 429 ககன சயறக கரதத இத,"// Dummy code snippet <NUM>
void dummy_function_429() { /* This is a placeholder. */ }"
DUMMY_430,"// Dummy code snippet 430
void dummy_function_430() { /* This is a placeholder. */ }",Unknown,This is a synthetic comment for dummy function 430.,ml,430 ഡമ്മി ഫംഗ്ഷനുള്ള ഒരു സിന്തറ്റിക് അഭിപ്രായമാണിത്.,Synthetic,Generated_Data,this is a synthetic comment for dummy function 430,430 ഡമമ ഫഗഷനളള ഒര സനതററക അഭപരയമണത,"// Dummy code snippet <NUM>
void dummy_function_430() { /* This is a placeholder. */ }"
DUMMY_431,"// Dummy code snippet 431
void dummy_function_431() { /* This is a placeholder. */ }",Unknown,This is a synthetic comment for dummy function 431.,fr,Ceci est un commentaire synthétique pour la fonction factice 431.,Synthetic,Generated_Data,this is a synthetic comment for dummy function 431,ceci est un commentaire synthétique pour la fonction factice 431,"// Dummy code snippet <NUM>
void dummy_function_431() { /* This is a placeholder. */ }"
DUMMY_432,"// Dummy code snippet 432
void dummy_function_432() { /* This is a placeholder. */ }",Unknown,This is a synthetic comment for dummy function 432.,fr,Ceci est un commentaire synthétique pour la fonction factice 432.,Synthetic,Generated_Data,this is a synthetic comment for dummy function 432,ceci est un commentaire synthétique pour la fonction factice 432,"// Dummy code snippet <NUM>
void dummy_function_432() { /* This is a placeholder. */ }"
DUMMY_433,"// Dummy code snippet 433
void dummy_function_433() { /* This is a placeholder. */ }",Unknown,This is a synthetic comment for dummy function 433.,ta,போலி செயல்பாடு 433 க்கான செயற்கை கருத்து இது.,Synthetic,Generated_Data,this is a synthetic comment for dummy function 433,பல சயலபட 433 ககன சயறக கரதத இத,"// Dummy code snippet <NUM>
void dummy_function_433() { /* This is a placeholder. */ }"
DUMMY_434,"// Dummy code snippet 434
void dummy_function_434() { /* This is a placeholder. */ }",Unknown,This is a synthetic comment for dummy function 434.,fr,Ceci est un commentaire synthétique pour la fonction factice 434.,Synthetic,Generated_Data,this is a synthetic comment for dummy function 434,ceci est un commentaire synthétique pour la fonction factice 434,"// Dummy code snippet <NUM>
void dummy_function_434() { /* This is a placeholder. */ }"
DUMMY_435,"// Dummy code snippet 435
void dummy_function_435() { /* This is a placeholder. */ }",Unknown,This is a synthetic comment for dummy function 435.,kn,ಇದು ಡಮ್ಮಿ ಫಂಕ್ಷನ್ 435 ಗಾಗಿ ಸಂಶ್ಲೇಷಿತ ಕಾಮೆಂಟ್ ಆಗಿದೆ.,Synthetic,Generated_Data,this is a synthetic comment for dummy function 435,ಇದ ಡಮಮ ಫಕಷನ 435 ಗಗ ಸಶಲಷತ ಕಮಟ ಆಗದ,"// Dummy code snippet <NUM>
void dummy_function_435() { /* This is a placeholder. */ }"
DUMMY_436,"// Dummy code snippet 436
void dummy_function_436() { /* This is a placeholder. */ }",Unknown,This is a synthetic comment for dummy function 436.,kn,ಇದು ಡಮ್ಮಿ ಫಂಕ್ಷನ್ 436 ಗಾಗಿ ಸಂಶ್ಲೇಷಿತ ಕಾಮೆಂಟ್ ಆಗಿದೆ.,Synthetic,Generated_Data,this is a synthetic comment for dummy function 436,ಇದ ಡಮಮ ಫಕಷನ 436 ಗಗ ಸಶಲಷತ ಕಮಟ ಆಗದ,"// Dummy code snippet <NUM>
void dummy_function_436() { /* This is a placeholder. */ }"
DUMMY_437,"// Dummy code snippet 437
void dummy_function_437() { /* This is a placeholder. */ }",Unknown,This is a synthetic comment for dummy function 437.,te,డమ్మీ ఫంక్షన్ 437 కోసం ఇది సింథటిక్ వ్యాఖ్య.,Synthetic,Generated_Data,this is a synthetic comment for dummy function 437,డమమ ఫకషన 437 కస ఇద సథటక వయఖయ,"// Dummy code snippet <NUM>
void dummy_function_437() { /* This is a placeholder. */ }"
DUMMY_438,"// Dummy code snippet 438
void dummy_function_438() { /* This is a placeholder. */ }",Unknown,This is a synthetic comment for dummy function 438.,te,డమ్మీ ఫంక్షన్ 438 కోసం ఇది సింథటిక్ వ్యాఖ్య.,Synthetic,Generated_Data,this is a synthetic comment for dummy function 438,డమమ ఫకషన 438 కస ఇద సథటక వయఖయ,"// Dummy code snippet <NUM>
void dummy_function_438() { /* This is a placeholder. */ }"
DUMMY_439,"// Dummy code snippet 439
void dummy_function_439() { /* This is a placeholder. */ }",Unknown,This is a synthetic comment for dummy function 439.,en,This is a synthetic comment for dummy function 439.,Synthetic,Generated_Data,this is a synthetic comment for dummy function 439,this is a synthetic comment for dummy function 439,"// Dummy code snippet <NUM>
void dummy_function_439() { /* This is a placeholder. */ }"
DUMMY_440,"// Dummy code snippet 440
void dummy_function_440() { /* This is a placeholder. */ }",Unknown,This is a synthetic comment for dummy function 440.,te,ఇది డమ్మీ ఫంక్షన్ 440 కోసం సింథటిక్ వ్యాఖ్య.,Synthetic,Generated_Data,this is a synthetic comment for dummy function 440,ఇద డమమ ఫకషన 440 కస సథటక వయఖయ,"// Dummy code snippet <NUM>
void dummy_function_440() { /* This is a placeholder. */ }"
DUMMY_441,"// Dummy code snippet 441
void dummy_function_441() { /* This is a placeholder. */ }",Unknown,This is a synthetic comment for dummy function 441.,fr,Translated comment for dummy function 441 in fr (translation failed).,Synthetic,Generated_Data,this is a synthetic comment for dummy function 441,translated comment for dummy function 441 in fr translation failed,"// Dummy code snippet <NUM>
void dummy_function_441() { /* This is a placeholder. */ }"
DUMMY_442,"// Dummy code snippet 442
void dummy_function_442() { /* This is a placeholder. */ }",Unknown,This is a synthetic comment for dummy function 442.,ml,ഡമ്മി ഫംഗ്ഷനുള്ള ഒരു സിന്തറ്റിക് അഭിപ്രായമാണിത് 442.,Synthetic,Generated_Data,this is a synthetic comment for dummy function 442,ഡമമ ഫഗഷനളള ഒര സനതററക അഭപരയമണത 442,"// Dummy code snippet <NUM>
void dummy_function_442() { /* This is a placeholder. */ }"
DUMMY_443,"// Dummy code snippet 443
void dummy_function_443() { /* This is a placeholder. */ }",Unknown,This is a synthetic comment for dummy function 443.,fr,Ceci est un commentaire synthétique pour la fonction factice 443.,Synthetic,Generated_Data,this is a synthetic comment for dummy function 443,ceci est un commentaire synthétique pour la fonction factice 443,"// Dummy code snippet <NUM>
void dummy_function_443() { /* This is a placeholder. */ }"
DUMMY_444,"// Dummy code snippet 444
void dummy_function_444() { /* This is a placeholder. */ }",Unknown,This is a synthetic comment for dummy function 444.,te,డమ్మీ ఫంక్షన్ 444 కోసం ఇది సింథటిక్ వ్యాఖ్య.,Synthetic,Generated_Data,this is a synthetic comment for dummy function 444,డమమ ఫకషన 444 కస ఇద సథటక వయఖయ,"// Dummy code snippet <NUM>
void dummy_function_444() { /* This is a placeholder. */ }"
DUMMY_445,"// Dummy code snippet 445
void dummy_function_445() { /* This is a placeholder. */ }",Unknown,This is a synthetic comment for dummy function 445.,te,ఇది డమ్మీ ఫంక్షన్ 445 కోసం సింథటిక్ వ్యాఖ్య.,Synthetic,Generated_Data,this is a synthetic comment for dummy function 445,ఇద డమమ ఫకషన 445 కస సథటక వయఖయ,"// Dummy code snippet <NUM>
void dummy_function_445() { /* This is a placeholder. */ }"
DUMMY_446,"// Dummy code snippet 446
void dummy_function_446() { /* This is a placeholder. */ }",Unknown,This is a synthetic comment for dummy function 446.,es,Este es un comentario sintético para la función ficticia 446.,Synthetic,Generated_Data,this is a synthetic comment for dummy function 446,este es un comentario sintético para la función ficticia 446,"// Dummy code snippet <NUM>
void dummy_function_446() { /* This is a placeholder. */ }"
DUMMY_447,"// Dummy code snippet 447
void dummy_function_447() { /* This is a placeholder. */ }",Unknown,This is a synthetic comment for dummy function 447.,ta,போலி செயல்பாடு 447 க்கான செயற்கை கருத்து இது.,Synthetic,Generated_Data,this is a synthetic comment for dummy function 447,பல சயலபட 447 ககன சயறக கரதத இத,"// Dummy code snippet <NUM>
void dummy_function_447() { /* This is a placeholder. */ }"
DUMMY_448,"// Dummy code snippet 448
void dummy_function_448() { /* This is a placeholder. */ }",Unknown,This is a synthetic comment for dummy function 448.,ta,போலி செயல்பாடு 448 க்கான செயற்கை கருத்து இது.,Synthetic,Generated_Data,this is a synthetic comment for dummy function 448,பல சயலபட 448 ககன சயறக கரதத இத,"// Dummy code snippet <NUM>
void dummy_function_448() { /* This is a placeholder. */ }"
DUMMY_449,"// Dummy code snippet 449
void dummy_function_449() { /* This is a placeholder. */ }",Unknown,This is a synthetic comment for dummy function 449.,kn,ಡಮ್ಮಿ ಫಂಕ್ಷನ್ 449 ಗಾಗಿ ಇದು ಸಂಶ್ಲೇಷಿತ ಕಾಮೆಂಟ್ ಆಗಿದೆ.,Synthetic,Generated_Data,this is a synthetic comment for dummy function 449,ಡಮಮ ಫಕಷನ 449 ಗಗ ಇದ ಸಶಲಷತ ಕಮಟ ಆಗದ,"// Dummy code snippet <NUM>
void dummy_function_449() { /* This is a placeholder. */ }"
DUMMY_450,"// Dummy code snippet 450
void dummy_function_450() { /* This is a placeholder. */ }",Unknown,This is a synthetic comment for dummy function 450.,de,Dies ist ein synthetischer Kommentar für die Dummy -Funktion 450.,Synthetic,Generated_Data,this is a synthetic comment for dummy function 450,dies ist ein synthetischer kommentar für die dummy funktion 450,"// Dummy code snippet <NUM>
void dummy_function_450() { /* This is a placeholder. */ }"
DUMMY_451,"// Dummy code snippet 451
void dummy_function_451() { /* This is a placeholder. */ }",Unknown,This is a synthetic comment for dummy function 451.,hi,यह डमी फ़ंक्शन 451 के लिए एक सिंथेटिक टिप्पणी है।,Synthetic,Generated_Data,this is a synthetic comment for dummy function 451,यह डम फकशन 451 क लए एक सथटक टपपण ह,"// Dummy code snippet <NUM>
void dummy_function_451() { /* This is a placeholder. */ }"
DUMMY_452,"// Dummy code snippet 452
void dummy_function_452() { /* This is a placeholder. */ }",Unknown,This is a synthetic comment for dummy function 452.,en,This is a synthetic comment for dummy function 452.,Synthetic,Generated_Data,this is a synthetic comment for dummy function 452,this is a synthetic comment for dummy function 452,"// Dummy code snippet <NUM>
void dummy_function_452() { /* This is a placeholder. */ }"
DUMMY_453,"// Dummy code snippet 453
void dummy_function_453() { /* This is a placeholder. */ }",Unknown,This is a synthetic comment for dummy function 453.,ml,453 ഡമ്മി ഫംഗ്ഷനുള്ള ഒരു സിന്തറ്റിക് അഭിപ്രായമാണിത്.,Synthetic,Generated_Data,this is a synthetic comment for dummy function 453,453 ഡമമ ഫഗഷനളള ഒര സനതററക അഭപരയമണത,"// Dummy code snippet <NUM>
void dummy_function_453() { /* This is a placeholder. */ }"
DUMMY_454,"// Dummy code snippet 454
void dummy_function_454() { /* This is a placeholder. */ }",Unknown,This is a synthetic comment for dummy function 454.,fr,Ceci est un commentaire synthétique pour la fonction factice 454.,Synthetic,Generated_Data,this is a synthetic comment for dummy function 454,ceci est un commentaire synthétique pour la fonction factice 454,"// Dummy code snippet <NUM>
void dummy_function_454() { /* This is a placeholder. */ }"
DUMMY_455,"// Dummy code snippet 455
void dummy_function_455() { /* This is a placeholder. */ }",Unknown,This is a synthetic comment for dummy function 455.,es,Este es un comentario sintético para la función ficticia 455.,Synthetic,Generated_Data,this is a synthetic comment for dummy function 455,este es un comentario sintético para la función ficticia 455,"// Dummy code snippet <NUM>
void dummy_function_455() { /* This is a placeholder. */ }"
DUMMY_456,"// Dummy code snippet 456
void dummy_function_456() { /* This is a placeholder. */ }",Unknown,This is a synthetic comment for dummy function 456.,kn,ಡಮ್ಮಿ ಫಂಕ್ಷನ್ 456 ಗಾಗಿ ಇದು ಸಂಶ್ಲೇಷಿತ ಕಾಮೆಂಟ್ ಆಗಿದೆ.,Synthetic,Generated_Data,this is a synthetic comment for dummy function 456,ಡಮಮ ಫಕಷನ 456 ಗಗ ಇದ ಸಶಲಷತ ಕಮಟ ಆಗದ,"// Dummy code snippet <NUM>
void dummy_function_456() { /* This is a placeholder. */ }"
DUMMY_457,"// Dummy code snippet 457
void dummy_function_457() { /* This is a placeholder. */ }",Unknown,This is a synthetic comment for dummy function 457.,hi,यह डमी फ़ंक्शन 457 के लिए एक सिंथेटिक टिप्पणी है।,Synthetic,Generated_Data,this is a synthetic comment for dummy function 457,यह डम फकशन 457 क लए एक सथटक टपपण ह,"// Dummy code snippet <NUM>
void dummy_function_457() { /* This is a placeholder. */ }"
DUMMY_458,"// Dummy code snippet 458
void dummy_function_458() { /* This is a placeholder. */ }",Unknown,This is a synthetic comment for dummy function 458.,te,ఇది డమ్మీ ఫంక్షన్ 458 కోసం సింథటిక్ వ్యాఖ్య.,Synthetic,Generated_Data,this is a synthetic comment for dummy function 458,ఇద డమమ ఫకషన 458 కస సథటక వయఖయ,"// Dummy code snippet <NUM>
void dummy_function_458() { /* This is a placeholder. */ }"
DUMMY_459,"// Dummy code snippet 459
void dummy_function_459() { /* This is a placeholder. */ }",Unknown,This is a synthetic comment for dummy function 459.,ml,459 ഡമ്മി ഫംഗ്ഷനുള്ള ഒരു സിന്തറ്റിക് അഭിപ്രായമാണിത്.,Synthetic,Generated_Data,this is a synthetic comment for dummy function 459,459 ഡമമ ഫഗഷനളള ഒര സനതററക അഭപരയമണത,"// Dummy code snippet <NUM>
void dummy_function_459() { /* This is a placeholder. */ }"
DUMMY_460,"// Dummy code snippet 460
void dummy_function_460() { /* This is a placeholder. */ }",Unknown,This is a synthetic comment for dummy function 460.,it,Questo è un commento sintetico per la funzione fittizia 460.,Synthetic,Generated_Data,this is a synthetic comment for dummy function 460,questo è un commento sintetico per la funzione fittizia 460,"// Dummy code snippet <NUM>
void dummy_function_460() { /* This is a placeholder. */ }"
DUMMY_461,"// Dummy code snippet 461
void dummy_function_461() { /* This is a placeholder. */ }",Unknown,This is a synthetic comment for dummy function 461.,kn,ಇದು ಡಮ್ಮಿ ಫಂಕ್ಷನ್ 461 ಗಾಗಿ ಸಂಶ್ಲೇಷಿತ ಕಾಮೆಂಟ್ ಆಗಿದೆ.,Synthetic,Generated_Data,this is a synthetic comment for dummy function 461,ಇದ ಡಮಮ ಫಕಷನ 461 ಗಗ ಸಶಲಷತ ಕಮಟ ಆಗದ,"// Dummy code snippet <NUM>
void dummy_function_461() { /* This is a placeholder. */ }"
DUMMY_462,"// Dummy code snippet 462
void dummy_function_462() { /* This is a placeholder. */ }",Unknown,This is a synthetic comment for dummy function 462.,te,డమ్మీ ఫంక్షన్ 462 కోసం ఇది సింథటిక్ వ్యాఖ్య.,Synthetic,Generated_Data,this is a synthetic comment for dummy function 462,డమమ ఫకషన 462 కస ఇద సథటక వయఖయ,"// Dummy code snippet <NUM>
void dummy_function_462() { /* This is a placeholder. */ }"
DUMMY_463,"// Dummy code snippet 463
void dummy_function_463() { /* This is a placeholder. */ }",Unknown,This is a synthetic comment for dummy function 463.,it,Questo è un commento sintetico per la funzione fittizia 463.,Synthetic,Generated_Data,this is a synthetic comment for dummy function 463,questo è un commento sintetico per la funzione fittizia 463,"// Dummy code snippet <NUM>
void dummy_function_463() { /* This is a placeholder. */ }"
DUMMY_464,"// Dummy code snippet 464
void dummy_function_464() { /* This is a placeholder. */ }",Unknown,This is a synthetic comment for dummy function 464.,fr,Ceci est un commentaire synthétique pour la fonction factice 464.,Synthetic,Generated_Data,this is a synthetic comment for dummy function 464,ceci est un commentaire synthétique pour la fonction factice 464,"// Dummy code snippet <NUM>
void dummy_function_464() { /* This is a placeholder. */ }"
DUMMY_465,"// Dummy code snippet 465
void dummy_function_465() { /* This is a placeholder. */ }",Unknown,This is a synthetic comment for dummy function 465.,fr,Ceci est un commentaire synthétique pour la fonction factice 465.,Synthetic,Generated_Data,this is a synthetic comment for dummy function 465,ceci est un commentaire synthétique pour la fonction factice 465,"// Dummy code snippet <NUM>
void dummy_function_465() { /* This is a placeholder. */ }"
DUMMY_466,"// Dummy code snippet 466
void dummy_function_466() { /* This is a placeholder. */ }",Unknown,This is a synthetic comment for dummy function 466.,te,ఇది డమ్మీ ఫంక్షన్ 466 కోసం సింథటిక్ వ్యాఖ్య.,Synthetic,Generated_Data,this is a synthetic comment for dummy function 466,ఇద డమమ ఫకషన 466 కస సథటక వయఖయ,"// Dummy code snippet <NUM>
void dummy_function_466() { /* This is a placeholder. */ }"
DUMMY_467,"// Dummy code snippet 467
void dummy_function_467() { /* This is a placeholder. */ }",Unknown,This is a synthetic comment for dummy function 467.,ta,போலி செயல்பாடு 467 க்கான செயற்கை கருத்து இது.,Synthetic,Generated_Data,this is a synthetic comment for dummy function 467,பல சயலபட 467 ககன சயறக கரதத இத,"// Dummy code snippet <NUM>
void dummy_function_467() { /* This is a placeholder. */ }"
DUMMY_468,"// Dummy code snippet 468
void dummy_function_468() { /* This is a placeholder. */ }",Unknown,This is a synthetic comment for dummy function 468.,de,Dies ist ein synthetischer Kommentar für die Dummy -Funktion 468.,Synthetic,Generated_Data,this is a synthetic comment for dummy function 468,dies ist ein synthetischer kommentar für die dummy funktion 468,"// Dummy code snippet <NUM>
void dummy_function_468() { /* This is a placeholder. */ }"
DUMMY_469,"// Dummy code snippet 469
void dummy_function_469() { /* This is a placeholder. */ }",Unknown,This is a synthetic comment for dummy function 469.,en,This is a synthetic comment for dummy function 469.,Synthetic,Generated_Data,this is a synthetic comment for dummy function 469,this is a synthetic comment for dummy function 469,"// Dummy code snippet <NUM>
void dummy_function_469() { /* This is a placeholder. */ }"
DUMMY_470,"// Dummy code snippet 470
void dummy_function_470() { /* This is a placeholder. */ }",Unknown,This is a synthetic comment for dummy function 470.,ml,470 ഡമ്മി ഫംഗ്ഷനുള്ള ഒരു സിന്തറ്റിക് അഭിപ്രായമാണിത്.,Synthetic,Generated_Data,this is a synthetic comment for dummy function 470,470 ഡമമ ഫഗഷനളള ഒര സനതററക അഭപരയമണത,"// Dummy code snippet <NUM>
void dummy_function_470() { /* This is a placeholder. */ }"
DUMMY_471,"// Dummy code snippet 471
void dummy_function_471() { /* This is a placeholder. */ }",Unknown,This is a synthetic comment for dummy function 471.,it,Questo è un commento sintetico per la funzione fittizia 471.,Synthetic,Generated_Data,this is a synthetic comment for dummy function 471,questo è un commento sintetico per la funzione fittizia 471,"// Dummy code snippet <NUM>
void dummy_function_471() { /* This is a placeholder. */ }"
DUMMY_472,"// Dummy code snippet 472
void dummy_function_472() { /* This is a placeholder. */ }",Unknown,This is a synthetic comment for dummy function 472.,fr,Ceci est un commentaire synthétique pour la fonction factice 472.,Synthetic,Generated_Data,this is a synthetic comment for dummy function 472,ceci est un commentaire synthétique pour la fonction factice 472,"// Dummy code snippet <NUM>
void dummy_function_472() { /* This is a placeholder. */ }"
DUMMY_473,"// Dummy code snippet 473
void dummy_function_473() { /* This is a placeholder. */ }",Unknown,This is a synthetic comment for dummy function 473.,en,This is a synthetic comment for dummy function 473.,Synthetic,Generated_Data,this is a synthetic comment for dummy function 473,this is a synthetic comment for dummy function 473,"// Dummy code snippet <NUM>
void dummy_function_473() { /* This is a placeholder. */ }"
DUMMY_474,"// Dummy code snippet 474
void dummy_function_474() { /* This is a placeholder. */ }",Unknown,This is a synthetic comment for dummy function 474.,te,డమ్మీ ఫంక్షన్ 474 కోసం ఇది సింథటిక్ వ్యాఖ్య.,Synthetic,Generated_Data,this is a synthetic comment for dummy function 474,డమమ ఫకషన 474 కస ఇద సథటక వయఖయ,"// Dummy code snippet <NUM>
void dummy_function_474() { /* This is a placeholder. */ }"
DUMMY_475,"// Dummy code snippet 475
void dummy_function_475() { /* This is a placeholder. */ }",Unknown,This is a synthetic comment for dummy function 475.,it,Questo è un commento sintetico per la funzione fittizia 475.,Synthetic,Generated_Data,this is a synthetic comment for dummy function 475,questo è un commento sintetico per la funzione fittizia 475,"// Dummy code snippet <NUM>
void dummy_function_475() { /* This is a placeholder. */ }"
DUMMY_476,"// Dummy code snippet 476
void dummy_function_476() { /* This is a placeholder. */ }",Unknown,This is a synthetic comment for dummy function 476.,it,Questo è un commento sintetico per la funzione fittizia 476.,Synthetic,Generated_Data,this is a synthetic comment for dummy function 476,questo è un commento sintetico per la funzione fittizia 476,"// Dummy code snippet <NUM>
void dummy_function_476() { /* This is a placeholder. */ }"
DUMMY_477,"// Dummy code snippet 477
void dummy_function_477() { /* This is a placeholder. */ }",Unknown,This is a synthetic comment for dummy function 477.,kn,ಇದು ಡಮ್ಮಿ ಫಂಕ್ಷನ್ 477 ಗಾಗಿ ಸಂಶ್ಲೇಷಿತ ಕಾಮೆಂಟ್ ಆಗಿದೆ.,Synthetic,Generated_Data,this is a synthetic comment for dummy function 477,ಇದ ಡಮಮ ಫಕಷನ 477 ಗಗ ಸಶಲಷತ ಕಮಟ ಆಗದ,"// Dummy code snippet <NUM>
void dummy_function_477() { /* This is a placeholder. */ }"
DUMMY_478,"// Dummy code snippet 478
void dummy_function_478() { /* This is a placeholder. */ }",Unknown,This is a synthetic comment for dummy function 478.,kn,ಡಮ್ಮಿ ಫಂಕ್ಷನ್ 478 ಗಾಗಿ ಇದು ಸಂಶ್ಲೇಷಿತ ಕಾಮೆಂಟ್ ಆಗಿದೆ.,Synthetic,Generated_Data,this is a synthetic comment for dummy function 478,ಡಮಮ ಫಕಷನ 478 ಗಗ ಇದ ಸಶಲಷತ ಕಮಟ ಆಗದ,"// Dummy code snippet <NUM>
void dummy_function_478() { /* This is a placeholder. */ }"
DUMMY_479,"// Dummy code snippet 479
void dummy_function_479() { /* This is a placeholder. */ }",Unknown,This is a synthetic comment for dummy function 479.,te,డమ్మీ ఫంక్షన్ 479 కోసం ఇది సింథటిక్ వ్యాఖ్య.,Synthetic,Generated_Data,this is a synthetic comment for dummy function 479,డమమ ఫకషన 479 కస ఇద సథటక వయఖయ,"// Dummy code snippet <NUM>
void dummy_function_479() { /* This is a placeholder. */ }"
DUMMY_480,"// Dummy code snippet 480
void dummy_function_480() { /* This is a placeholder. */ }",Unknown,This is a synthetic comment for dummy function 480.,hi,यह डमी फ़ंक्शन 480 के लिए एक सिंथेटिक टिप्पणी है।,Synthetic,Generated_Data,this is a synthetic comment for dummy function 480,यह डम फकशन 480 क लए एक सथटक टपपण ह,"// Dummy code snippet <NUM>
void dummy_function_480() { /* This is a placeholder. */ }"
DUMMY_481,"// Dummy code snippet 481
void dummy_function_481() { /* This is a placeholder. */ }",Unknown,This is a synthetic comment for dummy function 481.,de,Dies ist ein synthetischer Kommentar für die Dummy -Funktion 481.,Synthetic,Generated_Data,this is a synthetic comment for dummy function 481,dies ist ein synthetischer kommentar für die dummy funktion 481,"// Dummy code snippet <NUM>
void dummy_function_481() { /* This is a placeholder. */ }"
DUMMY_482,"// Dummy code snippet 482
void dummy_function_482() { /* This is a placeholder. */ }",Unknown,This is a synthetic comment for dummy function 482.,de,Dies ist ein synthetischer Kommentar für die Dummy -Funktion 482.,Synthetic,Generated_Data,this is a synthetic comment for dummy function 482,dies ist ein synthetischer kommentar für die dummy funktion 482,"// Dummy code snippet <NUM>
void dummy_function_482() { /* This is a placeholder. */ }"
DUMMY_483,"// Dummy code snippet 483
void dummy_function_483() { /* This is a placeholder. */ }",Unknown,This is a synthetic comment for dummy function 483.,de,Dies ist ein synthetischer Kommentar für die Dummy -Funktion 483.,Synthetic,Generated_Data,this is a synthetic comment for dummy function 483,dies ist ein synthetischer kommentar für die dummy funktion 483,"// Dummy code snippet <NUM>
void dummy_function_483() { /* This is a placeholder. */ }"
DUMMY_484,"// Dummy code snippet 484
void dummy_function_484() { /* This is a placeholder. */ }",Unknown,This is a synthetic comment for dummy function 484.,hi,यह डमी फ़ंक्शन 484 के लिए एक सिंथेटिक टिप्पणी है।,Synthetic,Generated_Data,this is a synthetic comment for dummy function 484,यह डम फकशन 484 क लए एक सथटक टपपण ह,"// Dummy code snippet <NUM>
void dummy_function_484() { /* This is a placeholder. */ }"
DUMMY_485,"// Dummy code snippet 485
void dummy_function_485() { /* This is a placeholder. */ }",Unknown,This is a synthetic comment for dummy function 485.,de,Dies ist ein synthetischer Kommentar für die Dummy -Funktion 485.,Synthetic,Generated_Data,this is a synthetic comment for dummy function 485,dies ist ein synthetischer kommentar für die dummy funktion 485,"// Dummy code snippet <NUM>
void dummy_function_485() { /* This is a placeholder. */ }"
DUMMY_486,"// Dummy code snippet 486
void dummy_function_486() { /* This is a placeholder. */ }",Unknown,This is a synthetic comment for dummy function 486.,ta,போலி செயல்பாடு 486 க்கான செயற்கை கருத்து இது.,Synthetic,Generated_Data,this is a synthetic comment for dummy function 486,பல சயலபட 486 ககன சயறக கரதத இத,"// Dummy code snippet <NUM>
void dummy_function_486() { /* This is a placeholder. */ }"
DUMMY_487,"// Dummy code snippet 487
void dummy_function_487() { /* This is a placeholder. */ }",Unknown,This is a synthetic comment for dummy function 487.,fr,Ceci est un commentaire synthétique pour la fonction factice 487.,Synthetic,Generated_Data,this is a synthetic comment for dummy function 487,ceci est un commentaire synthétique pour la fonction factice 487,"// Dummy code snippet <NUM>
void dummy_function_487() { /* This is a placeholder. */ }"
DUMMY_488,"// Dummy code snippet 488
void dummy_function_488() { /* This is a placeholder. */ }",Unknown,This is a synthetic comment for dummy function 488.,en,This is a synthetic comment for dummy function 488.,Synthetic,Generated_Data,this is a synthetic comment for dummy function 488,this is a synthetic comment for dummy function 488,"// Dummy code snippet <NUM>
void dummy_function_488() { /* This is a placeholder. */ }"
DUMMY_489,"// Dummy code snippet 489
void dummy_function_489() { /* This is a placeholder. */ }",Unknown,This is a synthetic comment for dummy function 489.,it,Questo è un commento sintetico per la funzione fittizia 489.,Synthetic,Generated_Data,this is a synthetic comment for dummy function 489,questo è un commento sintetico per la funzione fittizia 489,"// Dummy code snippet <NUM>
void dummy_function_489() { /* This is a placeholder. */ }"
DUMMY_490,"// Dummy code snippet 490
void dummy_function_490() { /* This is a placeholder. */ }",Unknown,This is a synthetic comment for dummy function 490.,ml,ഡമ്മി ഫംഗ്ഷനുള്ള ഒരു സിന്തറ്റിക് അഭിപ്രായമാണിത് 490.,Synthetic,Generated_Data,this is a synthetic comment for dummy function 490,ഡമമ ഫഗഷനളള ഒര സനതററക അഭപരയമണത 490,"// Dummy code snippet <NUM>
void dummy_function_490() { /* This is a placeholder. */ }"
DUMMY_491,"// Dummy code snippet 491
void dummy_function_491() { /* This is a placeholder. */ }",Unknown,This is a synthetic comment for dummy function 491.,it,Questo è un commento sintetico per la funzione fittizia 491.,Synthetic,Generated_Data,this is a synthetic comment for dummy function 491,questo è un commento sintetico per la funzione fittizia 491,"// Dummy code snippet <NUM>
void dummy_function_491() { /* This is a placeholder. */ }"
DUMMY_492,"// Dummy code snippet 492
void dummy_function_492() { /* This is a placeholder. */ }",Unknown,This is a synthetic comment for dummy function 492.,ml,ഡമ്മി ഫംഗ്ഷനുള്ള ഒരു സിന്തറ്റിക് അഭിപ്രായമാണിത് 492.,Synthetic,Generated_Data,this is a synthetic comment for dummy function 492,ഡമമ ഫഗഷനളള ഒര സനതററക അഭപരയമണത 492,"// Dummy code snippet <NUM>
void dummy_function_492() { /* This is a placeholder. */ }"
DUMMY_493,"// Dummy code snippet 493
void dummy_function_493() { /* This is a placeholder. */ }",Unknown,This is a synthetic comment for dummy function 493.,en,This is a synthetic comment for dummy function 493.,Synthetic,Generated_Data,this is a synthetic comment for dummy function 493,this is a synthetic comment for dummy function 493,"// Dummy code snippet <NUM>
void dummy_function_493() { /* This is a placeholder. */ }"
DUMMY_494,"// Dummy code snippet 494
void dummy_function_494() { /* This is a placeholder. */ }",Unknown,This is a synthetic comment for dummy function 494.,kn,ಡಮ್ಮಿ ಫಂಕ್ಷನ್ 494 ಗಾಗಿ ಇದು ಸಂಶ್ಲೇಷಿತ ಕಾಮೆಂಟ್ ಆಗಿದೆ.,Synthetic,Generated_Data,this is a synthetic comment for dummy function 494,ಡಮಮ ಫಕಷನ 494 ಗಗ ಇದ ಸಶಲಷತ ಕಮಟ ಆಗದ,"// Dummy code snippet <NUM>
void dummy_function_494() { /* This is a placeholder. */ }"
DUMMY_495,"// Dummy code snippet 495
void dummy_function_495() { /* This is a placeholder. */ }",Unknown,This is a synthetic comment for dummy function 495.,ml,495 ഡമ്മി ഫംഗ്ഷനുള്ള ഒരു സിന്തറ്റിക് അഭിപ്രായമാണിത്.,Synthetic,Generated_Data,this is a synthetic comment for dummy function 495,495 ഡമമ ഫഗഷനളള ഒര സനതററക അഭപരയമണത,"// Dummy code snippet <NUM>
void dummy_function_495() { /* This is a placeholder. */ }"
DUMMY_496,"// Dummy code snippet 496
void dummy_function_496() { /* This is a placeholder. */ }",Unknown,This is a synthetic comment for dummy function 496.,ta,போலி செயல்பாடு 496 க்கான செயற்கை கருத்து இது.,Synthetic,Generated_Data,this is a synthetic comment for dummy function 496,பல சயலபட 496 ககன சயறக கரதத இத,"// Dummy code snippet <NUM>
void dummy_function_496() { /* This is a placeholder. */ }"
DUMMY_497,"// Dummy code snippet 497
void dummy_function_497() { /* This is a placeholder. */ }",Unknown,This is a synthetic comment for dummy function 497.,te,డమ్మీ ఫంక్షన్ 497 కోసం ఇది సింథటిక్ వ్యాఖ్య.,Synthetic,Generated_Data,this is a synthetic comment for dummy function 497,డమమ ఫకషన 497 కస ఇద సథటక వయఖయ,"// Dummy code snippet <NUM>
void dummy_function_497() { /* This is a placeholder. */ }"
DUMMY_498,"// Dummy code snippet 498
void dummy_function_498() { /* This is a placeholder. */ }",Unknown,This is a synthetic comment for dummy function 498.,hi,यह डमी फ़ंक्शन 498 के लिए एक सिंथेटिक टिप्पणी है।,Synthetic,Generated_Data,this is a synthetic comment for dummy function 498,यह डम फकशन 498 क लए एक सथटक टपपण ह,"// Dummy code snippet <NUM>
void dummy_function_498() { /* This is a placeholder. */ }"
DUMMY_499,"// Dummy code snippet 499
void dummy_function_499() { /* This is a placeholder. */ }",Unknown,This is a synthetic comment for dummy function 499.,fr,Ceci est un commentaire synthétique pour la fonction factice 499.,Synthetic,Generated_Data,this is a synthetic comment for dummy function 499,ceci est un commentaire synthétique pour la fonction factice 499,"// Dummy code snippet <NUM>
void dummy_function_499() { /* This is a placeholder. */ }"
DUMMY_500,"// Dummy code snippet 500
void dummy_function_500() { /* This is a placeholder. */ }",Unknown,This is a synthetic comment for dummy function 500.,kn,ಇದು ಡಮ್ಮಿ ಫಂಕ್ಷನ್ 500 ಗಾಗಿ ಸಂಶ್ಲೇಷಿತ ಕಾಮೆಂಟ್ ಆಗಿದೆ.,Synthetic,Generated_Data,this is a synthetic comment for dummy function 500,ಇದ ಡಮಮ ಫಕಷನ 500 ಗಗ ಸಶಲಷತ ಕಮಟ ಆಗದ,"// Dummy code snippet <NUM>
void dummy_function_500() { /* This is a placeholder. */ }"
DUMMY_501,"// Dummy code snippet 501
void dummy_function_501() { /* This is a placeholder. */ }",Unknown,This is a synthetic comment for dummy function 501.,hi,यह डमी फ़ंक्शन 501 के लिए एक सिंथेटिक टिप्पणी है।,Synthetic,Generated_Data,this is a synthetic comment for dummy function 501,यह डम फकशन 501 क लए एक सथटक टपपण ह,"// Dummy code snippet <NUM>
void dummy_function_501() { /* This is a placeholder. */ }"
DUMMY_502,"// Dummy code snippet 502
void dummy_function_502() { /* This is a placeholder. */ }",Unknown,This is a synthetic comment for dummy function 502.,te,డమ్మీ ఫంక్షన్ 502 కోసం ఇది సింథటిక్ వ్యాఖ్య.,Synthetic,Generated_Data,this is a synthetic comment for dummy function 502,డమమ ఫకషన 502 కస ఇద సథటక వయఖయ,"// Dummy code snippet <NUM>
void dummy_function_502() { /* This is a placeholder. */ }"
DUMMY_503,"// Dummy code snippet 503
void dummy_function_503() { /* This is a placeholder. */ }",Unknown,This is a synthetic comment for dummy function 503.,fr,Ceci est un commentaire synthétique pour la fonction factice 503.,Synthetic,Generated_Data,this is a synthetic comment for dummy function 503,ceci est un commentaire synthétique pour la fonction factice 503,"// Dummy code snippet <NUM>
void dummy_function_503() { /* This is a placeholder. */ }"
DUMMY_504,"// Dummy code snippet 504
void dummy_function_504() { /* This is a placeholder. */ }",Unknown,This is a synthetic comment for dummy function 504.,en,This is a synthetic comment for dummy function 504.,Synthetic,Generated_Data,this is a synthetic comment for dummy function 504,this is a synthetic comment for dummy function 504,"// Dummy code snippet <NUM>
void dummy_function_504() { /* This is a placeholder. */ }"
DUMMY_505,"// Dummy code snippet 505
void dummy_function_505() { /* This is a placeholder. */ }",Unknown,This is a synthetic comment for dummy function 505.,ta,போலி செயல்பாடு 505 க்கான செயற்கை கருத்து இது.,Synthetic,Generated_Data,this is a synthetic comment for dummy function 505,பல சயலபட 505 ககன சயறக கரதத இத,"// Dummy code snippet <NUM>
void dummy_function_505() { /* This is a placeholder. */ }"
DUMMY_506,"// Dummy code snippet 506
void dummy_function_506() { /* This is a placeholder. */ }",Unknown,This is a synthetic comment for dummy function 506.,fr,Ceci est un commentaire synthétique pour la fonction factice 506.,Synthetic,Generated_Data,this is a synthetic comment for dummy function 506,ceci est un commentaire synthétique pour la fonction factice 506,"// Dummy code snippet <NUM>
void dummy_function_506() { /* This is a placeholder. */ }"
DUMMY_507,"// Dummy code snippet 507
void dummy_function_507() { /* This is a placeholder. */ }",Unknown,This is a synthetic comment for dummy function 507.,es,Este es un comentario sintético para la función ficticia 507.,Synthetic,Generated_Data,this is a synthetic comment for dummy function 507,este es un comentario sintético para la función ficticia 507,"// Dummy code snippet <NUM>
void dummy_function_507() { /* This is a placeholder. */ }"
DUMMY_508,"// Dummy code snippet 508
void dummy_function_508() { /* This is a placeholder. */ }",Unknown,This is a synthetic comment for dummy function 508.,ml,ഡമ്മി ഫംഗ്ഷൻ 508 നായുള്ള ഒരു സിന്തറ്റിക് അഭിപ്രായമാണിത്.,Synthetic,Generated_Data,this is a synthetic comment for dummy function 508,ഡമമ ഫഗഷൻ 508 നയളള ഒര സനതററക അഭപരയമണത,"// Dummy code snippet <NUM>
void dummy_function_508() { /* This is a placeholder. */ }"
DUMMY_509,"// Dummy code snippet 509
void dummy_function_509() { /* This is a placeholder. */ }",Unknown,This is a synthetic comment for dummy function 509.,te,డమ్మీ ఫంక్షన్ 509 కోసం ఇది సింథటిక్ వ్యాఖ్య.,Synthetic,Generated_Data,this is a synthetic comment for dummy function 509,డమమ ఫకషన 509 కస ఇద సథటక వయఖయ,"// Dummy code snippet <NUM>
void dummy_function_509() { /* This is a placeholder. */ }"
DUMMY_510,"// Dummy code snippet 510
void dummy_function_510() { /* This is a placeholder. */ }",Unknown,This is a synthetic comment for dummy function 510.,hi,यह डमी फ़ंक्शन 510 के लिए एक सिंथेटिक टिप्पणी है।,Synthetic,Generated_Data,this is a synthetic comment for dummy function 510,यह डम फकशन 510 क लए एक सथटक टपपण ह,"// Dummy code snippet <NUM>
void dummy_function_510() { /* This is a placeholder. */ }"
DUMMY_511,"// Dummy code snippet 511
void dummy_function_511() { /* This is a placeholder. */ }",Unknown,This is a synthetic comment for dummy function 511.,de,Dies ist ein synthetischer Kommentar für die Dummy -Funktion 511.,Synthetic,Generated_Data,this is a synthetic comment for dummy function 511,dies ist ein synthetischer kommentar für die dummy funktion 511,"// Dummy code snippet <NUM>
void dummy_function_511() { /* This is a placeholder. */ }"
DUMMY_512,"// Dummy code snippet 512
void dummy_function_512() { /* This is a placeholder. */ }",Unknown,This is a synthetic comment for dummy function 512.,fr,Ceci est un commentaire synthétique pour la fonction factice 512.,Synthetic,Generated_Data,this is a synthetic comment for dummy function 512,ceci est un commentaire synthétique pour la fonction factice 512,"// Dummy code snippet <NUM>
void dummy_function_512() { /* This is a placeholder. */ }"
DUMMY_513,"// Dummy code snippet 513
void dummy_function_513() { /* This is a placeholder. */ }",Unknown,This is a synthetic comment for dummy function 513.,en,This is a synthetic comment for dummy function 513.,Synthetic,Generated_Data,this is a synthetic comment for dummy function 513,this is a synthetic comment for dummy function 513,"// Dummy code snippet <NUM>
void dummy_function_513() { /* This is a placeholder. */ }"
DUMMY_514,"// Dummy code snippet 514
void dummy_function_514() { /* This is a placeholder. */ }",Unknown,This is a synthetic comment for dummy function 514.,fr,Ceci est un commentaire synthétique pour la fonction factice 514.,Synthetic,Generated_Data,this is a synthetic comment for dummy function 514,ceci est un commentaire synthétique pour la fonction factice 514,"// Dummy code snippet <NUM>
void dummy_function_514() { /* This is a placeholder. */ }"
DUMMY_515,"// Dummy code snippet 515
void dummy_function_515() { /* This is a placeholder. */ }",Unknown,This is a synthetic comment for dummy function 515.,es,Este es un comentario sintético para la función ficticia 515.,Synthetic,Generated_Data,this is a synthetic comment for dummy function 515,este es un comentario sintético para la función ficticia 515,"// Dummy code snippet <NUM>
void dummy_function_515() { /* This is a placeholder. */ }"
DUMMY_516,"// Dummy code snippet 516
void dummy_function_516() { /* This is a placeholder. */ }",Unknown,This is a synthetic comment for dummy function 516.,ta,போலி செயல்பாடு 516 க்கான செயற்கை கருத்து இது.,Synthetic,Generated_Data,this is a synthetic comment for dummy function 516,பல சயலபட 516 ககன சயறக கரதத இத,"// Dummy code snippet <NUM>
void dummy_function_516() { /* This is a placeholder. */ }"
DUMMY_517,"// Dummy code snippet 517
void dummy_function_517() { /* This is a placeholder. */ }",Unknown,This is a synthetic comment for dummy function 517.,fr,Ceci est un commentaire synthétique pour la fonction factice 517.,Synthetic,Generated_Data,this is a synthetic comment for dummy function 517,ceci est un commentaire synthétique pour la fonction factice 517,"// Dummy code snippet <NUM>
void dummy_function_517() { /* This is a placeholder. */ }"
DUMMY_518,"// Dummy code snippet 518
void dummy_function_518() { /* This is a placeholder. */ }",Unknown,This is a synthetic comment for dummy function 518.,es,Este es un comentario sintético para la función ficticia 518.,Synthetic,Generated_Data,this is a synthetic comment for dummy function 518,este es un comentario sintético para la función ficticia 518,"// Dummy code snippet <NUM>
void dummy_function_518() { /* This is a placeholder. */ }"
DUMMY_519,"// Dummy code snippet 519
void dummy_function_519() { /* This is a placeholder. */ }",Unknown,This is a synthetic comment for dummy function 519.,ta,போலி செயல்பாடு 519 க்கான செயற்கை கருத்து இது.,Synthetic,Generated_Data,this is a synthetic comment for dummy function 519,பல சயலபட 519 ககன சயறக கரதத இத,"// Dummy code snippet <NUM>
void dummy_function_519() { /* This is a placeholder. */ }"
DUMMY_520,"// Dummy code snippet 520
void dummy_function_520() { /* This is a placeholder. */ }",Unknown,This is a synthetic comment for dummy function 520.,it,Questo è un commento sintetico per la funzione fittizia 520.,Synthetic,Generated_Data,this is a synthetic comment for dummy function 520,questo è un commento sintetico per la funzione fittizia 520,"// Dummy code snippet <NUM>
void dummy_function_520() { /* This is a placeholder. */ }"
DUMMY_521,"// Dummy code snippet 521
void dummy_function_521() { /* This is a placeholder. */ }",Unknown,This is a synthetic comment for dummy function 521.,es,Este es un comentario sintético para la función ficticia 521.,Synthetic,Generated_Data,this is a synthetic comment for dummy function 521,este es un comentario sintético para la función ficticia 521,"// Dummy code snippet <NUM>
void dummy_function_521() { /* This is a placeholder. */ }"
DUMMY_522,"// Dummy code snippet 522
void dummy_function_522() { /* This is a placeholder. */ }",Unknown,This is a synthetic comment for dummy function 522.,hi,यह डमी फ़ंक्शन 522 के लिए एक सिंथेटिक टिप्पणी है।,Synthetic,Generated_Data,this is a synthetic comment for dummy function 522,यह डम फकशन 522 क लए एक सथटक टपपण ह,"// Dummy code snippet <NUM>
void dummy_function_522() { /* This is a placeholder. */ }"
DUMMY_523,"// Dummy code snippet 523
void dummy_function_523() { /* This is a placeholder. */ }",Unknown,This is a synthetic comment for dummy function 523.,en,This is a synthetic comment for dummy function 523.,Synthetic,Generated_Data,this is a synthetic comment for dummy function 523,this is a synthetic comment for dummy function 523,"// Dummy code snippet <NUM>
void dummy_function_523() { /* This is a placeholder. */ }"
DUMMY_524,"// Dummy code snippet 524
void dummy_function_524() { /* This is a placeholder. */ }",Unknown,This is a synthetic comment for dummy function 524.,te,డమ్మీ ఫంక్షన్ 524 కోసం ఇది సింథటిక్ వ్యాఖ్య.,Synthetic,Generated_Data,this is a synthetic comment for dummy function 524,డమమ ఫకషన 524 కస ఇద సథటక వయఖయ,"// Dummy code snippet <NUM>
void dummy_function_524() { /* This is a placeholder. */ }"
DUMMY_525,"// Dummy code snippet 525
void dummy_function_525() { /* This is a placeholder. */ }",Unknown,This is a synthetic comment for dummy function 525.,hi,यह डमी फ़ंक्शन 525 के लिए एक सिंथेटिक टिप्पणी है।,Synthetic,Generated_Data,this is a synthetic comment for dummy function 525,यह डम फकशन 525 क लए एक सथटक टपपण ह,"// Dummy code snippet <NUM>
void dummy_function_525() { /* This is a placeholder. */ }"
DUMMY_526,"// Dummy code snippet 526
void dummy_function_526() { /* This is a placeholder. */ }",Unknown,This is a synthetic comment for dummy function 526.,en,This is a synthetic comment for dummy function 526.,Synthetic,Generated_Data,this is a synthetic comment for dummy function 526,this is a synthetic comment for dummy function 526,"// Dummy code snippet <NUM>
void dummy_function_526() { /* This is a placeholder. */ }"
DUMMY_527,"// Dummy code snippet 527
void dummy_function_527() { /* This is a placeholder. */ }",Unknown,This is a synthetic comment for dummy function 527.,it,Questo è un commento sintetico per la funzione fittizia 527.,Synthetic,Generated_Data,this is a synthetic comment for dummy function 527,questo è un commento sintetico per la funzione fittizia 527,"// Dummy code snippet <NUM>
void dummy_function_527() { /* This is a placeholder. */ }"
DUMMY_528,"// Dummy code snippet 528
void dummy_function_528() { /* This is a placeholder. */ }",Unknown,This is a synthetic comment for dummy function 528.,it,Questo è un commento sintetico per la funzione fittizia 528.,Synthetic,Generated_Data,this is a synthetic comment for dummy function 528,questo è un commento sintetico per la funzione fittizia 528,"// Dummy code snippet <NUM>
void dummy_function_528() { /* This is a placeholder. */ }"
DUMMY_529,"// Dummy code snippet 529
void dummy_function_529() { /* This is a placeholder. */ }",Unknown,This is a synthetic comment for dummy function 529.,en,This is a synthetic comment for dummy function 529.,Synthetic,Generated_Data,this is a synthetic comment for dummy function 529,this is a synthetic comment for dummy function 529,"// Dummy code snippet <NUM>
void dummy_function_529() { /* This is a placeholder. */ }"
DUMMY_530,"// Dummy code snippet 530
void dummy_function_530() { /* This is a placeholder. */ }",Unknown,This is a synthetic comment for dummy function 530.,te,డమ్మీ ఫంక్షన్ 530 కోసం ఇది సింథటిక్ వ్యాఖ్య.,Synthetic,Generated_Data,this is a synthetic comment for dummy function 530,డమమ ఫకషన 530 కస ఇద సథటక వయఖయ,"// Dummy code snippet <NUM>
void dummy_function_530() { /* This is a placeholder. */ }"
DUMMY_531,"// Dummy code snippet 531
void dummy_function_531() { /* This is a placeholder. */ }",Unknown,This is a synthetic comment for dummy function 531.,es,Este es un comentario sintético para la función ficticia 531.,Synthetic,Generated_Data,this is a synthetic comment for dummy function 531,este es un comentario sintético para la función ficticia 531,"// Dummy code snippet <NUM>
void dummy_function_531() { /* This is a placeholder. */ }"
DUMMY_532,"// Dummy code snippet 532
void dummy_function_532() { /* This is a placeholder. */ }",Unknown,This is a synthetic comment for dummy function 532.,hi,यह डमी फ़ंक्शन 532 के लिए एक सिंथेटिक टिप्पणी है।,Synthetic,Generated_Data,this is a synthetic comment for dummy function 532,यह डम फकशन 532 क लए एक सथटक टपपण ह,"// Dummy code snippet <NUM>
void dummy_function_532() { /* This is a placeholder. */ }"
DUMMY_533,"// Dummy code snippet 533
void dummy_function_533() { /* This is a placeholder. */ }",Unknown,This is a synthetic comment for dummy function 533.,fr,Ceci est un commentaire synthétique pour la fonction factice 533.,Synthetic,Generated_Data,this is a synthetic comment for dummy function 533,ceci est un commentaire synthétique pour la fonction factice 533,"// Dummy code snippet <NUM>
void dummy_function_533() { /* This is a placeholder. */ }"
DUMMY_534,"// Dummy code snippet 534
void dummy_function_534() { /* This is a placeholder. */ }",Unknown,This is a synthetic comment for dummy function 534.,ta,போலி செயல்பாடு 534 க்கான செயற்கை கருத்து இது.,Synthetic,Generated_Data,this is a synthetic comment for dummy function 534,பல சயலபட 534 ககன சயறக கரதத இத,"// Dummy code snippet <NUM>
void dummy_function_534() { /* This is a placeholder. */ }"
DUMMY_535,"// Dummy code snippet 535
void dummy_function_535() { /* This is a placeholder. */ }",Unknown,This is a synthetic comment for dummy function 535.,it,Questo è un commento sintetico per la funzione fittizia 535.,Synthetic,Generated_Data,this is a synthetic comment for dummy function 535,questo è un commento sintetico per la funzione fittizia 535,"// Dummy code snippet <NUM>
void dummy_function_535() { /* This is a placeholder. */ }"
DUMMY_536,"// Dummy code snippet 536
void dummy_function_536() { /* This is a placeholder. */ }",Unknown,This is a synthetic comment for dummy function 536.,kn,ಇದು ಡಮ್ಮಿ ಫಂಕ್ಷನ್ 536 ಗಾಗಿ ಸಂಶ್ಲೇಷಿತ ಕಾಮೆಂಟ್ ಆಗಿದೆ.,Synthetic,Generated_Data,this is a synthetic comment for dummy function 536,ಇದ ಡಮಮ ಫಕಷನ 536 ಗಗ ಸಶಲಷತ ಕಮಟ ಆಗದ,"// Dummy code snippet <NUM>
void dummy_function_536() { /* This is a placeholder. */ }"
DUMMY_537,"// Dummy code snippet 537
void dummy_function_537() { /* This is a placeholder. */ }",Unknown,This is a synthetic comment for dummy function 537.,de,Dies ist ein synthetischer Kommentar für die Dummy -Funktion 537.,Synthetic,Generated_Data,this is a synthetic comment for dummy function 537,dies ist ein synthetischer kommentar für die dummy funktion 537,"// Dummy code snippet <NUM>
void dummy_function_537() { /* This is a placeholder. */ }"
DUMMY_538,"// Dummy code snippet 538
void dummy_function_538() { /* This is a placeholder. */ }",Unknown,This is a synthetic comment for dummy function 538.,de,Dies ist ein synthetischer Kommentar für die Dummy -Funktion 538.,Synthetic,Generated_Data,this is a synthetic comment for dummy function 538,dies ist ein synthetischer kommentar für die dummy funktion 538,"// Dummy code snippet <NUM>
void dummy_function_538() { /* This is a placeholder. */ }"
DUMMY_539,"// Dummy code snippet 539
void dummy_function_539() { /* This is a placeholder. */ }",Unknown,This is a synthetic comment for dummy function 539.,ta,போலி செயல்பாடு 539 க்கான செயற்கை கருத்து இது.,Synthetic,Generated_Data,this is a synthetic comment for dummy function 539,பல சயலபட 539 ககன சயறக கரதத இத,"// Dummy code snippet <NUM>
void dummy_function_539() { /* This is a placeholder. */ }"
DUMMY_540,"// Dummy code snippet 540
void dummy_function_540() { /* This is a placeholder. */ }",Unknown,This is a synthetic comment for dummy function 540.,es,Este es un comentario sintético para la función ficticia 540.,Synthetic,Generated_Data,this is a synthetic comment for dummy function 540,este es un comentario sintético para la función ficticia 540,"// Dummy code snippet <NUM>
void dummy_function_540() { /* This is a placeholder. */ }"
DUMMY_541,"// Dummy code snippet 541
void dummy_function_541() { /* This is a placeholder. */ }",Unknown,This is a synthetic comment for dummy function 541.,de,Dies ist ein synthetischer Kommentar für die Dummy -Funktion 541.,Synthetic,Generated_Data,this is a synthetic comment for dummy function 541,dies ist ein synthetischer kommentar für die dummy funktion 541,"// Dummy code snippet <NUM>
void dummy_function_541() { /* This is a placeholder. */ }"
DUMMY_542,"// Dummy code snippet 542
void dummy_function_542() { /* This is a placeholder. */ }",Unknown,This is a synthetic comment for dummy function 542.,de,Dies ist ein synthetischer Kommentar für die Dummy -Funktion 542.,Synthetic,Generated_Data,this is a synthetic comment for dummy function 542,dies ist ein synthetischer kommentar für die dummy funktion 542,"// Dummy code snippet <NUM>
void dummy_function_542() { /* This is a placeholder. */ }"
DUMMY_543,"// Dummy code snippet 543
void dummy_function_543() { /* This is a placeholder. */ }",Unknown,This is a synthetic comment for dummy function 543.,de,Dies ist ein synthetischer Kommentar für die Dummy -Funktion 543.,Synthetic,Generated_Data,this is a synthetic comment for dummy function 543,dies ist ein synthetischer kommentar für die dummy funktion 543,"// Dummy code snippet <NUM>
void dummy_function_543() { /* This is a placeholder. */ }"
DUMMY_544,"// Dummy code snippet 544
void dummy_function_544() { /* This is a placeholder. */ }",Unknown,This is a synthetic comment for dummy function 544.,fr,Ceci est un commentaire synthétique pour la fonction factice 544.,Synthetic,Generated_Data,this is a synthetic comment for dummy function 544,ceci est un commentaire synthétique pour la fonction factice 544,"// Dummy code snippet <NUM>
void dummy_function_544() { /* This is a placeholder. */ }"
DUMMY_545,"// Dummy code snippet 545
void dummy_function_545() { /* This is a placeholder. */ }",Unknown,This is a synthetic comment for dummy function 545.,de,Dies ist ein synthetischer Kommentar für die Dummy -Funktion 545.,Synthetic,Generated_Data,this is a synthetic comment for dummy function 545,dies ist ein synthetischer kommentar für die dummy funktion 545,"// Dummy code snippet <NUM>
void dummy_function_545() { /* This is a placeholder. */ }"
DUMMY_546,"// Dummy code snippet 546
void dummy_function_546() { /* This is a placeholder. */ }",Unknown,This is a synthetic comment for dummy function 546.,es,Este es un comentario sintético para la función ficticia 546.,Synthetic,Generated_Data,this is a synthetic comment for dummy function 546,este es un comentario sintético para la función ficticia 546,"// Dummy code snippet <NUM>
void dummy_function_546() { /* This is a placeholder. */ }"
DUMMY_547,"// Dummy code snippet 547
void dummy_function_547() { /* This is a placeholder. */ }",Unknown,This is a synthetic comment for dummy function 547.,te,డమ్మీ ఫంక్షన్ 547 కోసం ఇది సింథటిక్ వ్యాఖ్య.,Synthetic,Generated_Data,this is a synthetic comment for dummy function 547,డమమ ఫకషన 547 కస ఇద సథటక వయఖయ,"// Dummy code snippet <NUM>
void dummy_function_547() { /* This is a placeholder. */ }"
DUMMY_548,"// Dummy code snippet 548
void dummy_function_548() { /* This is a placeholder. */ }",Unknown,This is a synthetic comment for dummy function 548.,fr,Ceci est un commentaire synthétique pour la fonction factice 548.,Synthetic,Generated_Data,this is a synthetic comment for dummy function 548,ceci est un commentaire synthétique pour la fonction factice 548,"// Dummy code snippet <NUM>
void dummy_function_548() { /* This is a placeholder. */ }"
DUMMY_549,"// Dummy code snippet 549
void dummy_function_549() { /* This is a placeholder. */ }",Unknown,This is a synthetic comment for dummy function 549.,te,డమ్మీ ఫంక్షన్ 549 కోసం ఇది సింథటిక్ వ్యాఖ్య.,Synthetic,Generated_Data,this is a synthetic comment for dummy function 549,డమమ ఫకషన 549 కస ఇద సథటక వయఖయ,"// Dummy code snippet <NUM>
void dummy_function_549() { /* This is a placeholder. */ }"
DUMMY_550,"// Dummy code snippet 550
void dummy_function_550() { /* This is a placeholder. */ }",Unknown,This is a synthetic comment for dummy function 550.,es,Este es un comentario sintético para la función ficticia 550.,Synthetic,Generated_Data,this is a synthetic comment for dummy function 550,este es un comentario sintético para la función ficticia 550,"// Dummy code snippet <NUM>
void dummy_function_550() { /* This is a placeholder. */ }"
DUMMY_551,"// Dummy code snippet 551
void dummy_function_551() { /* This is a placeholder. */ }",Unknown,This is a synthetic comment for dummy function 551.,ml,551 ഡമ്മി ഫംഗ്ഷനുള്ള ഒരു സിന്തറ്റിക് അഭിപ്രായമാണിത്.,Synthetic,Generated_Data,this is a synthetic comment for dummy function 551,551 ഡമമ ഫഗഷനളള ഒര സനതററക അഭപരയമണത,"// Dummy code snippet <NUM>
void dummy_function_551() { /* This is a placeholder. */ }"
DUMMY_552,"// Dummy code snippet 552
void dummy_function_552() { /* This is a placeholder. */ }",Unknown,This is a synthetic comment for dummy function 552.,ta,போலி செயல்பாடு 552 க்கான செயற்கை கருத்து இது.,Synthetic,Generated_Data,this is a synthetic comment for dummy function 552,பல சயலபட 552 ககன சயறக கரதத இத,"// Dummy code snippet <NUM>
void dummy_function_552() { /* This is a placeholder. */ }"
DUMMY_553,"// Dummy code snippet 553
void dummy_function_553() { /* This is a placeholder. */ }",Unknown,This is a synthetic comment for dummy function 553.,fr,Ceci est un commentaire synthétique pour la fonction factice 553.,Synthetic,Generated_Data,this is a synthetic comment for dummy function 553,ceci est un commentaire synthétique pour la fonction factice 553,"// Dummy code snippet <NUM>
void dummy_function_553() { /* This is a placeholder. */ }"
DUMMY_554,"// Dummy code snippet 554
void dummy_function_554() { /* This is a placeholder. */ }",Unknown,This is a synthetic comment for dummy function 554.,es,Este es un comentario sintético para la función ficticia 554.,Synthetic,Generated_Data,this is a synthetic comment for dummy function 554,este es un comentario sintético para la función ficticia 554,"// Dummy code snippet <NUM>
void dummy_function_554() { /* This is a placeholder. */ }"
DUMMY_555,"// Dummy code snippet 555
void dummy_function_555() { /* This is a placeholder. */ }",Unknown,This is a synthetic comment for dummy function 555.,hi,यह डमी फ़ंक्शन 555 के लिए एक सिंथेटिक टिप्पणी है।,Synthetic,Generated_Data,this is a synthetic comment for dummy function 555,यह डम फकशन 555 क लए एक सथटक टपपण ह,"// Dummy code snippet <NUM>
void dummy_function_555() { /* This is a placeholder. */ }"
DUMMY_556,"// Dummy code snippet 556
void dummy_function_556() { /* This is a placeholder. */ }",Unknown,This is a synthetic comment for dummy function 556.,es,Este es un comentario sintético para la función ficticia 556.,Synthetic,Generated_Data,this is a synthetic comment for dummy function 556,este es un comentario sintético para la función ficticia 556,"// Dummy code snippet <NUM>
void dummy_function_556() { /* This is a placeholder. */ }"
DUMMY_557,"// Dummy code snippet 557
void dummy_function_557() { /* This is a placeholder. */ }",Unknown,This is a synthetic comment for dummy function 557.,it,Questo è un commento sintetico per la funzione fittizia 557.,Synthetic,Generated_Data,this is a synthetic comment for dummy function 557,questo è un commento sintetico per la funzione fittizia 557,"// Dummy code snippet <NUM>
void dummy_function_557() { /* This is a placeholder. */ }"
DUMMY_558,"// Dummy code snippet 558
void dummy_function_558() { /* This is a placeholder. */ }",Unknown,This is a synthetic comment for dummy function 558.,kn,ಇದು ಡಮ್ಮಿ ಫಂಕ್ಷನ್ 558 ಗಾಗಿ ಸಂಶ್ಲೇಷಿತ ಕಾಮೆಂಟ್ ಆಗಿದೆ.,Synthetic,Generated_Data,this is a synthetic comment for dummy function 558,ಇದ ಡಮಮ ಫಕಷನ 558 ಗಗ ಸಶಲಷತ ಕಮಟ ಆಗದ,"// Dummy code snippet <NUM>
void dummy_function_558() { /* This is a placeholder. */ }"
DUMMY_559,"// Dummy code snippet 559
void dummy_function_559() { /* This is a placeholder. */ }",Unknown,This is a synthetic comment for dummy function 559.,es,Este es un comentario sintético para la función ficticia 559.,Synthetic,Generated_Data,this is a synthetic comment for dummy function 559,este es un comentario sintético para la función ficticia 559,"// Dummy code snippet <NUM>
void dummy_function_559() { /* This is a placeholder. */ }"
DUMMY_560,"// Dummy code snippet 560
void dummy_function_560() { /* This is a placeholder. */ }",Unknown,This is a synthetic comment for dummy function 560.,fr,Ceci est un commentaire synthétique pour la fonction factice 560.,Synthetic,Generated_Data,this is a synthetic comment for dummy function 560,ceci est un commentaire synthétique pour la fonction factice 560,"// Dummy code snippet <NUM>
void dummy_function_560() { /* This is a placeholder. */ }"
DUMMY_561,"// Dummy code snippet 561
void dummy_function_561() { /* This is a placeholder. */ }",Unknown,This is a synthetic comment for dummy function 561.,en,This is a synthetic comment for dummy function 561.,Synthetic,Generated_Data,this is a synthetic comment for dummy function 561,this is a synthetic comment for dummy function 561,"// Dummy code snippet <NUM>
void dummy_function_561() { /* This is a placeholder. */ }"
DUMMY_562,"// Dummy code snippet 562
void dummy_function_562() { /* This is a placeholder. */ }",Unknown,This is a synthetic comment for dummy function 562.,es,Este es un comentario sintético para la función ficticia 562.,Synthetic,Generated_Data,this is a synthetic comment for dummy function 562,este es un comentario sintético para la función ficticia 562,"// Dummy code snippet <NUM>
void dummy_function_562() { /* This is a placeholder. */ }"
DUMMY_563,"// Dummy code snippet 563
void dummy_function_563() { /* This is a placeholder. */ }",Unknown,This is a synthetic comment for dummy function 563.,ml,563 ഡമ്മി ഫംഗ്ഷനുള്ള ഒരു സിന്തറ്റിക് അഭിപ്രായമാണിത്.,Synthetic,Generated_Data,this is a synthetic comment for dummy function 563,563 ഡമമ ഫഗഷനളള ഒര സനതററക അഭപരയമണത,"// Dummy code snippet <NUM>
void dummy_function_563() { /* This is a placeholder. */ }"
DUMMY_564,"// Dummy code snippet 564
void dummy_function_564() { /* This is a placeholder. */ }",Unknown,This is a synthetic comment for dummy function 564.,ta,போலி செயல்பாடு 564 க்கான செயற்கை கருத்து இது.,Synthetic,Generated_Data,this is a synthetic comment for dummy function 564,பல சயலபட 564 ககன சயறக கரதத இத,"// Dummy code snippet <NUM>
void dummy_function_564() { /* This is a placeholder. */ }"
DUMMY_565,"// Dummy code snippet 565
void dummy_function_565() { /* This is a placeholder. */ }",Unknown,This is a synthetic comment for dummy function 565.,kn,ಇದು ಡಮ್ಮಿ ಫಂಕ್ಷನ್ 565 ಗಾಗಿ ಸಂಶ್ಲೇಷಿತ ಕಾಮೆಂಟ್ ಆಗಿದೆ.,Synthetic,Generated_Data,this is a synthetic comment for dummy function 565,ಇದ ಡಮಮ ಫಕಷನ 565 ಗಗ ಸಶಲಷತ ಕಮಟ ಆಗದ,"// Dummy code snippet <NUM>
void dummy_function_565() { /* This is a placeholder. */ }"
DUMMY_566,"// Dummy code snippet 566
void dummy_function_566() { /* This is a placeholder. */ }",Unknown,This is a synthetic comment for dummy function 566.,ta,போலி செயல்பாடு 566 க்கான செயற்கை கருத்து இது.,Synthetic,Generated_Data,this is a synthetic comment for dummy function 566,பல சயலபட 566 ககன சயறக கரதத இத,"// Dummy code snippet <NUM>
void dummy_function_566() { /* This is a placeholder. */ }"
DUMMY_567,"// Dummy code snippet 567
void dummy_function_567() { /* This is a placeholder. */ }",Unknown,This is a synthetic comment for dummy function 567.,ta,போலி செயல்பாடு 567 க்கான செயற்கை கருத்து இது.,Synthetic,Generated_Data,this is a synthetic comment for dummy function 567,பல சயலபட 567 ககன சயறக கரதத இத,"// Dummy code snippet <NUM>
void dummy_function_567() { /* This is a placeholder. */ }"
DUMMY_568,"// Dummy code snippet 568
void dummy_function_568() { /* This is a placeholder. */ }",Unknown,This is a synthetic comment for dummy function 568.,fr,Ceci est un commentaire synthétique pour la fonction factice 568.,Synthetic,Generated_Data,this is a synthetic comment for dummy function 568,ceci est un commentaire synthétique pour la fonction factice 568,"// Dummy code snippet <NUM>
void dummy_function_568() { /* This is a placeholder. */ }"
DUMMY_569,"// Dummy code snippet 569
void dummy_function_569() { /* This is a placeholder. */ }",Unknown,This is a synthetic comment for dummy function 569.,es,Este es un comentario sintético para la función ficticia 569.,Synthetic,Generated_Data,this is a synthetic comment for dummy function 569,este es un comentario sintético para la función ficticia 569,"// Dummy code snippet <NUM>
void dummy_function_569() { /* This is a placeholder. */ }"
DUMMY_570,"// Dummy code snippet 570
void dummy_function_570() { /* This is a placeholder. */ }",Unknown,This is a synthetic comment for dummy function 570.,kn,ಇದು ಡಮ್ಮಿ ಫಂಕ್ಷನ್ 570 ಗಾಗಿ ಸಂಶ್ಲೇಷಿತ ಕಾಮೆಂಟ್ ಆಗಿದೆ.,Synthetic,Generated_Data,this is a synthetic comment for dummy function 570,ಇದ ಡಮಮ ಫಕಷನ 570 ಗಗ ಸಶಲಷತ ಕಮಟ ಆಗದ,"// Dummy code snippet <NUM>
void dummy_function_570() { /* This is a placeholder. */ }"
DUMMY_571,"// Dummy code snippet 571
void dummy_function_571() { /* This is a placeholder. */ }",Unknown,This is a synthetic comment for dummy function 571.,es,Este es un comentario sintético para la función ficticia 571.,Synthetic,Generated_Data,this is a synthetic comment for dummy function 571,este es un comentario sintético para la función ficticia 571,"// Dummy code snippet <NUM>
void dummy_function_571() { /* This is a placeholder. */ }"
DUMMY_572,"// Dummy code snippet 572
void dummy_function_572() { /* This is a placeholder. */ }",Unknown,This is a synthetic comment for dummy function 572.,fr,Ceci est un commentaire synthétique pour la fonction factice 572.,Synthetic,Generated_Data,this is a synthetic comment for dummy function 572,ceci est un commentaire synthétique pour la fonction factice 572,"// Dummy code snippet <NUM>
void dummy_function_572() { /* This is a placeholder. */ }"
DUMMY_573,"// Dummy code snippet 573
void dummy_function_573() { /* This is a placeholder. */ }",Unknown,This is a synthetic comment for dummy function 573.,de,Dies ist ein synthetischer Kommentar für die Dummy -Funktion 573.,Synthetic,Generated_Data,this is a synthetic comment for dummy function 573,dies ist ein synthetischer kommentar für die dummy funktion 573,"// Dummy code snippet <NUM>
void dummy_function_573() { /* This is a placeholder. */ }"
DUMMY_574,"// Dummy code snippet 574
void dummy_function_574() { /* This is a placeholder. */ }",Unknown,This is a synthetic comment for dummy function 574.,ta,போலி செயல்பாடு 574 க்கான செயற்கை கருத்து இது.,Synthetic,Generated_Data,this is a synthetic comment for dummy function 574,பல சயலபட 574 ககன சயறக கரதத இத,"// Dummy code snippet <NUM>
void dummy_function_574() { /* This is a placeholder. */ }"
DUMMY_575,"// Dummy code snippet 575
void dummy_function_575() { /* This is a placeholder. */ }",Unknown,This is a synthetic comment for dummy function 575.,ta,போலி செயல்பாடு 575 க்கான செயற்கை கருத்து இது.,Synthetic,Generated_Data,this is a synthetic comment for dummy function 575,பல சயலபட 575 ககன சயறக கரதத இத,"// Dummy code snippet <NUM>
void dummy_function_575() { /* This is a placeholder. */ }"
DUMMY_576,"// Dummy code snippet 576
void dummy_function_576() { /* This is a placeholder. */ }",Unknown,This is a synthetic comment for dummy function 576.,kn,ಇದು ಡಮ್ಮಿ ಫಂಕ್ಷನ್ 576 ಗಾಗಿ ಸಂಶ್ಲೇಷಿತ ಕಾಮೆಂಟ್ ಆಗಿದೆ.,Synthetic,Generated_Data,this is a synthetic comment for dummy function 576,ಇದ ಡಮಮ ಫಕಷನ 576 ಗಗ ಸಶಲಷತ ಕಮಟ ಆಗದ,"// Dummy code snippet <NUM>
void dummy_function_576() { /* This is a placeholder. */ }"
DUMMY_577,"// Dummy code snippet 577
void dummy_function_577() { /* This is a placeholder. */ }",Unknown,This is a synthetic comment for dummy function 577.,en,This is a synthetic comment for dummy function 577.,Synthetic,Generated_Data,this is a synthetic comment for dummy function 577,this is a synthetic comment for dummy function 577,"// Dummy code snippet <NUM>
void dummy_function_577() { /* This is a placeholder. */ }"
DUMMY_578,"// Dummy code snippet 578
void dummy_function_578() { /* This is a placeholder. */ }",Unknown,This is a synthetic comment for dummy function 578.,fr,Ceci est un commentaire synthétique pour la fonction factice 578.,Synthetic,Generated_Data,this is a synthetic comment for dummy function 578,ceci est un commentaire synthétique pour la fonction factice 578,"// Dummy code snippet <NUM>
void dummy_function_578() { /* This is a placeholder. */ }"
DUMMY_579,"// Dummy code snippet 579
void dummy_function_579() { /* This is a placeholder. */ }",Unknown,This is a synthetic comment for dummy function 579.,ml,579 ഡമ്മി ഫംഗ്ഷനുള്ള ഒരു സിന്തറ്റിക് അഭിപ്രായമാണിത്.,Synthetic,Generated_Data,this is a synthetic comment for dummy function 579,579 ഡമമ ഫഗഷനളള ഒര സനതററക അഭപരയമണത,"// Dummy code snippet <NUM>
void dummy_function_579() { /* This is a placeholder. */ }"
DUMMY_580,"// Dummy code snippet 580
void dummy_function_580() { /* This is a placeholder. */ }",Unknown,This is a synthetic comment for dummy function 580.,ta,போலி செயல்பாடு 580 க்கான செயற்கை கருத்து இது.,Synthetic,Generated_Data,this is a synthetic comment for dummy function 580,பல சயலபட 580 ககன சயறக கரதத இத,"// Dummy code snippet <NUM>
void dummy_function_580() { /* This is a placeholder. */ }"
DUMMY_581,"// Dummy code snippet 581
void dummy_function_581() { /* This is a placeholder. */ }",Unknown,This is a synthetic comment for dummy function 581.,fr,Ceci est un commentaire synthétique pour la fonction factice 581.,Synthetic,Generated_Data,this is a synthetic comment for dummy function 581,ceci est un commentaire synthétique pour la fonction factice 581,"// Dummy code snippet <NUM>
void dummy_function_581() { /* This is a placeholder. */ }"
DUMMY_582,"// Dummy code snippet 582
void dummy_function_582() { /* This is a placeholder. */ }",Unknown,This is a synthetic comment for dummy function 582.,fr,Ceci est un commentaire synthétique pour la fonction factice 582.,Synthetic,Generated_Data,this is a synthetic comment for dummy function 582,ceci est un commentaire synthétique pour la fonction factice 582,"// Dummy code snippet <NUM>
void dummy_function_582() { /* This is a placeholder. */ }"
DUMMY_583,"// Dummy code snippet 583
void dummy_function_583() { /* This is a placeholder. */ }",Unknown,This is a synthetic comment for dummy function 583.,en,This is a synthetic comment for dummy function 583.,Synthetic,Generated_Data,this is a synthetic comment for dummy function 583,this is a synthetic comment for dummy function 583,"// Dummy code snippet <NUM>
void dummy_function_583() { /* This is a placeholder. */ }"
DUMMY_584,"// Dummy code snippet 584
void dummy_function_584() { /* This is a placeholder. */ }",Unknown,This is a synthetic comment for dummy function 584.,it,Questo è un commento sintetico per la funzione fittizia 584.,Synthetic,Generated_Data,this is a synthetic comment for dummy function 584,questo è un commento sintetico per la funzione fittizia 584,"// Dummy code snippet <NUM>
void dummy_function_584() { /* This is a placeholder. */ }"
DUMMY_585,"// Dummy code snippet 585
void dummy_function_585() { /* This is a placeholder. */ }",Unknown,This is a synthetic comment for dummy function 585.,it,Questo è un commento sintetico per la funzione fittizia 585.,Synthetic,Generated_Data,this is a synthetic comment for dummy function 585,questo è un commento sintetico per la funzione fittizia 585,"// Dummy code snippet <NUM>
void dummy_function_585() { /* This is a placeholder. */ }"
DUMMY_586,"// Dummy code snippet 586
void dummy_function_586() { /* This is a placeholder. */ }",Unknown,This is a synthetic comment for dummy function 586.,hi,यह डमी फ़ंक्शन 586 के लिए एक सिंथेटिक टिप्पणी है।,Synthetic,Generated_Data,this is a synthetic comment for dummy function 586,यह डम फकशन 586 क लए एक सथटक टपपण ह,"// Dummy code snippet <NUM>
void dummy_function_586() { /* This is a placeholder. */ }"
DUMMY_587,"// Dummy code snippet 587
void dummy_function_587() { /* This is a placeholder. */ }",Unknown,This is a synthetic comment for dummy function 587.,ml,587 ഡമ്മി ഫംഗ്ഷനുള്ള ഒരു സിന്തറ്റിക് അഭിപ്രായമാണിത്.,Synthetic,Generated_Data,this is a synthetic comment for dummy function 587,587 ഡമമ ഫഗഷനളള ഒര സനതററക അഭപരയമണത,"// Dummy code snippet <NUM>
void dummy_function_587() { /* This is a placeholder. */ }"
DUMMY_588,"// Dummy code snippet 588
void dummy_function_588() { /* This is a placeholder. */ }",Unknown,This is a synthetic comment for dummy function 588.,ml,588 ഡമ്മി ഫംഗ്ഷനുള്ള ഒരു സിന്തറ്റിക് അഭിപ്രായമാണിത്.,Synthetic,Generated_Data,this is a synthetic comment for dummy function 588,588 ഡമമ ഫഗഷനളള ഒര സനതററക അഭപരയമണത,"// Dummy code snippet <NUM>
void dummy_function_588() { /* This is a placeholder. */ }"
DUMMY_589,"// Dummy code snippet 589
void dummy_function_589() { /* This is a placeholder. */ }",Unknown,This is a synthetic comment for dummy function 589.,fr,Ceci est un commentaire synthétique pour la fonction factice 589.,Synthetic,Generated_Data,this is a synthetic comment for dummy function 589,ceci est un commentaire synthétique pour la fonction factice 589,"// Dummy code snippet <NUM>
void dummy_function_589() { /* This is a placeholder. */ }"
DUMMY_590,"// Dummy code snippet 590
void dummy_function_590() { /* This is a placeholder. */ }",Unknown,This is a synthetic comment for dummy function 590.,te,డమ్మీ ఫంక్షన్ 590 కోసం ఇది సింథటిక్ వ్యాఖ్య.,Synthetic,Generated_Data,this is a synthetic comment for dummy function 590,డమమ ఫకషన 590 కస ఇద సథటక వయఖయ,"// Dummy code snippet <NUM>
void dummy_function_590() { /* This is a placeholder. */ }"
DUMMY_591,"// Dummy code snippet 591
void dummy_function_591() { /* This is a placeholder. */ }",Unknown,This is a synthetic comment for dummy function 591.,en,This is a synthetic comment for dummy function 591.,Synthetic,Generated_Data,this is a synthetic comment for dummy function 591,this is a synthetic comment for dummy function 591,"// Dummy code snippet <NUM>
void dummy_function_591() { /* This is a placeholder. */ }"
DUMMY_592,"// Dummy code snippet 592
void dummy_function_592() { /* This is a placeholder. */ }",Unknown,This is a synthetic comment for dummy function 592.,fr,Ceci est un commentaire synthétique pour la fonction factice 592.,Synthetic,Generated_Data,this is a synthetic comment for dummy function 592,ceci est un commentaire synthétique pour la fonction factice 592,"// Dummy code snippet <NUM>
void dummy_function_592() { /* This is a placeholder. */ }"
DUMMY_593,"// Dummy code snippet 593
void dummy_function_593() { /* This is a placeholder. */ }",Unknown,This is a synthetic comment for dummy function 593.,it,Questo è un commento sintetico per la funzione fittizia 593.,Synthetic,Generated_Data,this is a synthetic comment for dummy function 593,questo è un commento sintetico per la funzione fittizia 593,"// Dummy code snippet <NUM>
void dummy_function_593() { /* This is a placeholder. */ }"
DUMMY_594,"// Dummy code snippet 594
void dummy_function_594() { /* This is a placeholder. */ }",Unknown,This is a synthetic comment for dummy function 594.,it,Questo è un commento sintetico per la funzione fittizia 594.,Synthetic,Generated_Data,this is a synthetic comment for dummy function 594,questo è un commento sintetico per la funzione fittizia 594,"// Dummy code snippet <NUM>
void dummy_function_594() { /* This is a placeholder. */ }"
DUMMY_595,"// Dummy code snippet 595
void dummy_function_595() { /* This is a placeholder. */ }",Unknown,This is a synthetic comment for dummy function 595.,it,Questo è un commento sintetico per la funzione fittizia 595.,Synthetic,Generated_Data,this is a synthetic comment for dummy function 595,questo è un commento sintetico per la funzione fittizia 595,"// Dummy code snippet <NUM>
void dummy_function_595() { /* This is a placeholder. */ }"
DUMMY_596,"// Dummy code snippet 596
void dummy_function_596() { /* This is a placeholder. */ }",Unknown,This is a synthetic comment for dummy function 596.,te,డమ్మీ ఫంక్షన్ 596 కోసం ఇది సింథటిక్ వ్యాఖ్య.,Synthetic,Generated_Data,this is a synthetic comment for dummy function 596,డమమ ఫకషన 596 కస ఇద సథటక వయఖయ,"// Dummy code snippet <NUM>
void dummy_function_596() { /* This is a placeholder. */ }"
DUMMY_597,"// Dummy code snippet 597
void dummy_function_597() { /* This is a placeholder. */ }",Unknown,This is a synthetic comment for dummy function 597.,hi,यह डमी फ़ंक्शन 597 के लिए एक सिंथेटिक टिप्पणी है।,Synthetic,Generated_Data,this is a synthetic comment for dummy function 597,यह डम फकशन 597 क लए एक सथटक टपपण ह,"// Dummy code snippet <NUM>
void dummy_function_597() { /* This is a placeholder. */ }"
DUMMY_598,"// Dummy code snippet 598
void dummy_function_598() { /* This is a placeholder. */ }",Unknown,This is a synthetic comment for dummy function 598.,te,డమ్మీ ఫంక్షన్ 598 కోసం ఇది సింథటిక్ వ్యాఖ్య.,Synthetic,Generated_Data,this is a synthetic comment for dummy function 598,డమమ ఫకషన 598 కస ఇద సథటక వయఖయ,"// Dummy code snippet <NUM>
void dummy_function_598() { /* This is a placeholder. */ }"
DUMMY_599,"// Dummy code snippet 599
void dummy_function_599() { /* This is a placeholder. */ }",Unknown,This is a synthetic comment for dummy function 599.,es,Este es un comentario sintético para la función ficticia 599.,Synthetic,Generated_Data,this is a synthetic comment for dummy function 599,este es un comentario sintético para la función ficticia 599,"// Dummy code snippet <NUM>
void dummy_function_599() { /* This is a placeholder. */ }"
DUMMY_600,"// Dummy code snippet 600
void dummy_function_600() { /* This is a placeholder. */ }",Unknown,This is a synthetic comment for dummy function 600.,hi,यह डमी फ़ंक्शन 600 के लिए एक सिंथेटिक टिप्पणी है।,Synthetic,Generated_Data,this is a synthetic comment for dummy function 600,यह डम फकशन 600 क लए एक सथटक टपपण ह,"// Dummy code snippet <NUM>
void dummy_function_600() { /* This is a placeholder. */ }"
DUMMY_601,"// Dummy code snippet 601
void dummy_function_601() { /* This is a placeholder. */ }",Unknown,This is a synthetic comment for dummy function 601.,fr,Ceci est un commentaire synthétique pour la fonction factice 601.,Synthetic,Generated_Data,this is a synthetic comment for dummy function 601,ceci est un commentaire synthétique pour la fonction factice 601,"// Dummy code snippet <NUM>
void dummy_function_601() { /* This is a placeholder. */ }"
DUMMY_602,"// Dummy code snippet 602
void dummy_function_602() { /* This is a placeholder. */ }",Unknown,This is a synthetic comment for dummy function 602.,ta,போலி செயல்பாடு 602 க்கான செயற்கை கருத்து இது.,Synthetic,Generated_Data,this is a synthetic comment for dummy function 602,பல சயலபட 602 ககன சயறக கரதத இத,"// Dummy code snippet <NUM>
void dummy_function_602() { /* This is a placeholder. */ }"
DUMMY_603,"// Dummy code snippet 603
void dummy_function_603() { /* This is a placeholder. */ }",Unknown,This is a synthetic comment for dummy function 603.,it,Questo è un commento sintetico per la funzione fittizia 603.,Synthetic,Generated_Data,this is a synthetic comment for dummy function 603,questo è un commento sintetico per la funzione fittizia 603,"// Dummy code snippet <NUM>
void dummy_function_603() { /* This is a placeholder. */ }"
DUMMY_604,"// Dummy code snippet 604
void dummy_function_604() { /* This is a placeholder. */ }",Unknown,This is a synthetic comment for dummy function 604.,de,Dies ist ein synthetischer Kommentar für die Dummy -Funktion 604.,Synthetic,Generated_Data,this is a synthetic comment for dummy function 604,dies ist ein synthetischer kommentar für die dummy funktion 604,"// Dummy code snippet <NUM>
void dummy_function_604() { /* This is a placeholder. */ }"
DUMMY_605,"// Dummy code snippet 605
void dummy_function_605() { /* This is a placeholder. */ }",Unknown,This is a synthetic comment for dummy function 605.,fr,Ceci est un commentaire synthétique pour la fonction factice 605.,Synthetic,Generated_Data,this is a synthetic comment for dummy function 605,ceci est un commentaire synthétique pour la fonction factice 605,"// Dummy code snippet <NUM>
void dummy_function_605() { /* This is a placeholder. */ }"
DUMMY_606,"// Dummy code snippet 606
void dummy_function_606() { /* This is a placeholder. */ }",Unknown,This is a synthetic comment for dummy function 606.,it,Questo è un commento sintetico per la funzione fittizia 606.,Synthetic,Generated_Data,this is a synthetic comment for dummy function 606,questo è un commento sintetico per la funzione fittizia 606,"// Dummy code snippet <NUM>
void dummy_function_606() { /* This is a placeholder. */ }"
DUMMY_607,"// Dummy code snippet 607
void dummy_function_607() { /* This is a placeholder. */ }",Unknown,This is a synthetic comment for dummy function 607.,hi,यह डमी फ़ंक्शन 607 के लिए एक सिंथेटिक टिप्पणी है।,Synthetic,Generated_Data,this is a synthetic comment for dummy function 607,यह डम फकशन 607 क लए एक सथटक टपपण ह,"// Dummy code snippet <NUM>
void dummy_function_607() { /* This is a placeholder. */ }"
DUMMY_608,"// Dummy code snippet 608
void dummy_function_608() { /* This is a placeholder. */ }",Unknown,This is a synthetic comment for dummy function 608.,te,డమ్మీ ఫంక్షన్ 608 కోసం ఇది సింథటిక్ వ్యాఖ్య.,Synthetic,Generated_Data,this is a synthetic comment for dummy function 608,డమమ ఫకషన 608 కస ఇద సథటక వయఖయ,"// Dummy code snippet <NUM>
void dummy_function_608() { /* This is a placeholder. */ }"
DUMMY_609,"// Dummy code snippet 609
void dummy_function_609() { /* This is a placeholder. */ }",Unknown,This is a synthetic comment for dummy function 609.,es,Este es un comentario sintético para la función ficticia 609.,Synthetic,Generated_Data,this is a synthetic comment for dummy function 609,este es un comentario sintético para la función ficticia 609,"// Dummy code snippet <NUM>
void dummy_function_609() { /* This is a placeholder. */ }"
DUMMY_610,"// Dummy code snippet 610
void dummy_function_610() { /* This is a placeholder. */ }",Unknown,This is a synthetic comment for dummy function 610.,en,This is a synthetic comment for dummy function 610.,Synthetic,Generated_Data,this is a synthetic comment for dummy function 610,this is a synthetic comment for dummy function 610,"// Dummy code snippet <NUM>
void dummy_function_610() { /* This is a placeholder. */ }"
DUMMY_611,"// Dummy code snippet 611
void dummy_function_611() { /* This is a placeholder. */ }",Unknown,This is a synthetic comment for dummy function 611.,hi,यह डमी फ़ंक्शन 611 के लिए एक सिंथेटिक टिप्पणी है।,Synthetic,Generated_Data,this is a synthetic comment for dummy function 611,यह डम फकशन 611 क लए एक सथटक टपपण ह,"// Dummy code snippet <NUM>
void dummy_function_611() { /* This is a placeholder. */ }"
DUMMY_612,"// Dummy code snippet 612
void dummy_function_612() { /* This is a placeholder. */ }",Unknown,This is a synthetic comment for dummy function 612.,en,This is a synthetic comment for dummy function 612.,Synthetic,Generated_Data,this is a synthetic comment for dummy function 612,this is a synthetic comment for dummy function 612,"// Dummy code snippet <NUM>
void dummy_function_612() { /* This is a placeholder. */ }"
DUMMY_613,"// Dummy code snippet 613
void dummy_function_613() { /* This is a placeholder. */ }",Unknown,This is a synthetic comment for dummy function 613.,fr,Ceci est un commentaire synthétique pour la fonction factice 613.,Synthetic,Generated_Data,this is a synthetic comment for dummy function 613,ceci est un commentaire synthétique pour la fonction factice 613,"// Dummy code snippet <NUM>
void dummy_function_613() { /* This is a placeholder. */ }"
DUMMY_614,"// Dummy code snippet 614
void dummy_function_614() { /* This is a placeholder. */ }",Unknown,This is a synthetic comment for dummy function 614.,kn,ಡಮ್ಮಿ ಫಂಕ್ಷನ್ 614 ಗಾಗಿ ಇದು ಸಂಶ್ಲೇಷಿತ ಕಾಮೆಂಟ್ ಆಗಿದೆ.,Synthetic,Generated_Data,this is a synthetic comment for dummy function 614,ಡಮಮ ಫಕಷನ 614 ಗಗ ಇದ ಸಶಲಷತ ಕಮಟ ಆಗದ,"// Dummy code snippet <NUM>
void dummy_function_614() { /* This is a placeholder. */ }"
DUMMY_615,"// Dummy code snippet 615
void dummy_function_615() { /* This is a placeholder. */ }",Unknown,This is a synthetic comment for dummy function 615.,te,డమ్మీ ఫంక్షన్ 615 కోసం ఇది సింథటిక్ వ్యాఖ్య.,Synthetic,Generated_Data,this is a synthetic comment for dummy function 615,డమమ ఫకషన 615 కస ఇద సథటక వయఖయ,"// Dummy code snippet <NUM>
void dummy_function_615() { /* This is a placeholder. */ }"
DUMMY_616,"// Dummy code snippet 616
void dummy_function_616() { /* This is a placeholder. */ }",Unknown,This is a synthetic comment for dummy function 616.,te,డమ్మీ ఫంక్షన్ 616 కోసం ఇది సింథటిక్ వ్యాఖ్య.,Synthetic,Generated_Data,this is a synthetic comment for dummy function 616,డమమ ఫకషన 616 కస ఇద సథటక వయఖయ,"// Dummy code snippet <NUM>
void dummy_function_616() { /* This is a placeholder. */ }"
DUMMY_617,"// Dummy code snippet 617
void dummy_function_617() { /* This is a placeholder. */ }",Unknown,This is a synthetic comment for dummy function 617.,en,This is a synthetic comment for dummy function 617.,Synthetic,Generated_Data,this is a synthetic comment for dummy function 617,this is a synthetic comment for dummy function 617,"// Dummy code snippet <NUM>
void dummy_function_617() { /* This is a placeholder. */ }"
DUMMY_618,"// Dummy code snippet 618
void dummy_function_618() { /* This is a placeholder. */ }",Unknown,This is a synthetic comment for dummy function 618.,te,డమ్మీ ఫంక్షన్ 618 కోసం ఇది సింథటిక్ వ్యాఖ్య.,Synthetic,Generated_Data,this is a synthetic comment for dummy function 618,డమమ ఫకషన 618 కస ఇద సథటక వయఖయ,"// Dummy code snippet <NUM>
void dummy_function_618() { /* This is a placeholder. */ }"
DUMMY_619,"// Dummy code snippet 619
void dummy_function_619() { /* This is a placeholder. */ }",Unknown,This is a synthetic comment for dummy function 619.,de,Dies ist ein synthetischer Kommentar für die Dummy -Funktion 619.,Synthetic,Generated_Data,this is a synthetic comment for dummy function 619,dies ist ein synthetischer kommentar für die dummy funktion 619,"// Dummy code snippet <NUM>
void dummy_function_619() { /* This is a placeholder. */ }"
DUMMY_620,"// Dummy code snippet 620
void dummy_function_620() { /* This is a placeholder. */ }",Unknown,This is a synthetic comment for dummy function 620.,it,Questo è un commento sintetico per la funzione fittizia 620.,Synthetic,Generated_Data,this is a synthetic comment for dummy function 620,questo è un commento sintetico per la funzione fittizia 620,"// Dummy code snippet <NUM>
void dummy_function_620() { /* This is a placeholder. */ }"
DUMMY_621,"// Dummy code snippet 621
void dummy_function_621() { /* This is a placeholder. */ }",Unknown,This is a synthetic comment for dummy function 621.,fr,Ceci est un commentaire synthétique pour la fonction factice 621.,Synthetic,Generated_Data,this is a synthetic comment for dummy function 621,ceci est un commentaire synthétique pour la fonction factice 621,"// Dummy code snippet <NUM>
void dummy_function_621() { /* This is a placeholder. */ }"
DUMMY_622,"// Dummy code snippet 622
void dummy_function_622() { /* This is a placeholder. */ }",Unknown,This is a synthetic comment for dummy function 622.,de,Dies ist ein synthetischer Kommentar für die Dummy -Funktion 622.,Synthetic,Generated_Data,this is a synthetic comment for dummy function 622,dies ist ein synthetischer kommentar für die dummy funktion 622,"// Dummy code snippet <NUM>
void dummy_function_622() { /* This is a placeholder. */ }"
DUMMY_623,"// Dummy code snippet 623
void dummy_function_623() { /* This is a placeholder. */ }",Unknown,This is a synthetic comment for dummy function 623.,hi,यह डमी फ़ंक्शन 623 के लिए एक सिंथेटिक टिप्पणी है।,Synthetic,Generated_Data,this is a synthetic comment for dummy function 623,यह डम फकशन 623 क लए एक सथटक टपपण ह,"// Dummy code snippet <NUM>
void dummy_function_623() { /* This is a placeholder. */ }"
DUMMY_624,"// Dummy code snippet 624
void dummy_function_624() { /* This is a placeholder. */ }",Unknown,This is a synthetic comment for dummy function 624.,te,డమ్మీ ఫంక్షన్ 624 కోసం ఇది సింథటిక్ వ్యాఖ్య.,Synthetic,Generated_Data,this is a synthetic comment for dummy function 624,డమమ ఫకషన 624 కస ఇద సథటక వయఖయ,"// Dummy code snippet <NUM>
void dummy_function_624() { /* This is a placeholder. */ }"
DUMMY_625,"// Dummy code snippet 625
void dummy_function_625() { /* This is a placeholder. */ }",Unknown,This is a synthetic comment for dummy function 625.,ta,போலி செயல்பாடு 625 க்கான செயற்கை கருத்து இது.,Synthetic,Generated_Data,this is a synthetic comment for dummy function 625,பல சயலபட 625 ககன சயறக கரதத இத,"// Dummy code snippet <NUM>
void dummy_function_625() { /* This is a placeholder. */ }"
DUMMY_626,"// Dummy code snippet 626
void dummy_function_626() { /* This is a placeholder. */ }",Unknown,This is a synthetic comment for dummy function 626.,de,Dies ist ein synthetischer Kommentar für die Dummy -Funktion 626.,Synthetic,Generated_Data,this is a synthetic comment for dummy function 626,dies ist ein synthetischer kommentar für die dummy funktion 626,"// Dummy code snippet <NUM>
void dummy_function_626() { /* This is a placeholder. */ }"
DUMMY_627,"// Dummy code snippet 627
void dummy_function_627() { /* This is a placeholder. */ }",Unknown,This is a synthetic comment for dummy function 627.,ml,ഡമ്മി ഫംഗ്ഷനുള്ള ഒരു സിന്തറ്റിക് അഭിപ്രായമാണിത് 627.,Synthetic,Generated_Data,this is a synthetic comment for dummy function 627,ഡമമ ഫഗഷനളള ഒര സനതററക അഭപരയമണത 627,"// Dummy code snippet <NUM>
void dummy_function_627() { /* This is a placeholder. */ }"
DUMMY_628,"// Dummy code snippet 628
void dummy_function_628() { /* This is a placeholder. */ }",Unknown,This is a synthetic comment for dummy function 628.,te,డమ్మీ ఫంక్షన్ 628 కోసం ఇది సింథటిక్ వ్యాఖ్య.,Synthetic,Generated_Data,this is a synthetic comment for dummy function 628,డమమ ఫకషన 628 కస ఇద సథటక వయఖయ,"// Dummy code snippet <NUM>
void dummy_function_628() { /* This is a placeholder. */ }"
DUMMY_629,"// Dummy code snippet 629
void dummy_function_629() { /* This is a placeholder. */ }",Unknown,This is a synthetic comment for dummy function 629.,kn,ಇದು ಡಮ್ಮಿ ಫಂಕ್ಷನ್ 629 ಗಾಗಿ ಸಂಶ್ಲೇಷಿತ ಕಾಮೆಂಟ್ ಆಗಿದೆ.,Synthetic,Generated_Data,this is a synthetic comment for dummy function 629,ಇದ ಡಮಮ ಫಕಷನ 629 ಗಗ ಸಶಲಷತ ಕಮಟ ಆಗದ,"// Dummy code snippet <NUM>
void dummy_function_629() { /* This is a placeholder. */ }"
DUMMY_630,"// Dummy code snippet 630
void dummy_function_630() { /* This is a placeholder. */ }",Unknown,This is a synthetic comment for dummy function 630.,te,డమ్మీ ఫంక్షన్ 630 కోసం ఇది సింథటిక్ వ్యాఖ్య.,Synthetic,Generated_Data,this is a synthetic comment for dummy function 630,డమమ ఫకషన 630 కస ఇద సథటక వయఖయ,"// Dummy code snippet <NUM>
void dummy_function_630() { /* This is a placeholder. */ }"
DUMMY_631,"// Dummy code snippet 631
void dummy_function_631() { /* This is a placeholder. */ }",Unknown,This is a synthetic comment for dummy function 631.,de,Dies ist ein synthetischer Kommentar für die Dummy -Funktion 631.,Synthetic,Generated_Data,this is a synthetic comment for dummy function 631,dies ist ein synthetischer kommentar für die dummy funktion 631,"// Dummy code snippet <NUM>
void dummy_function_631() { /* This is a placeholder. */ }"
DUMMY_632,"// Dummy code snippet 632
void dummy_function_632() { /* This is a placeholder. */ }",Unknown,This is a synthetic comment for dummy function 632.,fr,Ceci est un commentaire synthétique pour la fonction factice 632.,Synthetic,Generated_Data,this is a synthetic comment for dummy function 632,ceci est un commentaire synthétique pour la fonction factice 632,"// Dummy code snippet <NUM>
void dummy_function_632() { /* This is a placeholder. */ }"
DUMMY_633,"// Dummy code snippet 633
void dummy_function_633() { /* This is a placeholder. */ }",Unknown,This is a synthetic comment for dummy function 633.,ta,போலி செயல்பாடு 633 க்கான செயற்கை கருத்து இது.,Synthetic,Generated_Data,this is a synthetic comment for dummy function 633,பல சயலபட 633 ககன சயறக கரதத இத,"// Dummy code snippet <NUM>
void dummy_function_633() { /* This is a placeholder. */ }"
DUMMY_634,"// Dummy code snippet 634
void dummy_function_634() { /* This is a placeholder. */ }",Unknown,This is a synthetic comment for dummy function 634.,te,డమ్మీ ఫంక్షన్ 634 కోసం ఇది సింథటిక్ వ్యాఖ్య.,Synthetic,Generated_Data,this is a synthetic comment for dummy function 634,డమమ ఫకషన 634 కస ఇద సథటక వయఖయ,"// Dummy code snippet <NUM>
void dummy_function_634() { /* This is a placeholder. */ }"
DUMMY_635,"// Dummy code snippet 635
void dummy_function_635() { /* This is a placeholder. */ }",Unknown,This is a synthetic comment for dummy function 635.,es,Este es un comentario sintético para la función ficticia 635.,Synthetic,Generated_Data,this is a synthetic comment for dummy function 635,este es un comentario sintético para la función ficticia 635,"// Dummy code snippet <NUM>
void dummy_function_635() { /* This is a placeholder. */ }"
DUMMY_636,"// Dummy code snippet 636
void dummy_function_636() { /* This is a placeholder. */ }",Unknown,This is a synthetic comment for dummy function 636.,te,డమ్మీ ఫంక్షన్ 636 కోసం ఇది సింథటిక్ వ్యాఖ్య.,Synthetic,Generated_Data,this is a synthetic comment for dummy function 636,డమమ ఫకషన 636 కస ఇద సథటక వయఖయ,"// Dummy code snippet <NUM>
void dummy_function_636() { /* This is a placeholder. */ }"
DUMMY_637,"// Dummy code snippet 637
void dummy_function_637() { /* This is a placeholder. */ }",Unknown,This is a synthetic comment for dummy function 637.,ml,637 ഡമ്മി ഫംഗ്ഷനുള്ള ഒരു സിന്തറ്റിക് അഭിപ്രായമാണിത്.,Synthetic,Generated_Data,this is a synthetic comment for dummy function 637,637 ഡമമ ഫഗഷനളള ഒര സനതററക അഭപരയമണത,"// Dummy code snippet <NUM>
void dummy_function_637() { /* This is a placeholder. */ }"
DUMMY_638,"// Dummy code snippet 638
void dummy_function_638() { /* This is a placeholder. */ }",Unknown,This is a synthetic comment for dummy function 638.,ta,இது போலி செயல்பாடு 638 க்கான செயற்கை கருத்து.,Synthetic,Generated_Data,this is a synthetic comment for dummy function 638,இத பல சயலபட 638 ககன சயறக கரதத,"// Dummy code snippet <NUM>
void dummy_function_638() { /* This is a placeholder. */ }"
DUMMY_639,"// Dummy code snippet 639
void dummy_function_639() { /* This is a placeholder. */ }",Unknown,This is a synthetic comment for dummy function 639.,it,Questo è un commento sintetico per la funzione fittizia 639.,Synthetic,Generated_Data,this is a synthetic comment for dummy function 639,questo è un commento sintetico per la funzione fittizia 639,"// Dummy code snippet <NUM>
void dummy_function_639() { /* This is a placeholder. */ }"
DUMMY_640,"// Dummy code snippet 640
void dummy_function_640() { /* This is a placeholder. */ }",Unknown,This is a synthetic comment for dummy function 640.,kn,ಡಮ್ಮಿ ಫಂಕ್ಷನ್ 640 ಗಾಗಿ ಇದು ಸಂಶ್ಲೇಷಿತ ಕಾಮೆಂಟ್ ಆಗಿದೆ.,Synthetic,Generated_Data,this is a synthetic comment for dummy function 640,ಡಮಮ ಫಕಷನ 640 ಗಗ ಇದ ಸಶಲಷತ ಕಮಟ ಆಗದ,"// Dummy code snippet <NUM>
void dummy_function_640() { /* This is a placeholder. */ }"
DUMMY_641,"// Dummy code snippet 641
void dummy_function_641() { /* This is a placeholder. */ }",Unknown,This is a synthetic comment for dummy function 641.,en,This is a synthetic comment for dummy function 641.,Synthetic,Generated_Data,this is a synthetic comment for dummy function 641,this is a synthetic comment for dummy function 641,"// Dummy code snippet <NUM>
void dummy_function_641() { /* This is a placeholder. */ }"
DUMMY_642,"// Dummy code snippet 642
void dummy_function_642() { /* This is a placeholder. */ }",Unknown,This is a synthetic comment for dummy function 642.,de,Dies ist ein synthetischer Kommentar für die Dummy -Funktion 642.,Synthetic,Generated_Data,this is a synthetic comment for dummy function 642,dies ist ein synthetischer kommentar für die dummy funktion 642,"// Dummy code snippet <NUM>
void dummy_function_642() { /* This is a placeholder. */ }"
DUMMY_643,"// Dummy code snippet 643
void dummy_function_643() { /* This is a placeholder. */ }",Unknown,This is a synthetic comment for dummy function 643.,ml,643 ഡമ്മി ഫംഗ്ഷനുള്ള ഒരു സിന്തറ്റിക് അഭിപ്രായമാണിത്.,Synthetic,Generated_Data,this is a synthetic comment for dummy function 643,643 ഡമമ ഫഗഷനളള ഒര സനതററക അഭപരയമണത,"// Dummy code snippet <NUM>
void dummy_function_643() { /* This is a placeholder. */ }"
DUMMY_644,"// Dummy code snippet 644
void dummy_function_644() { /* This is a placeholder. */ }",Unknown,This is a synthetic comment for dummy function 644.,fr,Ceci est un commentaire synthétique pour la fonction factice 644.,Synthetic,Generated_Data,this is a synthetic comment for dummy function 644,ceci est un commentaire synthétique pour la fonction factice 644,"// Dummy code snippet <NUM>
void dummy_function_644() { /* This is a placeholder. */ }"
DUMMY_645,"// Dummy code snippet 645
void dummy_function_645() { /* This is a placeholder. */ }",Unknown,This is a synthetic comment for dummy function 645.,fr,Ceci est un commentaire synthétique pour la fonction factice 645.,Synthetic,Generated_Data,this is a synthetic comment for dummy function 645,ceci est un commentaire synthétique pour la fonction factice 645,"// Dummy code snippet <NUM>
void dummy_function_645() { /* This is a placeholder. */ }"
DUMMY_646,"// Dummy code snippet 646
void dummy_function_646() { /* This is a placeholder. */ }",Unknown,This is a synthetic comment for dummy function 646.,en,This is a synthetic comment for dummy function 646.,Synthetic,Generated_Data,this is a synthetic comment for dummy function 646,this is a synthetic comment for dummy function 646,"// Dummy code snippet <NUM>
void dummy_function_646() { /* This is a placeholder. */ }"
DUMMY_647,"// Dummy code snippet 647
void dummy_function_647() { /* This is a placeholder. */ }",Unknown,This is a synthetic comment for dummy function 647.,it,Questo è un commento sintetico per la funzione fittizia 647.,Synthetic,Generated_Data,this is a synthetic comment for dummy function 647,questo è un commento sintetico per la funzione fittizia 647,"// Dummy code snippet <NUM>
void dummy_function_647() { /* This is a placeholder. */ }"
DUMMY_648,"// Dummy code snippet 648
void dummy_function_648() { /* This is a placeholder. */ }",Unknown,This is a synthetic comment for dummy function 648.,fr,Ceci est un commentaire synthétique pour la fonction factice 648.,Synthetic,Generated_Data,this is a synthetic comment for dummy function 648,ceci est un commentaire synthétique pour la fonction factice 648,"// Dummy code snippet <NUM>
void dummy_function_648() { /* This is a placeholder. */ }"
DUMMY_649,"// Dummy code snippet 649
void dummy_function_649() { /* This is a placeholder. */ }",Unknown,This is a synthetic comment for dummy function 649.,hi,यह डमी फ़ंक्शन 649 के लिए एक सिंथेटिक टिप्पणी है।,Synthetic,Generated_Data,this is a synthetic comment for dummy function 649,यह डम फकशन 649 क लए एक सथटक टपपण ह,"// Dummy code snippet <NUM>
void dummy_function_649() { /* This is a placeholder. */ }"
DUMMY_650,"// Dummy code snippet 650
void dummy_function_650() { /* This is a placeholder. */ }",Unknown,This is a synthetic comment for dummy function 650.,es,Este es un comentario sintético para la función ficticia 650.,Synthetic,Generated_Data,this is a synthetic comment for dummy function 650,este es un comentario sintético para la función ficticia 650,"// Dummy code snippet <NUM>
void dummy_function_650() { /* This is a placeholder. */ }"
DUMMY_651,"// Dummy code snippet 651
void dummy_function_651() { /* This is a placeholder. */ }",Unknown,This is a synthetic comment for dummy function 651.,es,Este es un comentario sintético para la función ficticia 651.,Synthetic,Generated_Data,this is a synthetic comment for dummy function 651,este es un comentario sintético para la función ficticia 651,"// Dummy code snippet <NUM>
void dummy_function_651() { /* This is a placeholder. */ }"
DUMMY_652,"// Dummy code snippet 652
void dummy_function_652() { /* This is a placeholder. */ }",Unknown,This is a synthetic comment for dummy function 652.,fr,Ceci est un commentaire synthétique pour la fonction factice 652.,Synthetic,Generated_Data,this is a synthetic comment for dummy function 652,ceci est un commentaire synthétique pour la fonction factice 652,"// Dummy code snippet <NUM>
void dummy_function_652() { /* This is a placeholder. */ }"
DUMMY_653,"// Dummy code snippet 653
void dummy_function_653() { /* This is a placeholder. */ }",Unknown,This is a synthetic comment for dummy function 653.,kn,ಇದು ಡಮ್ಮಿ ಫಂಕ್ಷನ್ 653 ಗೆ ಸಂಶ್ಲೇಷಿತ ಕಾಮೆಂಟ್ ಆಗಿದೆ.,Synthetic,Generated_Data,this is a synthetic comment for dummy function 653,ಇದ ಡಮಮ ಫಕಷನ 653 ಗ ಸಶಲಷತ ಕಮಟ ಆಗದ,"// Dummy code snippet <NUM>
void dummy_function_653() { /* This is a placeholder. */ }"
DUMMY_654,"// Dummy code snippet 654
void dummy_function_654() { /* This is a placeholder. */ }",Unknown,This is a synthetic comment for dummy function 654.,es,Este es un comentario sintético para la función ficticia 654.,Synthetic,Generated_Data,this is a synthetic comment for dummy function 654,este es un comentario sintético para la función ficticia 654,"// Dummy code snippet <NUM>
void dummy_function_654() { /* This is a placeholder. */ }"
DUMMY_655,"// Dummy code snippet 655
void dummy_function_655() { /* This is a placeholder. */ }",Unknown,This is a synthetic comment for dummy function 655.,de,Dies ist ein synthetischer Kommentar für die Dummy -Funktion 655.,Synthetic,Generated_Data,this is a synthetic comment for dummy function 655,dies ist ein synthetischer kommentar für die dummy funktion 655,"// Dummy code snippet <NUM>
void dummy_function_655() { /* This is a placeholder. */ }"
DUMMY_656,"// Dummy code snippet 656
void dummy_function_656() { /* This is a placeholder. */ }",Unknown,This is a synthetic comment for dummy function 656.,kn,ಇದು ಡಮ್ಮಿ ಫಂಕ್ಷನ್ 656 ಗಾಗಿ ಸಂಶ್ಲೇಷಿತ ಕಾಮೆಂಟ್ ಆಗಿದೆ.,Synthetic,Generated_Data,this is a synthetic comment for dummy function 656,ಇದ ಡಮಮ ಫಕಷನ 656 ಗಗ ಸಶಲಷತ ಕಮಟ ಆಗದ,"// Dummy code snippet <NUM>
void dummy_function_656() { /* This is a placeholder. */ }"
DUMMY_657,"// Dummy code snippet 657
void dummy_function_657() { /* This is a placeholder. */ }",Unknown,This is a synthetic comment for dummy function 657.,en,This is a synthetic comment for dummy function 657.,Synthetic,Generated_Data,this is a synthetic comment for dummy function 657,this is a synthetic comment for dummy function 657,"// Dummy code snippet <NUM>
void dummy_function_657() { /* This is a placeholder. */ }"
DUMMY_658,"// Dummy code snippet 658
void dummy_function_658() { /* This is a placeholder. */ }",Unknown,This is a synthetic comment for dummy function 658.,ml,658 ഡമ്മി ഫംഗ്ഷനുള്ള ഒരു സിന്തറ്റിക് അഭിപ്രായമാണിത്.,Synthetic,Generated_Data,this is a synthetic comment for dummy function 658,658 ഡമമ ഫഗഷനളള ഒര സനതററക അഭപരയമണത,"// Dummy code snippet <NUM>
void dummy_function_658() { /* This is a placeholder. */ }"
DUMMY_659,"// Dummy code snippet 659
void dummy_function_659() { /* This is a placeholder. */ }",Unknown,This is a synthetic comment for dummy function 659.,kn,ಇದು ಡಮ್ಮಿ ಫಂಕ್ಷನ್ 659 ಗಾಗಿ ಸಂಶ್ಲೇಷಿತ ಕಾಮೆಂಟ್ ಆಗಿದೆ.,Synthetic,Generated_Data,this is a synthetic comment for dummy function 659,ಇದ ಡಮಮ ಫಕಷನ 659 ಗಗ ಸಶಲಷತ ಕಮಟ ಆಗದ,"// Dummy code snippet <NUM>
void dummy_function_659() { /* This is a placeholder. */ }"
DUMMY_660,"// Dummy code snippet 660
void dummy_function_660() { /* This is a placeholder. */ }",Unknown,This is a synthetic comment for dummy function 660.,fr,Ceci est un commentaire synthétique pour la fonction factice 660.,Synthetic,Generated_Data,this is a synthetic comment for dummy function 660,ceci est un commentaire synthétique pour la fonction factice 660,"// Dummy code snippet <NUM>
void dummy_function_660() { /* This is a placeholder. */ }"
DUMMY_661,"// Dummy code snippet 661
void dummy_function_661() { /* This is a placeholder. */ }",Unknown,This is a synthetic comment for dummy function 661.,de,Dies ist ein synthetischer Kommentar für die Dummy -Funktion 661.,Synthetic,Generated_Data,this is a synthetic comment for dummy function 661,dies ist ein synthetischer kommentar für die dummy funktion 661,"// Dummy code snippet <NUM>
void dummy_function_661() { /* This is a placeholder. */ }"
DUMMY_662,"// Dummy code snippet 662
void dummy_function_662() { /* This is a placeholder. */ }",Unknown,This is a synthetic comment for dummy function 662.,ta,போலி செயல்பாடு 662 க்கான செயற்கை கருத்து இது.,Synthetic,Generated_Data,this is a synthetic comment for dummy function 662,பல சயலபட 662 ககன சயறக கரதத இத,"// Dummy code snippet <NUM>
void dummy_function_662() { /* This is a placeholder. */ }"
DUMMY_663,"// Dummy code snippet 663
void dummy_function_663() { /* This is a placeholder. */ }",Unknown,This is a synthetic comment for dummy function 663.,es,Este es un comentario sintético para la función ficticia 663.,Synthetic,Generated_Data,this is a synthetic comment for dummy function 663,este es un comentario sintético para la función ficticia 663,"// Dummy code snippet <NUM>
void dummy_function_663() { /* This is a placeholder. */ }"
DUMMY_664,"// Dummy code snippet 664
void dummy_function_664() { /* This is a placeholder. */ }",Unknown,This is a synthetic comment for dummy function 664.,it,Questo è un commento sintetico per la funzione fittizia 664.,Synthetic,Generated_Data,this is a synthetic comment for dummy function 664,questo è un commento sintetico per la funzione fittizia 664,"// Dummy code snippet <NUM>
void dummy_function_664() { /* This is a placeholder. */ }"
DUMMY_665,"// Dummy code snippet 665
void dummy_function_665() { /* This is a placeholder. */ }",Unknown,This is a synthetic comment for dummy function 665.,es,Este es un comentario sintético para la función ficticia 665.,Synthetic,Generated_Data,this is a synthetic comment for dummy function 665,este es un comentario sintético para la función ficticia 665,"// Dummy code snippet <NUM>
void dummy_function_665() { /* This is a placeholder. */ }"
DUMMY_666,"// Dummy code snippet 666
void dummy_function_666() { /* This is a placeholder. */ }",Unknown,This is a synthetic comment for dummy function 666.,ta,இது போலி செயல்பாடு 666 க்கான செயற்கை கருத்து.,Synthetic,Generated_Data,this is a synthetic comment for dummy function 666,இத பல சயலபட 666 ககன சயறக கரதத,"// Dummy code snippet <NUM>
void dummy_function_666() { /* This is a placeholder. */ }"
DUMMY_667,"// Dummy code snippet 667
void dummy_function_667() { /* This is a placeholder. */ }",Unknown,This is a synthetic comment for dummy function 667.,it,Questo è un commento sintetico per la funzione fittizia 667.,Synthetic,Generated_Data,this is a synthetic comment for dummy function 667,questo è un commento sintetico per la funzione fittizia 667,"// Dummy code snippet <NUM>
void dummy_function_667() { /* This is a placeholder. */ }"
DUMMY_668,"// Dummy code snippet 668
void dummy_function_668() { /* This is a placeholder. */ }",Unknown,This is a synthetic comment for dummy function 668.,en,This is a synthetic comment for dummy function 668.,Synthetic,Generated_Data,this is a synthetic comment for dummy function 668,this is a synthetic comment for dummy function 668,"// Dummy code snippet <NUM>
void dummy_function_668() { /* This is a placeholder. */ }"
DUMMY_669,"// Dummy code snippet 669
void dummy_function_669() { /* This is a placeholder. */ }",Unknown,This is a synthetic comment for dummy function 669.,ml,669 ഡമ്മി ഫംഗ്ഷനായുള്ള സിന്തറ്റിക് അഭിപ്രായമാണിത്.,Synthetic,Generated_Data,this is a synthetic comment for dummy function 669,669 ഡമമ ഫഗഷനയളള സനതററക അഭപരയമണത,"// Dummy code snippet <NUM>
void dummy_function_669() { /* This is a placeholder. */ }"
DUMMY_670,"// Dummy code snippet 670
void dummy_function_670() { /* This is a placeholder. */ }",Unknown,This is a synthetic comment for dummy function 670.,te,డమ్మీ ఫంక్షన్ 670 కోసం ఇది సింథటిక్ వ్యాఖ్య.,Synthetic,Generated_Data,this is a synthetic comment for dummy function 670,డమమ ఫకషన 670 కస ఇద సథటక వయఖయ,"// Dummy code snippet <NUM>
void dummy_function_670() { /* This is a placeholder. */ }"
DUMMY_671,"// Dummy code snippet 671
void dummy_function_671() { /* This is a placeholder. */ }",Unknown,This is a synthetic comment for dummy function 671.,kn,ಇದು ಡಮ್ಮಿ ಫಂಕ್ಷನ್ 671 ಗಾಗಿ ಸಂಶ್ಲೇಷಿತ ಕಾಮೆಂಟ್ ಆಗಿದೆ.,Synthetic,Generated_Data,this is a synthetic comment for dummy function 671,ಇದ ಡಮಮ ಫಕಷನ 671 ಗಗ ಸಶಲಷತ ಕಮಟ ಆಗದ,"// Dummy code snippet <NUM>
void dummy_function_671() { /* This is a placeholder. */ }"
DUMMY_672,"// Dummy code snippet 672
void dummy_function_672() { /* This is a placeholder. */ }",Unknown,This is a synthetic comment for dummy function 672.,en,This is a synthetic comment for dummy function 672.,Synthetic,Generated_Data,this is a synthetic comment for dummy function 672,this is a synthetic comment for dummy function 672,"// Dummy code snippet <NUM>
void dummy_function_672() { /* This is a placeholder. */ }"
DUMMY_673,"// Dummy code snippet 673
void dummy_function_673() { /* This is a placeholder. */ }",Unknown,This is a synthetic comment for dummy function 673.,te,డమ్మీ ఫంక్షన్ 673 కోసం ఇది సింథటిక్ వ్యాఖ్య.,Synthetic,Generated_Data,this is a synthetic comment for dummy function 673,డమమ ఫకషన 673 కస ఇద సథటక వయఖయ,"// Dummy code snippet <NUM>
void dummy_function_673() { /* This is a placeholder. */ }"
DUMMY_674,"// Dummy code snippet 674
void dummy_function_674() { /* This is a placeholder. */ }",Unknown,This is a synthetic comment for dummy function 674.,en,This is a synthetic comment for dummy function 674.,Synthetic,Generated_Data,this is a synthetic comment for dummy function 674,this is a synthetic comment for dummy function 674,"// Dummy code snippet <NUM>
void dummy_function_674() { /* This is a placeholder. */ }"
DUMMY_675,"// Dummy code snippet 675
void dummy_function_675() { /* This is a placeholder. */ }",Unknown,This is a synthetic comment for dummy function 675.,kn,ಇದು ಡಮ್ಮಿ ಫಂಕ್ಷನ್ 675 ಗಾಗಿ ಸಂಶ್ಲೇಷಿತ ಕಾಮೆಂಟ್ ಆಗಿದೆ.,Synthetic,Generated_Data,this is a synthetic comment for dummy function 675,ಇದ ಡಮಮ ಫಕಷನ 675 ಗಗ ಸಶಲಷತ ಕಮಟ ಆಗದ,"// Dummy code snippet <NUM>
void dummy_function_675() { /* This is a placeholder. */ }"
DUMMY_676,"// Dummy code snippet 676
void dummy_function_676() { /* This is a placeholder. */ }",Unknown,This is a synthetic comment for dummy function 676.,es,Este es un comentario sintético para la función ficticia 676.,Synthetic,Generated_Data,this is a synthetic comment for dummy function 676,este es un comentario sintético para la función ficticia 676,"// Dummy code snippet <NUM>
void dummy_function_676() { /* This is a placeholder. */ }"
DUMMY_677,"// Dummy code snippet 677
void dummy_function_677() { /* This is a placeholder. */ }",Unknown,This is a synthetic comment for dummy function 677.,ta,இது போலி செயல்பாடு 677 க்கான செயற்கை கருத்து.,Synthetic,Generated_Data,this is a synthetic comment for dummy function 677,இத பல சயலபட 677 ககன சயறக கரதத,"// Dummy code snippet <NUM>
void dummy_function_677() { /* This is a placeholder. */ }"
DUMMY_678,"// Dummy code snippet 678
void dummy_function_678() { /* This is a placeholder. */ }",Unknown,This is a synthetic comment for dummy function 678.,kn,ಡಮ್ಮಿ ಫಂಕ್ಷನ್ 678 ಗಾಗಿ ಇದು ಸಂಶ್ಲೇಷಿತ ಕಾಮೆಂಟ್ ಆಗಿದೆ.,Synthetic,Generated_Data,this is a synthetic comment for dummy function 678,ಡಮಮ ಫಕಷನ 678 ಗಗ ಇದ ಸಶಲಷತ ಕಮಟ ಆಗದ,"// Dummy code snippet <NUM>
void dummy_function_678() { /* This is a placeholder. */ }"
DUMMY_679,"// Dummy code snippet 679
void dummy_function_679() { /* This is a placeholder. */ }",Unknown,This is a synthetic comment for dummy function 679.,hi,यह डमी फ़ंक्शन 679 के लिए एक सिंथेटिक टिप्पणी है।,Synthetic,Generated_Data,this is a synthetic comment for dummy function 679,यह डम फकशन 679 क लए एक सथटक टपपण ह,"// Dummy code snippet <NUM>
void dummy_function_679() { /* This is a placeholder. */ }"
DUMMY_680,"// Dummy code snippet 680
void dummy_function_680() { /* This is a placeholder. */ }",Unknown,This is a synthetic comment for dummy function 680.,ml,680 ഡോളറിന്റെ ഒരു സിന്തറ്റിക് അഭിപ്രായമാണിത്.,Synthetic,Generated_Data,this is a synthetic comment for dummy function 680,680 ഡളറനറ ഒര സനതററക അഭപരയമണത,"// Dummy code snippet <NUM>
void dummy_function_680() { /* This is a placeholder. */ }"
DUMMY_681,"// Dummy code snippet 681
void dummy_function_681() { /* This is a placeholder. */ }",Unknown,This is a synthetic comment for dummy function 681.,es,Este es un comentario sintético para la función ficticia 681.,Synthetic,Generated_Data,this is a synthetic comment for dummy function 681,este es un comentario sintético para la función ficticia 681,"// Dummy code snippet <NUM>
void dummy_function_681() { /* This is a placeholder. */ }"
DUMMY_682,"// Dummy code snippet 682
void dummy_function_682() { /* This is a placeholder. */ }",Unknown,This is a synthetic comment for dummy function 682.,kn,ಇದು ಡಮ್ಮಿ ಫಂಕ್ಷನ್ 682 ಗಾಗಿ ಸಂಶ್ಲೇಷಿತ ಕಾಮೆಂಟ್ ಆಗಿದೆ.,Synthetic,Generated_Data,this is a synthetic comment for dummy function 682,ಇದ ಡಮಮ ಫಕಷನ 682 ಗಗ ಸಶಲಷತ ಕಮಟ ಆಗದ,"// Dummy code snippet <NUM>
void dummy_function_682() { /* This is a placeholder. */ }"
DUMMY_683,"// Dummy code snippet 683
void dummy_function_683() { /* This is a placeholder. */ }",Unknown,This is a synthetic comment for dummy function 683.,ml,683 ഡമ്മി ഫംഗ്ഷനുള്ള ഒരു സിന്തറ്റിക് അഭിപ്രായമാണിത്.,Synthetic,Generated_Data,this is a synthetic comment for dummy function 683,683 ഡമമ ഫഗഷനളള ഒര സനതററക അഭപരയമണത,"// Dummy code snippet <NUM>
void dummy_function_683() { /* This is a placeholder. */ }"
DUMMY_684,"// Dummy code snippet 684
void dummy_function_684() { /* This is a placeholder. */ }",Unknown,This is a synthetic comment for dummy function 684.,de,Dies ist ein synthetischer Kommentar für die Dummy -Funktion 684.,Synthetic,Generated_Data,this is a synthetic comment for dummy function 684,dies ist ein synthetischer kommentar für die dummy funktion 684,"// Dummy code snippet <NUM>
void dummy_function_684() { /* This is a placeholder. */ }"
DUMMY_685,"// Dummy code snippet 685
void dummy_function_685() { /* This is a placeholder. */ }",Unknown,This is a synthetic comment for dummy function 685.,de,Dies ist ein synthetischer Kommentar für die Dummy -Funktion 685.,Synthetic,Generated_Data,this is a synthetic comment for dummy function 685,dies ist ein synthetischer kommentar für die dummy funktion 685,"// Dummy code snippet <NUM>
void dummy_function_685() { /* This is a placeholder. */ }"
DUMMY_686,"// Dummy code snippet 686
void dummy_function_686() { /* This is a placeholder. */ }",Unknown,This is a synthetic comment for dummy function 686.,fr,Ceci est un commentaire synthétique pour la fonction factice 686.,Synthetic,Generated_Data,this is a synthetic comment for dummy function 686,ceci est un commentaire synthétique pour la fonction factice 686,"// Dummy code snippet <NUM>
void dummy_function_686() { /* This is a placeholder. */ }"
DUMMY_687,"// Dummy code snippet 687
void dummy_function_687() { /* This is a placeholder. */ }",Unknown,This is a synthetic comment for dummy function 687.,kn,ಇದು ಡಮ್ಮಿ ಫಂಕ್ಷನ್ 687 ಗಾಗಿ ಸಂಶ್ಲೇಷಿತ ಕಾಮೆಂಟ್ ಆಗಿದೆ.,Synthetic,Generated_Data,this is a synthetic comment for dummy function 687,ಇದ ಡಮಮ ಫಕಷನ 687 ಗಗ ಸಶಲಷತ ಕಮಟ ಆಗದ,"// Dummy code snippet <NUM>
void dummy_function_687() { /* This is a placeholder. */ }"
DUMMY_688,"// Dummy code snippet 688
void dummy_function_688() { /* This is a placeholder. */ }",Unknown,This is a synthetic comment for dummy function 688.,de,Dies ist ein synthetischer Kommentar für die Dummy -Funktion 688.,Synthetic,Generated_Data,this is a synthetic comment for dummy function 688,dies ist ein synthetischer kommentar für die dummy funktion 688,"// Dummy code snippet <NUM>
void dummy_function_688() { /* This is a placeholder. */ }"
DUMMY_689,"// Dummy code snippet 689
void dummy_function_689() { /* This is a placeholder. */ }",Unknown,This is a synthetic comment for dummy function 689.,it,Questo è un commento sintetico per la funzione fittizia 689.,Synthetic,Generated_Data,this is a synthetic comment for dummy function 689,questo è un commento sintetico per la funzione fittizia 689,"// Dummy code snippet <NUM>
void dummy_function_689() { /* This is a placeholder. */ }"
DUMMY_690,"// Dummy code snippet 690
void dummy_function_690() { /* This is a placeholder. */ }",Unknown,This is a synthetic comment for dummy function 690.,it,Questo è un commento sintetico per la funzione fittizia 690.,Synthetic,Generated_Data,this is a synthetic comment for dummy function 690,questo è un commento sintetico per la funzione fittizia 690,"// Dummy code snippet <NUM>
void dummy_function_690() { /* This is a placeholder. */ }"
DUMMY_691,"// Dummy code snippet 691
void dummy_function_691() { /* This is a placeholder. */ }",Unknown,This is a synthetic comment for dummy function 691.,de,Dies ist ein synthetischer Kommentar für die Dummy -Funktion 691.,Synthetic,Generated_Data,this is a synthetic comment for dummy function 691,dies ist ein synthetischer kommentar für die dummy funktion 691,"// Dummy code snippet <NUM>
void dummy_function_691() { /* This is a placeholder. */ }"
DUMMY_692,"// Dummy code snippet 692
void dummy_function_692() { /* This is a placeholder. */ }",Unknown,This is a synthetic comment for dummy function 692.,it,Questo è un commento sintetico per la funzione fittizia 692.,Synthetic,Generated_Data,this is a synthetic comment for dummy function 692,questo è un commento sintetico per la funzione fittizia 692,"// Dummy code snippet <NUM>
void dummy_function_692() { /* This is a placeholder. */ }"
DUMMY_693,"// Dummy code snippet 693
void dummy_function_693() { /* This is a placeholder. */ }",Unknown,This is a synthetic comment for dummy function 693.,it,Questo è un commento sintetico per la funzione fittizia 693.,Synthetic,Generated_Data,this is a synthetic comment for dummy function 693,questo è un commento sintetico per la funzione fittizia 693,"// Dummy code snippet <NUM>
void dummy_function_693() { /* This is a placeholder. */ }"
DUMMY_694,"// Dummy code snippet 694
void dummy_function_694() { /* This is a placeholder. */ }",Unknown,This is a synthetic comment for dummy function 694.,it,Questo è un commento sintetico per la funzione fittizia 694.,Synthetic,Generated_Data,this is a synthetic comment for dummy function 694,questo è un commento sintetico per la funzione fittizia 694,"// Dummy code snippet <NUM>
void dummy_function_694() { /* This is a placeholder. */ }"
DUMMY_695,"// Dummy code snippet 695
void dummy_function_695() { /* This is a placeholder. */ }",Unknown,This is a synthetic comment for dummy function 695.,en,This is a synthetic comment for dummy function 695.,Synthetic,Generated_Data,this is a synthetic comment for dummy function 695,this is a synthetic comment for dummy function 695,"// Dummy code snippet <NUM>
void dummy_function_695() { /* This is a placeholder. */ }"
DUMMY_696,"// Dummy code snippet 696
void dummy_function_696() { /* This is a placeholder. */ }",Unknown,This is a synthetic comment for dummy function 696.,ta,இது போலி செயல்பாடு 696 க்கான செயற்கை கருத்து.,Synthetic,Generated_Data,this is a synthetic comment for dummy function 696,இத பல சயலபட 696 ககன சயறக கரதத,"// Dummy code snippet <NUM>
void dummy_function_696() { /* This is a placeholder. */ }"
DUMMY_697,"// Dummy code snippet 697
void dummy_function_697() { /* This is a placeholder. */ }",Unknown,This is a synthetic comment for dummy function 697.,es,Este es un comentario sintético para la función ficticia 697.,Synthetic,Generated_Data,this is a synthetic comment for dummy function 697,este es un comentario sintético para la función ficticia 697,"// Dummy code snippet <NUM>
void dummy_function_697() { /* This is a placeholder. */ }"
DUMMY_698,"// Dummy code snippet 698
void dummy_function_698() { /* This is a placeholder. */ }",Unknown,This is a synthetic comment for dummy function 698.,fr,Ceci est un commentaire synthétique pour la fonction factice 698.,Synthetic,Generated_Data,this is a synthetic comment for dummy function 698,ceci est un commentaire synthétique pour la fonction factice 698,"// Dummy code snippet <NUM>
void dummy_function_698() { /* This is a placeholder. */ }"
DUMMY_699,"// Dummy code snippet 699
void dummy_function_699() { /* This is a placeholder. */ }",Unknown,This is a synthetic comment for dummy function 699.,de,Dies ist ein synthetischer Kommentar für die Dummy -Funktion 699.,Synthetic,Generated_Data,this is a synthetic comment for dummy function 699,dies ist ein synthetischer kommentar für die dummy funktion 699,"// Dummy code snippet <NUM>
void dummy_function_699() { /* This is a placeholder. */ }"
DUMMY_700,"// Dummy code snippet 700
void dummy_function_700() { /* This is a placeholder. */ }",Unknown,This is a synthetic comment for dummy function 700.,de,Dies ist ein synthetischer Kommentar für die Dummy -Funktion 700.,Synthetic,Generated_Data,this is a synthetic comment for dummy function 700,dies ist ein synthetischer kommentar für die dummy funktion 700,"// Dummy code snippet <NUM>
void dummy_function_700() { /* This is a placeholder. */ }"
DUMMY_701,"// Dummy code snippet 701
void dummy_function_701() { /* This is a placeholder. */ }",Unknown,This is a synthetic comment for dummy function 701.,en,This is a synthetic comment for dummy function 701.,Synthetic,Generated_Data,this is a synthetic comment for dummy function 701,this is a synthetic comment for dummy function 701,"// Dummy code snippet <NUM>
void dummy_function_701() { /* This is a placeholder. */ }"
DUMMY_702,"// Dummy code snippet 702
void dummy_function_702() { /* This is a placeholder. */ }",Unknown,This is a synthetic comment for dummy function 702.,ml,702 ഡമ്മി ഫംഗ്ഷനുള്ള ഒരു സിന്തറ്റിക് അഭിപ്രായമാണിത്.,Synthetic,Generated_Data,this is a synthetic comment for dummy function 702,702 ഡമമ ഫഗഷനളള ഒര സനതററക അഭപരയമണത,"// Dummy code snippet <NUM>
void dummy_function_702() { /* This is a placeholder. */ }"
DUMMY_703,"// Dummy code snippet 703
void dummy_function_703() { /* This is a placeholder. */ }",Unknown,This is a synthetic comment for dummy function 703.,en,This is a synthetic comment for dummy function 703.,Synthetic,Generated_Data,this is a synthetic comment for dummy function 703,this is a synthetic comment for dummy function 703,"// Dummy code snippet <NUM>
void dummy_function_703() { /* This is a placeholder. */ }"
DUMMY_704,"// Dummy code snippet 704
void dummy_function_704() { /* This is a placeholder. */ }",Unknown,This is a synthetic comment for dummy function 704.,te,డమ్మీ ఫంక్షన్ 704 కోసం ఇది సింథటిక్ వ్యాఖ్య.,Synthetic,Generated_Data,this is a synthetic comment for dummy function 704,డమమ ఫకషన 704 కస ఇద సథటక వయఖయ,"// Dummy code snippet <NUM>
void dummy_function_704() { /* This is a placeholder. */ }"
DUMMY_705,"// Dummy code snippet 705
void dummy_function_705() { /* This is a placeholder. */ }",Unknown,This is a synthetic comment for dummy function 705.,en,This is a synthetic comment for dummy function 705.,Synthetic,Generated_Data,this is a synthetic comment for dummy function 705,this is a synthetic comment for dummy function 705,"// Dummy code snippet <NUM>
void dummy_function_705() { /* This is a placeholder. */ }"
DUMMY_706,"// Dummy code snippet 706
void dummy_function_706() { /* This is a placeholder. */ }",Unknown,This is a synthetic comment for dummy function 706.,te,డమ్మీ ఫంక్షన్ 706 కోసం ఇది సింథటిక్ వ్యాఖ్య.,Synthetic,Generated_Data,this is a synthetic comment for dummy function 706,డమమ ఫకషన 706 కస ఇద సథటక వయఖయ,"// Dummy code snippet <NUM>
void dummy_function_706() { /* This is a placeholder. */ }"
DUMMY_707,"// Dummy code snippet 707
void dummy_function_707() { /* This is a placeholder. */ }",Unknown,This is a synthetic comment for dummy function 707.,te,ఇది డమ్మీ ఫంక్షన్ 707 కోసం సింథటిక్ వ్యాఖ్య.,Synthetic,Generated_Data,this is a synthetic comment for dummy function 707,ఇద డమమ ఫకషన 707 కస సథటక వయఖయ,"// Dummy code snippet <NUM>
void dummy_function_707() { /* This is a placeholder. */ }"
DUMMY_708,"// Dummy code snippet 708
void dummy_function_708() { /* This is a placeholder. */ }",Unknown,This is a synthetic comment for dummy function 708.,ta,போலி செயல்பாடு 708 க்கான செயற்கை கருத்து இது.,Synthetic,Generated_Data,this is a synthetic comment for dummy function 708,பல சயலபட 708 ககன சயறக கரதத இத,"// Dummy code snippet <NUM>
void dummy_function_708() { /* This is a placeholder. */ }"
DUMMY_709,"// Dummy code snippet 709
void dummy_function_709() { /* This is a placeholder. */ }",Unknown,This is a synthetic comment for dummy function 709.,te,డమ్మీ ఫంక్షన్ 709 కోసం ఇది సింథటిక్ వ్యాఖ్య.,Synthetic,Generated_Data,this is a synthetic comment for dummy function 709,డమమ ఫకషన 709 కస ఇద సథటక వయఖయ,"// Dummy code snippet <NUM>
void dummy_function_709() { /* This is a placeholder. */ }"
DUMMY_710,"// Dummy code snippet 710
void dummy_function_710() { /* This is a placeholder. */ }",Unknown,This is a synthetic comment for dummy function 710.,fr,Ceci est un commentaire synthétique pour la fonction factice 710.,Synthetic,Generated_Data,this is a synthetic comment for dummy function 710,ceci est un commentaire synthétique pour la fonction factice 710,"// Dummy code snippet <NUM>
void dummy_function_710() { /* This is a placeholder. */ }"
DUMMY_711,"// Dummy code snippet 711
void dummy_function_711() { /* This is a placeholder. */ }",Unknown,This is a synthetic comment for dummy function 711.,it,Questo è un commento sintetico per la funzione fittizia 711.,Synthetic,Generated_Data,this is a synthetic comment for dummy function 711,questo è un commento sintetico per la funzione fittizia 711,"// Dummy code snippet <NUM>
void dummy_function_711() { /* This is a placeholder. */ }"
DUMMY_712,"// Dummy code snippet 712
void dummy_function_712() { /* This is a placeholder. */ }",Unknown,This is a synthetic comment for dummy function 712.,es,Este es un comentario sintético para la función ficticia 712.,Synthetic,Generated_Data,this is a synthetic comment for dummy function 712,este es un comentario sintético para la función ficticia 712,"// Dummy code snippet <NUM>
void dummy_function_712() { /* This is a placeholder. */ }"
DUMMY_713,"// Dummy code snippet 713
void dummy_function_713() { /* This is a placeholder. */ }",Unknown,This is a synthetic comment for dummy function 713.,it,Questo è un commento sintetico per la funzione fittizia 713.,Synthetic,Generated_Data,this is a synthetic comment for dummy function 713,questo è un commento sintetico per la funzione fittizia 713,"// Dummy code snippet <NUM>
void dummy_function_713() { /* This is a placeholder. */ }"
DUMMY_714,"// Dummy code snippet 714
void dummy_function_714() { /* This is a placeholder. */ }",Unknown,This is a synthetic comment for dummy function 714.,ta,போலி செயல்பாடு 714 க்கான செயற்கை கருத்து இது.,Synthetic,Generated_Data,this is a synthetic comment for dummy function 714,பல சயலபட 714 ககன சயறக கரதத இத,"// Dummy code snippet <NUM>
void dummy_function_714() { /* This is a placeholder. */ }"
DUMMY_715,"// Dummy code snippet 715
void dummy_function_715() { /* This is a placeholder. */ }",Unknown,This is a synthetic comment for dummy function 715.,it,Questo è un commento sintetico per la funzione fittizia 715.,Synthetic,Generated_Data,this is a synthetic comment for dummy function 715,questo è un commento sintetico per la funzione fittizia 715,"// Dummy code snippet <NUM>
void dummy_function_715() { /* This is a placeholder. */ }"
DUMMY_716,"// Dummy code snippet 716
void dummy_function_716() { /* This is a placeholder. */ }",Unknown,This is a synthetic comment for dummy function 716.,te,డమ్మీ ఫంక్షన్ 716 కోసం ఇది సింథటిక్ వ్యాఖ్య.,Synthetic,Generated_Data,this is a synthetic comment for dummy function 716,డమమ ఫకషన 716 కస ఇద సథటక వయఖయ,"// Dummy code snippet <NUM>
void dummy_function_716() { /* This is a placeholder. */ }"
DUMMY_717,"// Dummy code snippet 717
void dummy_function_717() { /* This is a placeholder. */ }",Unknown,This is a synthetic comment for dummy function 717.,ta,போலி செயல்பாடு 717 க்கான செயற்கை கருத்து இது.,Synthetic,Generated_Data,this is a synthetic comment for dummy function 717,பல சயலபட 717 ககன சயறக கரதத இத,"// Dummy code snippet <NUM>
void dummy_function_717() { /* This is a placeholder. */ }"
DUMMY_718,"// Dummy code snippet 718
void dummy_function_718() { /* This is a placeholder. */ }",Unknown,This is a synthetic comment for dummy function 718.,kn,ಇದು ಡಮ್ಮಿ ಫಂಕ್ಷನ್ 718 ಗಾಗಿ ಸಂಶ್ಲೇಷಿತ ಕಾಮೆಂಟ್ ಆಗಿದೆ.,Synthetic,Generated_Data,this is a synthetic comment for dummy function 718,ಇದ ಡಮಮ ಫಕಷನ 718 ಗಗ ಸಶಲಷತ ಕಮಟ ಆಗದ,"// Dummy code snippet <NUM>
void dummy_function_718() { /* This is a placeholder. */ }"
DUMMY_719,"// Dummy code snippet 719
void dummy_function_719() { /* This is a placeholder. */ }",Unknown,This is a synthetic comment for dummy function 719.,hi,यह डमी फ़ंक्शन 719 के लिए एक सिंथेटिक टिप्पणी है।,Synthetic,Generated_Data,this is a synthetic comment for dummy function 719,यह डम फकशन 719 क लए एक सथटक टपपण ह,"// Dummy code snippet <NUM>
void dummy_function_719() { /* This is a placeholder. */ }"
DUMMY_720,"// Dummy code snippet 720
void dummy_function_720() { /* This is a placeholder. */ }",Unknown,This is a synthetic comment for dummy function 720.,ta,போலி செயல்பாடு 720 க்கான செயற்கை கருத்து இது.,Synthetic,Generated_Data,this is a synthetic comment for dummy function 720,பல சயலபட 720 ககன சயறக கரதத இத,"// Dummy code snippet <NUM>
void dummy_function_720() { /* This is a placeholder. */ }"
DUMMY_721,"// Dummy code snippet 721
void dummy_function_721() { /* This is a placeholder. */ }",Unknown,This is a synthetic comment for dummy function 721.,en,This is a synthetic comment for dummy function 721.,Synthetic,Generated_Data,this is a synthetic comment for dummy function 721,this is a synthetic comment for dummy function 721,"// Dummy code snippet <NUM>
void dummy_function_721() { /* This is a placeholder. */ }"
DUMMY_722,"// Dummy code snippet 722
void dummy_function_722() { /* This is a placeholder. */ }",Unknown,This is a synthetic comment for dummy function 722.,kn,ಇದು ಡಮ್ಮಿ ಫಂಕ್ಷನ್ 722 ಗಾಗಿ ಸಂಶ್ಲೇಷಿತ ಕಾಮೆಂಟ್ ಆಗಿದೆ.,Synthetic,Generated_Data,this is a synthetic comment for dummy function 722,ಇದ ಡಮಮ ಫಕಷನ 722 ಗಗ ಸಶಲಷತ ಕಮಟ ಆಗದ,"// Dummy code snippet <NUM>
void dummy_function_722() { /* This is a placeholder. */ }"
DUMMY_723,"// Dummy code snippet 723
void dummy_function_723() { /* This is a placeholder. */ }",Unknown,This is a synthetic comment for dummy function 723.,kn,ಇದು ಡಮ್ಮಿ ಫಂಕ್ಷನ್ 723 ಗಾಗಿ ಸಂಶ್ಲೇಷಿತ ಕಾಮೆಂಟ್ ಆಗಿದೆ.,Synthetic,Generated_Data,this is a synthetic comment for dummy function 723,ಇದ ಡಮಮ ಫಕಷನ 723 ಗಗ ಸಶಲಷತ ಕಮಟ ಆಗದ,"// Dummy code snippet <NUM>
void dummy_function_723() { /* This is a placeholder. */ }"
DUMMY_724,"// Dummy code snippet 724
void dummy_function_724() { /* This is a placeholder. */ }",Unknown,This is a synthetic comment for dummy function 724.,te,డమ్మీ ఫంక్షన్ 724 కోసం ఇది సింథటిక్ వ్యాఖ్య.,Synthetic,Generated_Data,this is a synthetic comment for dummy function 724,డమమ ఫకషన 724 కస ఇద సథటక వయఖయ,"// Dummy code snippet <NUM>
void dummy_function_724() { /* This is a placeholder. */ }"
DUMMY_725,"// Dummy code snippet 725
void dummy_function_725() { /* This is a placeholder. */ }",Unknown,This is a synthetic comment for dummy function 725.,kn,ಇದು ಡಮ್ಮಿ ಫಂಕ್ಷನ್ 725 ಗಾಗಿ ಸಂಶ್ಲೇಷಿತ ಕಾಮೆಂಟ್ ಆಗಿದೆ.,Synthetic,Generated_Data,this is a synthetic comment for dummy function 725,ಇದ ಡಮಮ ಫಕಷನ 725 ಗಗ ಸಶಲಷತ ಕಮಟ ಆಗದ,"// Dummy code snippet <NUM>
void dummy_function_725() { /* This is a placeholder. */ }"
DUMMY_726,"// Dummy code snippet 726
void dummy_function_726() { /* This is a placeholder. */ }",Unknown,This is a synthetic comment for dummy function 726.,de,Dies ist ein synthetischer Kommentar für die Dummy -Funktion 726.,Synthetic,Generated_Data,this is a synthetic comment for dummy function 726,dies ist ein synthetischer kommentar für die dummy funktion 726,"// Dummy code snippet <NUM>
void dummy_function_726() { /* This is a placeholder. */ }"
DUMMY_727,"// Dummy code snippet 727
void dummy_function_727() { /* This is a placeholder. */ }",Unknown,This is a synthetic comment for dummy function 727.,ta,போலி செயல்பாடு 727 க்கான செயற்கை கருத்து இது.,Synthetic,Generated_Data,this is a synthetic comment for dummy function 727,பல சயலபட 727 ககன சயறக கரதத இத,"// Dummy code snippet <NUM>
void dummy_function_727() { /* This is a placeholder. */ }"
DUMMY_728,"// Dummy code snippet 728
void dummy_function_728() { /* This is a placeholder. */ }",Unknown,This is a synthetic comment for dummy function 728.,fr,Ceci est un commentaire synthétique pour la fonction factice 728.,Synthetic,Generated_Data,this is a synthetic comment for dummy function 728,ceci est un commentaire synthétique pour la fonction factice 728,"// Dummy code snippet <NUM>
void dummy_function_728() { /* This is a placeholder. */ }"
DUMMY_729,"// Dummy code snippet 729
void dummy_function_729() { /* This is a placeholder. */ }",Unknown,This is a synthetic comment for dummy function 729.,de,Dies ist ein synthetischer Kommentar für die Dummy -Funktion 729.,Synthetic,Generated_Data,this is a synthetic comment for dummy function 729,dies ist ein synthetischer kommentar für die dummy funktion 729,"// Dummy code snippet <NUM>
void dummy_function_729() { /* This is a placeholder. */ }"
DUMMY_730,"// Dummy code snippet 730
void dummy_function_730() { /* This is a placeholder. */ }",Unknown,This is a synthetic comment for dummy function 730.,ml,730 ഡമ്മി ഫംഗ്ഷനുള്ള ഒരു സിന്തറ്റിക് അഭിപ്രായമാണിത്.,Synthetic,Generated_Data,this is a synthetic comment for dummy function 730,730 ഡമമ ഫഗഷനളള ഒര സനതററക അഭപരയമണത,"// Dummy code snippet <NUM>
void dummy_function_730() { /* This is a placeholder. */ }"
DUMMY_731,"// Dummy code snippet 731
void dummy_function_731() { /* This is a placeholder. */ }",Unknown,This is a synthetic comment for dummy function 731.,ml,731 ഡമ്മി ഫംഗ്ഷനുള്ള ഒരു സിന്തറ്റിക് അഭിപ്രായമാണിത്.,Synthetic,Generated_Data,this is a synthetic comment for dummy function 731,731 ഡമമ ഫഗഷനളള ഒര സനതററക അഭപരയമണത,"// Dummy code snippet <NUM>
void dummy_function_731() { /* This is a placeholder. */ }"
DUMMY_732,"// Dummy code snippet 732
void dummy_function_732() { /* This is a placeholder. */ }",Unknown,This is a synthetic comment for dummy function 732.,te,డమ్మీ ఫంక్షన్ 732 కోసం ఇది సింథటిక్ వ్యాఖ్య.,Synthetic,Generated_Data,this is a synthetic comment for dummy function 732,డమమ ఫకషన 732 కస ఇద సథటక వయఖయ,"// Dummy code snippet <NUM>
void dummy_function_732() { /* This is a placeholder. */ }"
DUMMY_733,"// Dummy code snippet 733
void dummy_function_733() { /* This is a placeholder. */ }",Unknown,This is a synthetic comment for dummy function 733.,ml,733 ഡമ്മി ഫംഗ്ഷനായുള്ള സിന്തറ്റിക് അഭിപ്രായമാണിത്.,Synthetic,Generated_Data,this is a synthetic comment for dummy function 733,733 ഡമമ ഫഗഷനയളള സനതററക അഭപരയമണത,"// Dummy code snippet <NUM>
void dummy_function_733() { /* This is a placeholder. */ }"
DUMMY_734,"// Dummy code snippet 734
void dummy_function_734() { /* This is a placeholder. */ }",Unknown,This is a synthetic comment for dummy function 734.,te,డమ్మీ ఫంక్షన్ 734 కోసం ఇది సింథటిక్ వ్యాఖ్య.,Synthetic,Generated_Data,this is a synthetic comment for dummy function 734,డమమ ఫకషన 734 కస ఇద సథటక వయఖయ,"// Dummy code snippet <NUM>
void dummy_function_734() { /* This is a placeholder. */ }"
DUMMY_735,"// Dummy code snippet 735
void dummy_function_735() { /* This is a placeholder. */ }",Unknown,This is a synthetic comment for dummy function 735.,en,This is a synthetic comment for dummy function 735.,Synthetic,Generated_Data,this is a synthetic comment for dummy function 735,this is a synthetic comment for dummy function 735,"// Dummy code snippet <NUM>
void dummy_function_735() { /* This is a placeholder. */ }"
DUMMY_736,"// Dummy code snippet 736
void dummy_function_736() { /* This is a placeholder. */ }",Unknown,This is a synthetic comment for dummy function 736.,it,Questo è un commento sintetico per la funzione fittizia 736.,Synthetic,Generated_Data,this is a synthetic comment for dummy function 736,questo è un commento sintetico per la funzione fittizia 736,"// Dummy code snippet <NUM>
void dummy_function_736() { /* This is a placeholder. */ }"
DUMMY_737,"// Dummy code snippet 737
void dummy_function_737() { /* This is a placeholder. */ }",Unknown,This is a synthetic comment for dummy function 737.,hi,यह डमी फ़ंक्शन 737 के लिए एक सिंथेटिक टिप्पणी है।,Synthetic,Generated_Data,this is a synthetic comment for dummy function 737,यह डम फकशन 737 क लए एक सथटक टपपण ह,"// Dummy code snippet <NUM>
void dummy_function_737() { /* This is a placeholder. */ }"
DUMMY_738,"// Dummy code snippet 738
void dummy_function_738() { /* This is a placeholder. */ }",Unknown,This is a synthetic comment for dummy function 738.,hi,यह डमी फ़ंक्शन 738 के लिए एक सिंथेटिक टिप्पणी है।,Synthetic,Generated_Data,this is a synthetic comment for dummy function 738,यह डम फकशन 738 क लए एक सथटक टपपण ह,"// Dummy code snippet <NUM>
void dummy_function_738() { /* This is a placeholder. */ }"
DUMMY_739,"// Dummy code snippet 739
void dummy_function_739() { /* This is a placeholder. */ }",Unknown,This is a synthetic comment for dummy function 739.,ml,739 ഡമ്മി ഫംഗ്ഷനുള്ള ഒരു സിന്തറ്റിക് അഭിപ്രായമാണിത്.,Synthetic,Generated_Data,this is a synthetic comment for dummy function 739,739 ഡമമ ഫഗഷനളള ഒര സനതററക അഭപരയമണത,"// Dummy code snippet <NUM>
void dummy_function_739() { /* This is a placeholder. */ }"
DUMMY_740,"// Dummy code snippet 740
void dummy_function_740() { /* This is a placeholder. */ }",Unknown,This is a synthetic comment for dummy function 740.,kn,ಇದು ಡಮ್ಮಿ ಫಂಕ್ಷನ್ 740 ಗಾಗಿ ಸಂಶ್ಲೇಷಿತ ಕಾಮೆಂಟ್ ಆಗಿದೆ.,Synthetic,Generated_Data,this is a synthetic comment for dummy function 740,ಇದ ಡಮಮ ಫಕಷನ 740 ಗಗ ಸಶಲಷತ ಕಮಟ ಆಗದ,"// Dummy code snippet <NUM>
void dummy_function_740() { /* This is a placeholder. */ }"
DUMMY_741,"// Dummy code snippet 741
void dummy_function_741() { /* This is a placeholder. */ }",Unknown,This is a synthetic comment for dummy function 741.,en,This is a synthetic comment for dummy function 741.,Synthetic,Generated_Data,this is a synthetic comment for dummy function 741,this is a synthetic comment for dummy function 741,"// Dummy code snippet <NUM>
void dummy_function_741() { /* This is a placeholder. */ }"
DUMMY_742,"// Dummy code snippet 742
void dummy_function_742() { /* This is a placeholder. */ }",Unknown,This is a synthetic comment for dummy function 742.,es,Este es un comentario sintético para la función ficticia 742.,Synthetic,Generated_Data,this is a synthetic comment for dummy function 742,este es un comentario sintético para la función ficticia 742,"// Dummy code snippet <NUM>
void dummy_function_742() { /* This is a placeholder. */ }"
DUMMY_743,"// Dummy code snippet 743
void dummy_function_743() { /* This is a placeholder. */ }",Unknown,This is a synthetic comment for dummy function 743.,fr,Ceci est un commentaire synthétique pour la fonction factice 743.,Synthetic,Generated_Data,this is a synthetic comment for dummy function 743,ceci est un commentaire synthétique pour la fonction factice 743,"// Dummy code snippet <NUM>
void dummy_function_743() { /* This is a placeholder. */ }"
DUMMY_744,"// Dummy code snippet 744
void dummy_function_744() { /* This is a placeholder. */ }",Unknown,This is a synthetic comment for dummy function 744.,kn,ಡಮ್ಮಿ ಫಂಕ್ಷನ್ 744 ಗಾಗಿ ಇದು ಸಂಶ್ಲೇಷಿತ ಕಾಮೆಂಟ್ ಆಗಿದೆ.,Synthetic,Generated_Data,this is a synthetic comment for dummy function 744,ಡಮಮ ಫಕಷನ 744 ಗಗ ಇದ ಸಶಲಷತ ಕಮಟ ಆಗದ,"// Dummy code snippet <NUM>
void dummy_function_744() { /* This is a placeholder. */ }"
DUMMY_745,"// Dummy code snippet 745
void dummy_function_745() { /* This is a placeholder. */ }",Unknown,This is a synthetic comment for dummy function 745.,kn,ಡಮ್ಮಿ ಫಂಕ್ಷನ್ 745 ಗಾಗಿ ಇದು ಸಂಶ್ಲೇಷಿತ ಕಾಮೆಂಟ್ ಆಗಿದೆ.,Synthetic,Generated_Data,this is a synthetic comment for dummy function 745,ಡಮಮ ಫಕಷನ 745 ಗಗ ಇದ ಸಶಲಷತ ಕಮಟ ಆಗದ,"// Dummy code snippet <NUM>
void dummy_function_745() { /* This is a placeholder. */ }"
DUMMY_746,"// Dummy code snippet 746
void dummy_function_746() { /* This is a placeholder. */ }",Unknown,This is a synthetic comment for dummy function 746.,kn,ಇದು ಡಮ್ಮಿ ಫಂಕ್ಷನ್ 746 ಗಾಗಿ ಸಂಶ್ಲೇಷಿತ ಕಾಮೆಂಟ್ ಆಗಿದೆ.,Synthetic,Generated_Data,this is a synthetic comment for dummy function 746,ಇದ ಡಮಮ ಫಕಷನ 746 ಗಗ ಸಶಲಷತ ಕಮಟ ಆಗದ,"// Dummy code snippet <NUM>
void dummy_function_746() { /* This is a placeholder. */ }"
DUMMY_747,"// Dummy code snippet 747
void dummy_function_747() { /* This is a placeholder. */ }",Unknown,This is a synthetic comment for dummy function 747.,es,Este es un comentario sintético para la función ficticia 747.,Synthetic,Generated_Data,this is a synthetic comment for dummy function 747,este es un comentario sintético para la función ficticia 747,"// Dummy code snippet <NUM>
void dummy_function_747() { /* This is a placeholder. */ }"
DUMMY_748,"// Dummy code snippet 748
void dummy_function_748() { /* This is a placeholder. */ }",Unknown,This is a synthetic comment for dummy function 748.,fr,Ceci est un commentaire synthétique pour la fonction factice 748.,Synthetic,Generated_Data,this is a synthetic comment for dummy function 748,ceci est un commentaire synthétique pour la fonction factice 748,"// Dummy code snippet <NUM>
void dummy_function_748() { /* This is a placeholder. */ }"
DUMMY_749,"// Dummy code snippet 749
void dummy_function_749() { /* This is a placeholder. */ }",Unknown,This is a synthetic comment for dummy function 749.,ta,போலி செயல்பாடு 749 க்கான செயற்கை கருத்து இது.,Synthetic,Generated_Data,this is a synthetic comment for dummy function 749,பல சயலபட 749 ககன சயறக கரதத இத,"// Dummy code snippet <NUM>
void dummy_function_749() { /* This is a placeholder. */ }"
DUMMY_750,"// Dummy code snippet 750
void dummy_function_750() { /* This is a placeholder. */ }",Unknown,This is a synthetic comment for dummy function 750.,ta,போலி செயல்பாடு 750 க்கான செயற்கை கருத்து இது.,Synthetic,Generated_Data,this is a synthetic comment for dummy function 750,பல சயலபட 750 ககன சயறக கரதத இத,"// Dummy code snippet <NUM>
void dummy_function_750() { /* This is a placeholder. */ }"
DUMMY_751,"// Dummy code snippet 751
void dummy_function_751() { /* This is a placeholder. */ }",Unknown,This is a synthetic comment for dummy function 751.,te,ఇది డమ్మీ ఫంక్షన్ 751 కోసం సింథటిక్ వ్యాఖ్య.,Synthetic,Generated_Data,this is a synthetic comment for dummy function 751,ఇద డమమ ఫకషన 751 కస సథటక వయఖయ,"// Dummy code snippet <NUM>
void dummy_function_751() { /* This is a placeholder. */ }"
DUMMY_752,"// Dummy code snippet 752
void dummy_function_752() { /* This is a placeholder. */ }",Unknown,This is a synthetic comment for dummy function 752.,te,డమ్మీ ఫంక్షన్ 752 కోసం ఇది సింథటిక్ వ్యాఖ్య.,Synthetic,Generated_Data,this is a synthetic comment for dummy function 752,డమమ ఫకషన 752 కస ఇద సథటక వయఖయ,"// Dummy code snippet <NUM>
void dummy_function_752() { /* This is a placeholder. */ }"
DUMMY_753,"// Dummy code snippet 753
void dummy_function_753() { /* This is a placeholder. */ }",Unknown,This is a synthetic comment for dummy function 753.,fr,Ceci est un commentaire synthétique pour la fonction factice 753.,Synthetic,Generated_Data,this is a synthetic comment for dummy function 753,ceci est un commentaire synthétique pour la fonction factice 753,"// Dummy code snippet <NUM>
void dummy_function_753() { /* This is a placeholder. */ }"
DUMMY_754,"// Dummy code snippet 754
void dummy_function_754() { /* This is a placeholder. */ }",Unknown,This is a synthetic comment for dummy function 754.,de,Dies ist ein synthetischer Kommentar für die Dummy -Funktion 754.,Synthetic,Generated_Data,this is a synthetic comment for dummy function 754,dies ist ein synthetischer kommentar für die dummy funktion 754,"// Dummy code snippet <NUM>
void dummy_function_754() { /* This is a placeholder. */ }"
DUMMY_755,"// Dummy code snippet 755
void dummy_function_755() { /* This is a placeholder. */ }",Unknown,This is a synthetic comment for dummy function 755.,te,డమ్మీ ఫంక్షన్ 755 కోసం ఇది సింథటిక్ వ్యాఖ్య.,Synthetic,Generated_Data,this is a synthetic comment for dummy function 755,డమమ ఫకషన 755 కస ఇద సథటక వయఖయ,"// Dummy code snippet <NUM>
void dummy_function_755() { /* This is a placeholder. */ }"
DUMMY_756,"// Dummy code snippet 756
void dummy_function_756() { /* This is a placeholder. */ }",Unknown,This is a synthetic comment for dummy function 756.,it,Questo è un commento sintetico per la funzione fittizia 756.,Synthetic,Generated_Data,this is a synthetic comment for dummy function 756,questo è un commento sintetico per la funzione fittizia 756,"// Dummy code snippet <NUM>
void dummy_function_756() { /* This is a placeholder. */ }"
DUMMY_757,"// Dummy code snippet 757
void dummy_function_757() { /* This is a placeholder. */ }",Unknown,This is a synthetic comment for dummy function 757.,en,This is a synthetic comment for dummy function 757.,Synthetic,Generated_Data,this is a synthetic comment for dummy function 757,this is a synthetic comment for dummy function 757,"// Dummy code snippet <NUM>
void dummy_function_757() { /* This is a placeholder. */ }"
DUMMY_758,"// Dummy code snippet 758
void dummy_function_758() { /* This is a placeholder. */ }",Unknown,This is a synthetic comment for dummy function 758.,en,This is a synthetic comment for dummy function 758.,Synthetic,Generated_Data,this is a synthetic comment for dummy function 758,this is a synthetic comment for dummy function 758,"// Dummy code snippet <NUM>
void dummy_function_758() { /* This is a placeholder. */ }"
DUMMY_759,"// Dummy code snippet 759
void dummy_function_759() { /* This is a placeholder. */ }",Unknown,This is a synthetic comment for dummy function 759.,hi,यह डमी फ़ंक्शन 759 के लिए एक सिंथेटिक टिप्पणी है।,Synthetic,Generated_Data,this is a synthetic comment for dummy function 759,यह डम फकशन 759 क लए एक सथटक टपपण ह,"// Dummy code snippet <NUM>
void dummy_function_759() { /* This is a placeholder. */ }"
DUMMY_760,"// Dummy code snippet 760
void dummy_function_760() { /* This is a placeholder. */ }",Unknown,This is a synthetic comment for dummy function 760.,es,Este es un comentario sintético para la función ficticia 760.,Synthetic,Generated_Data,this is a synthetic comment for dummy function 760,este es un comentario sintético para la función ficticia 760,"// Dummy code snippet <NUM>
void dummy_function_760() { /* This is a placeholder. */ }"
DUMMY_761,"// Dummy code snippet 761
void dummy_function_761() { /* This is a placeholder. */ }",Unknown,This is a synthetic comment for dummy function 761.,en,This is a synthetic comment for dummy function 761.,Synthetic,Generated_Data,this is a synthetic comment for dummy function 761,this is a synthetic comment for dummy function 761,"// Dummy code snippet <NUM>
void dummy_function_761() { /* This is a placeholder. */ }"
DUMMY_762,"// Dummy code snippet 762
void dummy_function_762() { /* This is a placeholder. */ }",Unknown,This is a synthetic comment for dummy function 762.,en,This is a synthetic comment for dummy function 762.,Synthetic,Generated_Data,this is a synthetic comment for dummy function 762,this is a synthetic comment for dummy function 762,"// Dummy code snippet <NUM>
void dummy_function_762() { /* This is a placeholder. */ }"
DUMMY_763,"// Dummy code snippet 763
void dummy_function_763() { /* This is a placeholder. */ }",Unknown,This is a synthetic comment for dummy function 763.,es,Este es un comentario sintético para la función ficticia 763.,Synthetic,Generated_Data,this is a synthetic comment for dummy function 763,este es un comentario sintético para la función ficticia 763,"// Dummy code snippet <NUM>
void dummy_function_763() { /* This is a placeholder. */ }"
DUMMY_764,"// Dummy code snippet 764
void dummy_function_764() { /* This is a placeholder. */ }",Unknown,This is a synthetic comment for dummy function 764.,fr,Ceci est un commentaire synthétique pour la fonction factice 764.,Synthetic,Generated_Data,this is a synthetic comment for dummy function 764,ceci est un commentaire synthétique pour la fonction factice 764,"// Dummy code snippet <NUM>
void dummy_function_764() { /* This is a placeholder. */ }"
DUMMY_765,"// Dummy code snippet 765
void dummy_function_765() { /* This is a placeholder. */ }",Unknown,This is a synthetic comment for dummy function 765.,kn,ಇದು ಡಮ್ಮಿ ಫಂಕ್ಷನ್ 765 ಗಾಗಿ ಸಂಶ್ಲೇಷಿತ ಕಾಮೆಂಟ್ ಆಗಿದೆ.,Synthetic,Generated_Data,this is a synthetic comment for dummy function 765,ಇದ ಡಮಮ ಫಕಷನ 765 ಗಗ ಸಶಲಷತ ಕಮಟ ಆಗದ,"// Dummy code snippet <NUM>
void dummy_function_765() { /* This is a placeholder. */ }"
DUMMY_766,"// Dummy code snippet 766
void dummy_function_766() { /* This is a placeholder. */ }",Unknown,This is a synthetic comment for dummy function 766.,de,Dies ist ein synthetischer Kommentar für die Dummy -Funktion 766.,Synthetic,Generated_Data,this is a synthetic comment for dummy function 766,dies ist ein synthetischer kommentar für die dummy funktion 766,"// Dummy code snippet <NUM>
void dummy_function_766() { /* This is a placeholder. */ }"
DUMMY_767,"// Dummy code snippet 767
void dummy_function_767() { /* This is a placeholder. */ }",Unknown,This is a synthetic comment for dummy function 767.,ta,போலி செயல்பாடு 767 க்கான செயற்கை கருத்து இது.,Synthetic,Generated_Data,this is a synthetic comment for dummy function 767,பல சயலபட 767 ககன சயறக கரதத இத,"// Dummy code snippet <NUM>
void dummy_function_767() { /* This is a placeholder. */ }"
DUMMY_768,"// Dummy code snippet 768
void dummy_function_768() { /* This is a placeholder. */ }",Unknown,This is a synthetic comment for dummy function 768.,fr,Ceci est un commentaire synthétique pour la fonction factice 768.,Synthetic,Generated_Data,this is a synthetic comment for dummy function 768,ceci est un commentaire synthétique pour la fonction factice 768,"// Dummy code snippet <NUM>
void dummy_function_768() { /* This is a placeholder. */ }"
DUMMY_769,"// Dummy code snippet 769
void dummy_function_769() { /* This is a placeholder. */ }",Unknown,This is a synthetic comment for dummy function 769.,de,Dies ist ein synthetischer Kommentar für die Dummy -Funktion 769.,Synthetic,Generated_Data,this is a synthetic comment for dummy function 769,dies ist ein synthetischer kommentar für die dummy funktion 769,"// Dummy code snippet <NUM>
void dummy_function_769() { /* This is a placeholder. */ }"
DUMMY_770,"// Dummy code snippet 770
void dummy_function_770() { /* This is a placeholder. */ }",Unknown,This is a synthetic comment for dummy function 770.,hi,यह डमी फ़ंक्शन 770 के लिए एक सिंथेटिक टिप्पणी है।,Synthetic,Generated_Data,this is a synthetic comment for dummy function 770,यह डम फकशन 770 क लए एक सथटक टपपण ह,"// Dummy code snippet <NUM>
void dummy_function_770() { /* This is a placeholder. */ }"
DUMMY_771,"// Dummy code snippet 771
void dummy_function_771() { /* This is a placeholder. */ }",Unknown,This is a synthetic comment for dummy function 771.,te,డమ్మీ ఫంక్షన్ 771 కోసం ఇది సింథటిక్ వ్యాఖ్య.,Synthetic,Generated_Data,this is a synthetic comment for dummy function 771,డమమ ఫకషన 771 కస ఇద సథటక వయఖయ,"// Dummy code snippet <NUM>
void dummy_function_771() { /* This is a placeholder. */ }"
DUMMY_772,"// Dummy code snippet 772
void dummy_function_772() { /* This is a placeholder. */ }",Unknown,This is a synthetic comment for dummy function 772.,es,Este es un comentario sintético para la función ficticia 772.,Synthetic,Generated_Data,this is a synthetic comment for dummy function 772,este es un comentario sintético para la función ficticia 772,"// Dummy code snippet <NUM>
void dummy_function_772() { /* This is a placeholder. */ }"
DUMMY_773,"// Dummy code snippet 773
void dummy_function_773() { /* This is a placeholder. */ }",Unknown,This is a synthetic comment for dummy function 773.,es,Este es un comentario sintético para la función ficticia 773.,Synthetic,Generated_Data,this is a synthetic comment for dummy function 773,este es un comentario sintético para la función ficticia 773,"// Dummy code snippet <NUM>
void dummy_function_773() { /* This is a placeholder. */ }"
DUMMY_774,"// Dummy code snippet 774
void dummy_function_774() { /* This is a placeholder. */ }",Unknown,This is a synthetic comment for dummy function 774.,fr,Ceci est un commentaire synthétique pour la fonction factice 774.,Synthetic,Generated_Data,this is a synthetic comment for dummy function 774,ceci est un commentaire synthétique pour la fonction factice 774,"// Dummy code snippet <NUM>
void dummy_function_774() { /* This is a placeholder. */ }"
DUMMY_775,"// Dummy code snippet 775
void dummy_function_775() { /* This is a placeholder. */ }",Unknown,This is a synthetic comment for dummy function 775.,de,Dies ist ein synthetischer Kommentar für die Dummy -Funktion 775.,Synthetic,Generated_Data,this is a synthetic comment for dummy function 775,dies ist ein synthetischer kommentar für die dummy funktion 775,"// Dummy code snippet <NUM>
void dummy_function_775() { /* This is a placeholder. */ }"
DUMMY_776,"// Dummy code snippet 776
void dummy_function_776() { /* This is a placeholder. */ }",Unknown,This is a synthetic comment for dummy function 776.,kn,ಇದು ಡಮ್ಮಿ ಫಂಕ್ಷನ್ 776 ಗಾಗಿ ಸಂಶ್ಲೇಷಿತ ಕಾಮೆಂಟ್ ಆಗಿದೆ.,Synthetic,Generated_Data,this is a synthetic comment for dummy function 776,ಇದ ಡಮಮ ಫಕಷನ 776 ಗಗ ಸಶಲಷತ ಕಮಟ ಆಗದ,"// Dummy code snippet <NUM>
void dummy_function_776() { /* This is a placeholder. */ }"
DUMMY_777,"// Dummy code snippet 777
void dummy_function_777() { /* This is a placeholder. */ }",Unknown,This is a synthetic comment for dummy function 777.,de,Dies ist ein synthetischer Kommentar für die Dummy -Funktion 777.,Synthetic,Generated_Data,this is a synthetic comment for dummy function 777,dies ist ein synthetischer kommentar für die dummy funktion 777,"// Dummy code snippet <NUM>
void dummy_function_777() { /* This is a placeholder. */ }"
DUMMY_778,"// Dummy code snippet 778
void dummy_function_778() { /* This is a placeholder. */ }",Unknown,This is a synthetic comment for dummy function 778.,fr,Ceci est un commentaire synthétique pour la fonction factice 778.,Synthetic,Generated_Data,this is a synthetic comment for dummy function 778,ceci est un commentaire synthétique pour la fonction factice 778,"// Dummy code snippet <NUM>
void dummy_function_778() { /* This is a placeholder. */ }"
DUMMY_779,"// Dummy code snippet 779
void dummy_function_779() { /* This is a placeholder. */ }",Unknown,This is a synthetic comment for dummy function 779.,te,డమ్మీ ఫంక్షన్ 779 కోసం ఇది సింథటిక్ వ్యాఖ్య.,Synthetic,Generated_Data,this is a synthetic comment for dummy function 779,డమమ ఫకషన 779 కస ఇద సథటక వయఖయ,"// Dummy code snippet <NUM>
void dummy_function_779() { /* This is a placeholder. */ }"
DUMMY_780,"// Dummy code snippet 780
void dummy_function_780() { /* This is a placeholder. */ }",Unknown,This is a synthetic comment for dummy function 780.,te,డమ్మీ ఫంక్షన్ 780 కోసం ఇది సింథటిక్ వ్యాఖ్య.,Synthetic,Generated_Data,this is a synthetic comment for dummy function 780,డమమ ఫకషన 780 కస ఇద సథటక వయఖయ,"// Dummy code snippet <NUM>
void dummy_function_780() { /* This is a placeholder. */ }"
DUMMY_781,"// Dummy code snippet 781
void dummy_function_781() { /* This is a placeholder. */ }",Unknown,This is a synthetic comment for dummy function 781.,de,Dies ist ein synthetischer Kommentar für die Dummy -Funktion 781.,Synthetic,Generated_Data,this is a synthetic comment for dummy function 781,dies ist ein synthetischer kommentar für die dummy funktion 781,"// Dummy code snippet <NUM>
void dummy_function_781() { /* This is a placeholder. */ }"
DUMMY_782,"// Dummy code snippet 782
void dummy_function_782() { /* This is a placeholder. */ }",Unknown,This is a synthetic comment for dummy function 782.,de,Dies ist ein synthetischer Kommentar für die Dummy -Funktion 782.,Synthetic,Generated_Data,this is a synthetic comment for dummy function 782,dies ist ein synthetischer kommentar für die dummy funktion 782,"// Dummy code snippet <NUM>
void dummy_function_782() { /* This is a placeholder. */ }"
DUMMY_783,"// Dummy code snippet 783
void dummy_function_783() { /* This is a placeholder. */ }",Unknown,This is a synthetic comment for dummy function 783.,hi,यह डमी फ़ंक्शन 783 के लिए एक सिंथेटिक टिप्पणी है।,Synthetic,Generated_Data,this is a synthetic comment for dummy function 783,यह डम फकशन 783 क लए एक सथटक टपपण ह,"// Dummy code snippet <NUM>
void dummy_function_783() { /* This is a placeholder. */ }"
DUMMY_784,"// Dummy code snippet 784
void dummy_function_784() { /* This is a placeholder. */ }",Unknown,This is a synthetic comment for dummy function 784.,te,డమ్మీ ఫంక్షన్ 784 కోసం ఇది సింథటిక్ వ్యాఖ్య.,Synthetic,Generated_Data,this is a synthetic comment for dummy function 784,డమమ ఫకషన 784 కస ఇద సథటక వయఖయ,"// Dummy code snippet <NUM>
void dummy_function_784() { /* This is a placeholder. */ }"
DUMMY_785,"// Dummy code snippet 785
void dummy_function_785() { /* This is a placeholder. */ }",Unknown,This is a synthetic comment for dummy function 785.,fr,Ceci est un commentaire synthétique pour la fonction factice 785.,Synthetic,Generated_Data,this is a synthetic comment for dummy function 785,ceci est un commentaire synthétique pour la fonction factice 785,"// Dummy code snippet <NUM>
void dummy_function_785() { /* This is a placeholder. */ }"
DUMMY_786,"// Dummy code snippet 786
void dummy_function_786() { /* This is a placeholder. */ }",Unknown,This is a synthetic comment for dummy function 786.,ta,போலி செயல்பாடு 786 க்கான செயற்கை கருத்து இது.,Synthetic,Generated_Data,this is a synthetic comment for dummy function 786,பல சயலபட 786 ககன சயறக கரதத இத,"// Dummy code snippet <NUM>
void dummy_function_786() { /* This is a placeholder. */ }"
DUMMY_787,"// Dummy code snippet 787
void dummy_function_787() { /* This is a placeholder. */ }",Unknown,This is a synthetic comment for dummy function 787.,en,This is a synthetic comment for dummy function 787.,Synthetic,Generated_Data,this is a synthetic comment for dummy function 787,this is a synthetic comment for dummy function 787,"// Dummy code snippet <NUM>
void dummy_function_787() { /* This is a placeholder. */ }"
DUMMY_788,"// Dummy code snippet 788
void dummy_function_788() { /* This is a placeholder. */ }",Unknown,This is a synthetic comment for dummy function 788.,it,Questo è un commento sintetico per la funzione fittizia 788.,Synthetic,Generated_Data,this is a synthetic comment for dummy function 788,questo è un commento sintetico per la funzione fittizia 788,"// Dummy code snippet <NUM>
void dummy_function_788() { /* This is a placeholder. */ }"
DUMMY_789,"// Dummy code snippet 789
void dummy_function_789() { /* This is a placeholder. */ }",Unknown,This is a synthetic comment for dummy function 789.,hi,यह डमी फ़ंक्शन 789 के लिए एक सिंथेटिक टिप्पणी है।,Synthetic,Generated_Data,this is a synthetic comment for dummy function 789,यह डम फकशन 789 क लए एक सथटक टपपण ह,"// Dummy code snippet <NUM>
void dummy_function_789() { /* This is a placeholder. */ }"
DUMMY_790,"// Dummy code snippet 790
void dummy_function_790() { /* This is a placeholder. */ }",Unknown,This is a synthetic comment for dummy function 790.,hi,यह डमी फ़ंक्शन 790 के लिए एक सिंथेटिक टिप्पणी है।,Synthetic,Generated_Data,this is a synthetic comment for dummy function 790,यह डम फकशन 790 क लए एक सथटक टपपण ह,"// Dummy code snippet <NUM>
void dummy_function_790() { /* This is a placeholder. */ }"
DUMMY_791,"// Dummy code snippet 791
void dummy_function_791() { /* This is a placeholder. */ }",Unknown,This is a synthetic comment for dummy function 791.,es,Este es un comentario sintético para la función ficticia 791.,Synthetic,Generated_Data,this is a synthetic comment for dummy function 791,este es un comentario sintético para la función ficticia 791,"// Dummy code snippet <NUM>
void dummy_function_791() { /* This is a placeholder. */ }"
DUMMY_792,"// Dummy code snippet 792
void dummy_function_792() { /* This is a placeholder. */ }",Unknown,This is a synthetic comment for dummy function 792.,es,Este es un comentario sintético para la función ficticia 792.,Synthetic,Generated_Data,this is a synthetic comment for dummy function 792,este es un comentario sintético para la función ficticia 792,"// Dummy code snippet <NUM>
void dummy_function_792() { /* This is a placeholder. */ }"
DUMMY_793,"// Dummy code snippet 793
void dummy_function_793() { /* This is a placeholder. */ }",Unknown,This is a synthetic comment for dummy function 793.,kn,ಇದು ಡಮ್ಮಿ ಫಂಕ್ಷನ್ 793 ಗಾಗಿ ಸಂಶ್ಲೇಷಿತ ಕಾಮೆಂಟ್ ಆಗಿದೆ.,Synthetic,Generated_Data,this is a synthetic comment for dummy function 793,ಇದ ಡಮಮ ಫಕಷನ 793 ಗಗ ಸಶಲಷತ ಕಮಟ ಆಗದ,"// Dummy code snippet <NUM>
void dummy_function_793() { /* This is a placeholder. */ }"
DUMMY_794,"// Dummy code snippet 794
void dummy_function_794() { /* This is a placeholder. */ }",Unknown,This is a synthetic comment for dummy function 794.,te,డమ్మీ ఫంక్షన్ 794 కోసం ఇది సింథటిక్ వ్యాఖ్య.,Synthetic,Generated_Data,this is a synthetic comment for dummy function 794,డమమ ఫకషన 794 కస ఇద సథటక వయఖయ,"// Dummy code snippet <NUM>
void dummy_function_794() { /* This is a placeholder. */ }"
DUMMY_795,"// Dummy code snippet 795
void dummy_function_795() { /* This is a placeholder. */ }",Unknown,This is a synthetic comment for dummy function 795.,de,Dies ist ein synthetischer Kommentar für die Dummy -Funktion 795.,Synthetic,Generated_Data,this is a synthetic comment for dummy function 795,dies ist ein synthetischer kommentar für die dummy funktion 795,"// Dummy code snippet <NUM>
void dummy_function_795() { /* This is a placeholder. */ }"
DUMMY_796,"// Dummy code snippet 796
void dummy_function_796() { /* This is a placeholder. */ }",Unknown,This is a synthetic comment for dummy function 796.,de,Dies ist ein synthetischer Kommentar für die Dummy -Funktion 796.,Synthetic,Generated_Data,this is a synthetic comment for dummy function 796,dies ist ein synthetischer kommentar für die dummy funktion 796,"// Dummy code snippet <NUM>
void dummy_function_796() { /* This is a placeholder. */ }"
DUMMY_797,"// Dummy code snippet 797
void dummy_function_797() { /* This is a placeholder. */ }",Unknown,This is a synthetic comment for dummy function 797.,hi,यह डमी फ़ंक्शन 797 के लिए एक सिंथेटिक टिप्पणी है।,Synthetic,Generated_Data,this is a synthetic comment for dummy function 797,यह डम फकशन 797 क लए एक सथटक टपपण ह,"// Dummy code snippet <NUM>
void dummy_function_797() { /* This is a placeholder. */ }"
DUMMY_798,"// Dummy code snippet 798
void dummy_function_798() { /* This is a placeholder. */ }",Unknown,This is a synthetic comment for dummy function 798.,ta,போலி செயல்பாடு 798 க்கான செயற்கை கருத்து இது.,Synthetic,Generated_Data,this is a synthetic comment for dummy function 798,பல சயலபட 798 ககன சயறக கரதத இத,"// Dummy code snippet <NUM>
void dummy_function_798() { /* This is a placeholder. */ }"
DUMMY_799,"// Dummy code snippet 799
void dummy_function_799() { /* This is a placeholder. */ }",Unknown,This is a synthetic comment for dummy function 799.,hi,यह डमी फ़ंक्शन 799 के लिए एक सिंथेटिक टिप्पणी है।,Synthetic,Generated_Data,this is a synthetic comment for dummy function 799,यह डम फकशन 799 क लए एक सथटक टपपण ह,"// Dummy code snippet <NUM>
void dummy_function_799() { /* This is a placeholder. */ }"
DUMMY_800,"// Dummy code snippet 800
void dummy_function_800() { /* This is a placeholder. */ }",Unknown,This is a synthetic comment for dummy function 800.,es,Este es un comentario sintético para la función ficticia 800.,Synthetic,Generated_Data,this is a synthetic comment for dummy function 800,este es un comentario sintético para la función ficticia 800,"// Dummy code snippet <NUM>
void dummy_function_800() { /* This is a placeholder. */ }"
DUMMY_801,"// Dummy code snippet 801
void dummy_function_801() { /* This is a placeholder. */ }",Unknown,This is a synthetic comment for dummy function 801.,it,Questo è un commento sintetico per la funzione fittizia 801.,Synthetic,Generated_Data,this is a synthetic comment for dummy function 801,questo è un commento sintetico per la funzione fittizia 801,"// Dummy code snippet <NUM>
void dummy_function_801() { /* This is a placeholder. */ }"
DUMMY_802,"// Dummy code snippet 802
void dummy_function_802() { /* This is a placeholder. */ }",Unknown,This is a synthetic comment for dummy function 802.,fr,Ceci est un commentaire synthétique pour la fonction factice 802.,Synthetic,Generated_Data,this is a synthetic comment for dummy function 802,ceci est un commentaire synthétique pour la fonction factice 802,"// Dummy code snippet <NUM>
void dummy_function_802() { /* This is a placeholder. */ }"
DUMMY_803,"// Dummy code snippet 803
void dummy_function_803() { /* This is a placeholder. */ }",Unknown,This is a synthetic comment for dummy function 803.,ta,போலி செயல்பாடு 803 க்கான செயற்கை கருத்து இது.,Synthetic,Generated_Data,this is a synthetic comment for dummy function 803,பல சயலபட 803 ககன சயறக கரதத இத,"// Dummy code snippet <NUM>
void dummy_function_803() { /* This is a placeholder. */ }"
DUMMY_804,"// Dummy code snippet 804
void dummy_function_804() { /* This is a placeholder. */ }",Unknown,This is a synthetic comment for dummy function 804.,en,This is a synthetic comment for dummy function 804.,Synthetic,Generated_Data,this is a synthetic comment for dummy function 804,this is a synthetic comment for dummy function 804,"// Dummy code snippet <NUM>
void dummy_function_804() { /* This is a placeholder. */ }"
DUMMY_805,"// Dummy code snippet 805
void dummy_function_805() { /* This is a placeholder. */ }",Unknown,This is a synthetic comment for dummy function 805.,hi,यह डमी फ़ंक्शन 805 के लिए एक सिंथेटिक टिप्पणी है।,Synthetic,Generated_Data,this is a synthetic comment for dummy function 805,यह डम फकशन 805 क लए एक सथटक टपपण ह,"// Dummy code snippet <NUM>
void dummy_function_805() { /* This is a placeholder. */ }"
DUMMY_806,"// Dummy code snippet 806
void dummy_function_806() { /* This is a placeholder. */ }",Unknown,This is a synthetic comment for dummy function 806.,ta,போலி செயல்பாடு 806 க்கான செயற்கை கருத்து இது.,Synthetic,Generated_Data,this is a synthetic comment for dummy function 806,பல சயலபட 806 ககன சயறக கரதத இத,"// Dummy code snippet <NUM>
void dummy_function_806() { /* This is a placeholder. */ }"
DUMMY_807,"// Dummy code snippet 807
void dummy_function_807() { /* This is a placeholder. */ }",Unknown,This is a synthetic comment for dummy function 807.,it,Questo è un commento sintetico per la funzione fittizia 807.,Synthetic,Generated_Data,this is a synthetic comment for dummy function 807,questo è un commento sintetico per la funzione fittizia 807,"// Dummy code snippet <NUM>
void dummy_function_807() { /* This is a placeholder. */ }"
DUMMY_808,"// Dummy code snippet 808
void dummy_function_808() { /* This is a placeholder. */ }",Unknown,This is a synthetic comment for dummy function 808.,en,This is a synthetic comment for dummy function 808.,Synthetic,Generated_Data,this is a synthetic comment for dummy function 808,this is a synthetic comment for dummy function 808,"// Dummy code snippet <NUM>
void dummy_function_808() { /* This is a placeholder. */ }"
DUMMY_809,"// Dummy code snippet 809
void dummy_function_809() { /* This is a placeholder. */ }",Unknown,This is a synthetic comment for dummy function 809.,de,Dies ist ein synthetischer Kommentar für die Dummy -Funktion 809.,Synthetic,Generated_Data,this is a synthetic comment for dummy function 809,dies ist ein synthetischer kommentar für die dummy funktion 809,"// Dummy code snippet <NUM>
void dummy_function_809() { /* This is a placeholder. */ }"
DUMMY_810,"// Dummy code snippet 810
void dummy_function_810() { /* This is a placeholder. */ }",Unknown,This is a synthetic comment for dummy function 810.,te,డమ్మీ ఫంక్షన్ 810 కోసం ఇది సింథటిక్ వ్యాఖ్య.,Synthetic,Generated_Data,this is a synthetic comment for dummy function 810,డమమ ఫకషన 810 కస ఇద సథటక వయఖయ,"// Dummy code snippet <NUM>
void dummy_function_810() { /* This is a placeholder. */ }"
DUMMY_811,"// Dummy code snippet 811
void dummy_function_811() { /* This is a placeholder. */ }",Unknown,This is a synthetic comment for dummy function 811.,es,Este es un comentario sintético para la función ficticia 811.,Synthetic,Generated_Data,this is a synthetic comment for dummy function 811,este es un comentario sintético para la función ficticia 811,"// Dummy code snippet <NUM>
void dummy_function_811() { /* This is a placeholder. */ }"
DUMMY_812,"// Dummy code snippet 812
void dummy_function_812() { /* This is a placeholder. */ }",Unknown,This is a synthetic comment for dummy function 812.,te,డమ్మీ ఫంక్షన్ 812 కోసం ఇది సింథటిక్ వ్యాఖ్య.,Synthetic,Generated_Data,this is a synthetic comment for dummy function 812,డమమ ఫకషన 812 కస ఇద సథటక వయఖయ,"// Dummy code snippet <NUM>
void dummy_function_812() { /* This is a placeholder. */ }"
DUMMY_813,"// Dummy code snippet 813
void dummy_function_813() { /* This is a placeholder. */ }",Unknown,This is a synthetic comment for dummy function 813.,kn,ಡಮ್ಮಿ ಫಂಕ್ಷನ್ 813 ಗಾಗಿ ಇದು ಸಂಶ್ಲೇಷಿತ ಕಾಮೆಂಟ್ ಆಗಿದೆ.,Synthetic,Generated_Data,this is a synthetic comment for dummy function 813,ಡಮಮ ಫಕಷನ 813 ಗಗ ಇದ ಸಶಲಷತ ಕಮಟ ಆಗದ,"// Dummy code snippet <NUM>
void dummy_function_813() { /* This is a placeholder. */ }"
DUMMY_814,"// Dummy code snippet 814
void dummy_function_814() { /* This is a placeholder. */ }",Unknown,This is a synthetic comment for dummy function 814.,hi,यह डमी फ़ंक्शन 814 के लिए एक सिंथेटिक टिप्पणी है।,Synthetic,Generated_Data,this is a synthetic comment for dummy function 814,यह डम फकशन 814 क लए एक सथटक टपपण ह,"// Dummy code snippet <NUM>
void dummy_function_814() { /* This is a placeholder. */ }"
DUMMY_815,"// Dummy code snippet 815
void dummy_function_815() { /* This is a placeholder. */ }",Unknown,This is a synthetic comment for dummy function 815.,ml,ഡമ്മി ഫംഗ്ഷനുള്ള ഒരു സിന്തറ്റിക് അഭിപ്രായമാണിത് 815.,Synthetic,Generated_Data,this is a synthetic comment for dummy function 815,ഡമമ ഫഗഷനളള ഒര സനതററക അഭപരയമണത 815,"// Dummy code snippet <NUM>
void dummy_function_815() { /* This is a placeholder. */ }"
DUMMY_816,"// Dummy code snippet 816
void dummy_function_816() { /* This is a placeholder. */ }",Unknown,This is a synthetic comment for dummy function 816.,de,Dies ist ein synthetischer Kommentar für die Dummy -Funktion 816.,Synthetic,Generated_Data,this is a synthetic comment for dummy function 816,dies ist ein synthetischer kommentar für die dummy funktion 816,"// Dummy code snippet <NUM>
void dummy_function_816() { /* This is a placeholder. */ }"
DUMMY_817,"// Dummy code snippet 817
void dummy_function_817() { /* This is a placeholder. */ }",Unknown,This is a synthetic comment for dummy function 817.,fr,Ceci est un commentaire synthétique pour la fonction factice 817.,Synthetic,Generated_Data,this is a synthetic comment for dummy function 817,ceci est un commentaire synthétique pour la fonction factice 817,"// Dummy code snippet <NUM>
void dummy_function_817() { /* This is a placeholder. */ }"
DUMMY_818,"// Dummy code snippet 818
void dummy_function_818() { /* This is a placeholder. */ }",Unknown,This is a synthetic comment for dummy function 818.,es,Este es un comentario sintético para la función ficticia 818.,Synthetic,Generated_Data,this is a synthetic comment for dummy function 818,este es un comentario sintético para la función ficticia 818,"// Dummy code snippet <NUM>
void dummy_function_818() { /* This is a placeholder. */ }"
DUMMY_819,"// Dummy code snippet 819
void dummy_function_819() { /* This is a placeholder. */ }",Unknown,This is a synthetic comment for dummy function 819.,es,Este es un comentario sintético para la función ficticia 819.,Synthetic,Generated_Data,this is a synthetic comment for dummy function 819,este es un comentario sintético para la función ficticia 819,"// Dummy code snippet <NUM>
void dummy_function_819() { /* This is a placeholder. */ }"
DUMMY_820,"// Dummy code snippet 820
void dummy_function_820() { /* This is a placeholder. */ }",Unknown,This is a synthetic comment for dummy function 820.,te,డమ్మీ ఫంక్షన్ 820 కోసం ఇది సింథటిక్ వ్యాఖ్య.,Synthetic,Generated_Data,this is a synthetic comment for dummy function 820,డమమ ఫకషన 820 కస ఇద సథటక వయఖయ,"// Dummy code snippet <NUM>
void dummy_function_820() { /* This is a placeholder. */ }"
DUMMY_821,"// Dummy code snippet 821
void dummy_function_821() { /* This is a placeholder. */ }",Unknown,This is a synthetic comment for dummy function 821.,ml,ഡമ്മി ഫംഗ്ഷനുള്ള ഒരു സിന്തറ്റിക് അഭിപ്രായമാണിത് 821.,Synthetic,Generated_Data,this is a synthetic comment for dummy function 821,ഡമമ ഫഗഷനളള ഒര സനതററക അഭപരയമണത 821,"// Dummy code snippet <NUM>
void dummy_function_821() { /* This is a placeholder. */ }"
DUMMY_822,"// Dummy code snippet 822
void dummy_function_822() { /* This is a placeholder. */ }",Unknown,This is a synthetic comment for dummy function 822.,te,డమ్మీ ఫంక్షన్ 822 కోసం ఇది సింథటిక్ వ్యాఖ్య.,Synthetic,Generated_Data,this is a synthetic comment for dummy function 822,డమమ ఫకషన 822 కస ఇద సథటక వయఖయ,"// Dummy code snippet <NUM>
void dummy_function_822() { /* This is a placeholder. */ }"
DUMMY_823,"// Dummy code snippet 823
void dummy_function_823() { /* This is a placeholder. */ }",Unknown,This is a synthetic comment for dummy function 823.,te,డమ్మీ ఫంక్షన్ 823 కోసం ఇది సింథటిక్ వ్యాఖ్య.,Synthetic,Generated_Data,this is a synthetic comment for dummy function 823,డమమ ఫకషన 823 కస ఇద సథటక వయఖయ,"// Dummy code snippet <NUM>
void dummy_function_823() { /* This is a placeholder. */ }"
DUMMY_824,"// Dummy code snippet 824
void dummy_function_824() { /* This is a placeholder. */ }",Unknown,This is a synthetic comment for dummy function 824.,fr,Ceci est un commentaire synthétique pour la fonction factice 824.,Synthetic,Generated_Data,this is a synthetic comment for dummy function 824,ceci est un commentaire synthétique pour la fonction factice 824,"// Dummy code snippet <NUM>
void dummy_function_824() { /* This is a placeholder. */ }"
DUMMY_825,"// Dummy code snippet 825
void dummy_function_825() { /* This is a placeholder. */ }",Unknown,This is a synthetic comment for dummy function 825.,es,Este es un comentario sintético para la función ficticia 825.,Synthetic,Generated_Data,this is a synthetic comment for dummy function 825,este es un comentario sintético para la función ficticia 825,"// Dummy code snippet <NUM>
void dummy_function_825() { /* This is a placeholder. */ }"
DUMMY_826,"// Dummy code snippet 826
void dummy_function_826() { /* This is a placeholder. */ }",Unknown,This is a synthetic comment for dummy function 826.,te,డమ్మీ ఫంక్షన్ 826 కోసం ఇది సింథటిక్ వ్యాఖ్య.,Synthetic,Generated_Data,this is a synthetic comment for dummy function 826,డమమ ఫకషన 826 కస ఇద సథటక వయఖయ,"// Dummy code snippet <NUM>
void dummy_function_826() { /* This is a placeholder. */ }"
DUMMY_827,"// Dummy code snippet 827
void dummy_function_827() { /* This is a placeholder. */ }",Unknown,This is a synthetic comment for dummy function 827.,kn,ಇದು ಡಮ್ಮಿ ಫಂಕ್ಷನ್ 827 ಗಾಗಿ ಸಂಶ್ಲೇಷಿತ ಕಾಮೆಂಟ್ ಆಗಿದೆ.,Synthetic,Generated_Data,this is a synthetic comment for dummy function 827,ಇದ ಡಮಮ ಫಕಷನ 827 ಗಗ ಸಶಲಷತ ಕಮಟ ಆಗದ,"// Dummy code snippet <NUM>
void dummy_function_827() { /* This is a placeholder. */ }"
DUMMY_828,"// Dummy code snippet 828
void dummy_function_828() { /* This is a placeholder. */ }",Unknown,This is a synthetic comment for dummy function 828.,fr,Ceci est un commentaire synthétique pour la fonction factice 828.,Synthetic,Generated_Data,this is a synthetic comment for dummy function 828,ceci est un commentaire synthétique pour la fonction factice 828,"// Dummy code snippet <NUM>
void dummy_function_828() { /* This is a placeholder. */ }"
DUMMY_829,"// Dummy code snippet 829
void dummy_function_829() { /* This is a placeholder. */ }",Unknown,This is a synthetic comment for dummy function 829.,de,Dies ist ein synthetischer Kommentar für die Dummy -Funktion 829.,Synthetic,Generated_Data,this is a synthetic comment for dummy function 829,dies ist ein synthetischer kommentar für die dummy funktion 829,"// Dummy code snippet <NUM>
void dummy_function_829() { /* This is a placeholder. */ }"
DUMMY_830,"// Dummy code snippet 830
void dummy_function_830() { /* This is a placeholder. */ }",Unknown,This is a synthetic comment for dummy function 830.,en,This is a synthetic comment for dummy function 830.,Synthetic,Generated_Data,this is a synthetic comment for dummy function 830,this is a synthetic comment for dummy function 830,"// Dummy code snippet <NUM>
void dummy_function_830() { /* This is a placeholder. */ }"
DUMMY_831,"// Dummy code snippet 831
void dummy_function_831() { /* This is a placeholder. */ }",Unknown,This is a synthetic comment for dummy function 831.,hi,यह डमी फ़ंक्शन 831 के लिए एक सिंथेटिक टिप्पणी है।,Synthetic,Generated_Data,this is a synthetic comment for dummy function 831,यह डम फकशन 831 क लए एक सथटक टपपण ह,"// Dummy code snippet <NUM>
void dummy_function_831() { /* This is a placeholder. */ }"
DUMMY_832,"// Dummy code snippet 832
void dummy_function_832() { /* This is a placeholder. */ }",Unknown,This is a synthetic comment for dummy function 832.,hi,यह डमी फ़ंक्शन 832 के लिए एक सिंथेटिक टिप्पणी है।,Synthetic,Generated_Data,this is a synthetic comment for dummy function 832,यह डम फकशन 832 क लए एक सथटक टपपण ह,"// Dummy code snippet <NUM>
void dummy_function_832() { /* This is a placeholder. */ }"
DUMMY_833,"// Dummy code snippet 833
void dummy_function_833() { /* This is a placeholder. */ }",Unknown,This is a synthetic comment for dummy function 833.,ta,போலி செயல்பாடு 833 க்கான செயற்கை கருத்து இது.,Synthetic,Generated_Data,this is a synthetic comment for dummy function 833,பல சயலபட 833 ககன சயறக கரதத இத,"// Dummy code snippet <NUM>
void dummy_function_833() { /* This is a placeholder. */ }"
DUMMY_834,"// Dummy code snippet 834
void dummy_function_834() { /* This is a placeholder. */ }",Unknown,This is a synthetic comment for dummy function 834.,te,డమ్మీ ఫంక్షన్ 834 కోసం ఇది సింథటిక్ వ్యాఖ్య.,Synthetic,Generated_Data,this is a synthetic comment for dummy function 834,డమమ ఫకషన 834 కస ఇద సథటక వయఖయ,"// Dummy code snippet <NUM>
void dummy_function_834() { /* This is a placeholder. */ }"
DUMMY_835,"// Dummy code snippet 835
void dummy_function_835() { /* This is a placeholder. */ }",Unknown,This is a synthetic comment for dummy function 835.,en,This is a synthetic comment for dummy function 835.,Synthetic,Generated_Data,this is a synthetic comment for dummy function 835,this is a synthetic comment for dummy function 835,"// Dummy code snippet <NUM>
void dummy_function_835() { /* This is a placeholder. */ }"
DUMMY_836,"// Dummy code snippet 836
void dummy_function_836() { /* This is a placeholder. */ }",Unknown,This is a synthetic comment for dummy function 836.,ml,ഡമ്മി ഫംഗ്ഷനുള്ള ഒരു സിന്തറ്റിക് അഭിപ്രായമാണിത് 836.,Synthetic,Generated_Data,this is a synthetic comment for dummy function 836,ഡമമ ഫഗഷനളള ഒര സനതററക അഭപരയമണത 836,"// Dummy code snippet <NUM>
void dummy_function_836() { /* This is a placeholder. */ }"
DUMMY_837,"// Dummy code snippet 837
void dummy_function_837() { /* This is a placeholder. */ }",Unknown,This is a synthetic comment for dummy function 837.,ta,போலி செயல்பாடு 837 க்கான செயற்கை கருத்து இது.,Synthetic,Generated_Data,this is a synthetic comment for dummy function 837,பல சயலபட 837 ககன சயறக கரதத இத,"// Dummy code snippet <NUM>
void dummy_function_837() { /* This is a placeholder. */ }"
DUMMY_838,"// Dummy code snippet 838
void dummy_function_838() { /* This is a placeholder. */ }",Unknown,This is a synthetic comment for dummy function 838.,ta,போலி செயல்பாடு 838 க்கான செயற்கை கருத்து இது.,Synthetic,Generated_Data,this is a synthetic comment for dummy function 838,பல சயலபட 838 ககன சயறக கரதத இத,"// Dummy code snippet <NUM>
void dummy_function_838() { /* This is a placeholder. */ }"
DUMMY_839,"// Dummy code snippet 839
void dummy_function_839() { /* This is a placeholder. */ }",Unknown,This is a synthetic comment for dummy function 839.,ml,ഡമ്മി ഫംഗ്ഷനുള്ള ഒരു സിന്തറ്റിക് അഭിപ്രായമാണിത് 839.,Synthetic,Generated_Data,this is a synthetic comment for dummy function 839,ഡമമ ഫഗഷനളള ഒര സനതററക അഭപരയമണത 839,"// Dummy code snippet <NUM>
void dummy_function_839() { /* This is a placeholder. */ }"
DUMMY_840,"// Dummy code snippet 840
void dummy_function_840() { /* This is a placeholder. */ }",Unknown,This is a synthetic comment for dummy function 840.,en,This is a synthetic comment for dummy function 840.,Synthetic,Generated_Data,this is a synthetic comment for dummy function 840,this is a synthetic comment for dummy function 840,"// Dummy code snippet <NUM>
void dummy_function_840() { /* This is a placeholder. */ }"
DUMMY_841,"// Dummy code snippet 841
void dummy_function_841() { /* This is a placeholder. */ }",Unknown,This is a synthetic comment for dummy function 841.,en,This is a synthetic comment for dummy function 841.,Synthetic,Generated_Data,this is a synthetic comment for dummy function 841,this is a synthetic comment for dummy function 841,"// Dummy code snippet <NUM>
void dummy_function_841() { /* This is a placeholder. */ }"
DUMMY_842,"// Dummy code snippet 842
void dummy_function_842() { /* This is a placeholder. */ }",Unknown,This is a synthetic comment for dummy function 842.,en,This is a synthetic comment for dummy function 842.,Synthetic,Generated_Data,this is a synthetic comment for dummy function 842,this is a synthetic comment for dummy function 842,"// Dummy code snippet <NUM>
void dummy_function_842() { /* This is a placeholder. */ }"
DUMMY_843,"// Dummy code snippet 843
void dummy_function_843() { /* This is a placeholder. */ }",Unknown,This is a synthetic comment for dummy function 843.,en,This is a synthetic comment for dummy function 843.,Synthetic,Generated_Data,this is a synthetic comment for dummy function 843,this is a synthetic comment for dummy function 843,"// Dummy code snippet <NUM>
void dummy_function_843() { /* This is a placeholder. */ }"
DUMMY_844,"// Dummy code snippet 844
void dummy_function_844() { /* This is a placeholder. */ }",Unknown,This is a synthetic comment for dummy function 844.,it,Questo è un commento sintetico per la funzione fittizia 844.,Synthetic,Generated_Data,this is a synthetic comment for dummy function 844,questo è un commento sintetico per la funzione fittizia 844,"// Dummy code snippet <NUM>
void dummy_function_844() { /* This is a placeholder. */ }"
DUMMY_845,"// Dummy code snippet 845
void dummy_function_845() { /* This is a placeholder. */ }",Unknown,This is a synthetic comment for dummy function 845.,ta,போலி செயல்பாடு 845 க்கான செயற்கை கருத்து இது.,Synthetic,Generated_Data,this is a synthetic comment for dummy function 845,பல சயலபட 845 ககன சயறக கரதத இத,"// Dummy code snippet <NUM>
void dummy_function_845() { /* This is a placeholder. */ }"
DUMMY_846,"// Dummy code snippet 846
void dummy_function_846() { /* This is a placeholder. */ }",Unknown,This is a synthetic comment for dummy function 846.,ml,ഡമ്മി ഫംഗ്ഷനുള്ള ഒരു സിന്തറ്റിക് അഭിപ്രായമാണിത് 846.,Synthetic,Generated_Data,this is a synthetic comment for dummy function 846,ഡമമ ഫഗഷനളള ഒര സനതററക അഭപരയമണത 846,"// Dummy code snippet <NUM>
void dummy_function_846() { /* This is a placeholder. */ }"
DUMMY_847,"// Dummy code snippet 847
void dummy_function_847() { /* This is a placeholder. */ }",Unknown,This is a synthetic comment for dummy function 847.,te,డమ్మీ ఫంక్షన్ 847 కోసం ఇది సింథటిక్ వ్యాఖ్య.,Synthetic,Generated_Data,this is a synthetic comment for dummy function 847,డమమ ఫకషన 847 కస ఇద సథటక వయఖయ,"// Dummy code snippet <NUM>
void dummy_function_847() { /* This is a placeholder. */ }"
DUMMY_848,"// Dummy code snippet 848
void dummy_function_848() { /* This is a placeholder. */ }",Unknown,This is a synthetic comment for dummy function 848.,it,Questo è un commento sintetico per la funzione fittizia 848.,Synthetic,Generated_Data,this is a synthetic comment for dummy function 848,questo è un commento sintetico per la funzione fittizia 848,"// Dummy code snippet <NUM>
void dummy_function_848() { /* This is a placeholder. */ }"
DUMMY_849,"// Dummy code snippet 849
void dummy_function_849() { /* This is a placeholder. */ }",Unknown,This is a synthetic comment for dummy function 849.,hi,यह डमी फ़ंक्शन 849 के लिए एक सिंथेटिक टिप्पणी है।,Synthetic,Generated_Data,this is a synthetic comment for dummy function 849,यह डम फकशन 849 क लए एक सथटक टपपण ह,"// Dummy code snippet <NUM>
void dummy_function_849() { /* This is a placeholder. */ }"
DUMMY_850,"// Dummy code snippet 850
void dummy_function_850() { /* This is a placeholder. */ }",Unknown,This is a synthetic comment for dummy function 850.,kn,ಇದು ಡಮ್ಮಿ ಫಂಕ್ಷನ್ 850 ಗಾಗಿ ಸಂಶ್ಲೇಷಿತ ಕಾಮೆಂಟ್ ಆಗಿದೆ.,Synthetic,Generated_Data,this is a synthetic comment for dummy function 850,ಇದ ಡಮಮ ಫಕಷನ 850 ಗಗ ಸಶಲಷತ ಕಮಟ ಆಗದ,"// Dummy code snippet <NUM>
void dummy_function_850() { /* This is a placeholder. */ }"
DUMMY_851,"// Dummy code snippet 851
void dummy_function_851() { /* This is a placeholder. */ }",Unknown,This is a synthetic comment for dummy function 851.,kn,ಇದು ಡಮ್ಮಿ ಫಂಕ್ಷನ್ 851 ಗಾಗಿ ಸಂಶ್ಲೇಷಿತ ಕಾಮೆಂಟ್ ಆಗಿದೆ.,Synthetic,Generated_Data,this is a synthetic comment for dummy function 851,ಇದ ಡಮಮ ಫಕಷನ 851 ಗಗ ಸಶಲಷತ ಕಮಟ ಆಗದ,"// Dummy code snippet <NUM>
void dummy_function_851() { /* This is a placeholder. */ }"
DUMMY_852,"// Dummy code snippet 852
void dummy_function_852() { /* This is a placeholder. */ }",Unknown,This is a synthetic comment for dummy function 852.,ml,ഡമ്മി ഫംഗ്ഷനുള്ള ഒരു സിന്തറ്റിക് അഭിപ്രായമാണിത് 852.,Synthetic,Generated_Data,this is a synthetic comment for dummy function 852,ഡമമ ഫഗഷനളള ഒര സനതററക അഭപരയമണത 852,"// Dummy code snippet <NUM>
void dummy_function_852() { /* This is a placeholder. */ }"
DUMMY_853,"// Dummy code snippet 853
void dummy_function_853() { /* This is a placeholder. */ }",Unknown,This is a synthetic comment for dummy function 853.,fr,Ceci est un commentaire synthétique pour la fonction factice 853.,Synthetic,Generated_Data,this is a synthetic comment for dummy function 853,ceci est un commentaire synthétique pour la fonction factice 853,"// Dummy code snippet <NUM>
void dummy_function_853() { /* This is a placeholder. */ }"
DUMMY_854,"// Dummy code snippet 854
void dummy_function_854() { /* This is a placeholder. */ }",Unknown,This is a synthetic comment for dummy function 854.,ta,போலி செயல்பாடு 854 க்கான செயற்கை கருத்து இது.,Synthetic,Generated_Data,this is a synthetic comment for dummy function 854,பல சயலபட 854 ககன சயறக கரதத இத,"// Dummy code snippet <NUM>
void dummy_function_854() { /* This is a placeholder. */ }"
DUMMY_855,"// Dummy code snippet 855
void dummy_function_855() { /* This is a placeholder. */ }",Unknown,This is a synthetic comment for dummy function 855.,en,This is a synthetic comment for dummy function 855.,Synthetic,Generated_Data,this is a synthetic comment for dummy function 855,this is a synthetic comment for dummy function 855,"// Dummy code snippet <NUM>
void dummy_function_855() { /* This is a placeholder. */ }"
DUMMY_856,"// Dummy code snippet 856
void dummy_function_856() { /* This is a placeholder. */ }",Unknown,This is a synthetic comment for dummy function 856.,de,Dies ist ein synthetischer Kommentar für die Dummy -Funktion 856.,Synthetic,Generated_Data,this is a synthetic comment for dummy function 856,dies ist ein synthetischer kommentar für die dummy funktion 856,"// Dummy code snippet <NUM>
void dummy_function_856() { /* This is a placeholder. */ }"
DUMMY_857,"// Dummy code snippet 857
void dummy_function_857() { /* This is a placeholder. */ }",Unknown,This is a synthetic comment for dummy function 857.,ta,போலி செயல்பாடு 857 க்கான செயற்கை கருத்து இது.,Synthetic,Generated_Data,this is a synthetic comment for dummy function 857,பல சயலபட 857 ககன சயறக கரதத இத,"// Dummy code snippet <NUM>
void dummy_function_857() { /* This is a placeholder. */ }"
DUMMY_858,"// Dummy code snippet 858
void dummy_function_858() { /* This is a placeholder. */ }",Unknown,This is a synthetic comment for dummy function 858.,de,Dies ist ein synthetischer Kommentar für die Dummy -Funktion 858.,Synthetic,Generated_Data,this is a synthetic comment for dummy function 858,dies ist ein synthetischer kommentar für die dummy funktion 858,"// Dummy code snippet <NUM>
void dummy_function_858() { /* This is a placeholder. */ }"
DUMMY_859,"// Dummy code snippet 859
void dummy_function_859() { /* This is a placeholder. */ }",Unknown,This is a synthetic comment for dummy function 859.,ml,859 ഡമ്മി ഫംഗ്ഷനുള്ള ഒരു സിന്തറ്റിക് അഭിപ്രായമാണിത്.,Synthetic,Generated_Data,this is a synthetic comment for dummy function 859,859 ഡമമ ഫഗഷനളള ഒര സനതററക അഭപരയമണത,"// Dummy code snippet <NUM>
void dummy_function_859() { /* This is a placeholder. */ }"
DUMMY_860,"// Dummy code snippet 860
void dummy_function_860() { /* This is a placeholder. */ }",Unknown,This is a synthetic comment for dummy function 860.,es,Este es un comentario sintético para la función ficticia 860.,Synthetic,Generated_Data,this is a synthetic comment for dummy function 860,este es un comentario sintético para la función ficticia 860,"// Dummy code snippet <NUM>
void dummy_function_860() { /* This is a placeholder. */ }"
DUMMY_861,"// Dummy code snippet 861
void dummy_function_861() { /* This is a placeholder. */ }",Unknown,This is a synthetic comment for dummy function 861.,en,This is a synthetic comment for dummy function 861.,Synthetic,Generated_Data,this is a synthetic comment for dummy function 861,this is a synthetic comment for dummy function 861,"// Dummy code snippet <NUM>
void dummy_function_861() { /* This is a placeholder. */ }"
DUMMY_862,"// Dummy code snippet 862
void dummy_function_862() { /* This is a placeholder. */ }",Unknown,This is a synthetic comment for dummy function 862.,it,Questo è un commento sintetico per la funzione fittizia 862.,Synthetic,Generated_Data,this is a synthetic comment for dummy function 862,questo è un commento sintetico per la funzione fittizia 862,"// Dummy code snippet <NUM>
void dummy_function_862() { /* This is a placeholder. */ }"
DUMMY_863,"// Dummy code snippet 863
void dummy_function_863() { /* This is a placeholder. */ }",Unknown,This is a synthetic comment for dummy function 863.,ta,போலி செயல்பாடு 863 க்கான செயற்கை கருத்து இது.,Synthetic,Generated_Data,this is a synthetic comment for dummy function 863,பல சயலபட 863 ககன சயறக கரதத இத,"// Dummy code snippet <NUM>
void dummy_function_863() { /* This is a placeholder. */ }"
DUMMY_864,"// Dummy code snippet 864
void dummy_function_864() { /* This is a placeholder. */ }",Unknown,This is a synthetic comment for dummy function 864.,es,Este es un comentario sintético para la función ficticia 864.,Synthetic,Generated_Data,this is a synthetic comment for dummy function 864,este es un comentario sintético para la función ficticia 864,"// Dummy code snippet <NUM>
void dummy_function_864() { /* This is a placeholder. */ }"
DUMMY_865,"// Dummy code snippet 865
void dummy_function_865() { /* This is a placeholder. */ }",Unknown,This is a synthetic comment for dummy function 865.,ta,போலி செயல்பாடு 865 க்கான செயற்கை கருத்து இது.,Synthetic,Generated_Data,this is a synthetic comment for dummy function 865,பல சயலபட 865 ககன சயறக கரதத இத,"// Dummy code snippet <NUM>
void dummy_function_865() { /* This is a placeholder. */ }"
DUMMY_866,"// Dummy code snippet 866
void dummy_function_866() { /* This is a placeholder. */ }",Unknown,This is a synthetic comment for dummy function 866.,it,Questo è un commento sintetico per la funzione fittizia 866.,Synthetic,Generated_Data,this is a synthetic comment for dummy function 866,questo è un commento sintetico per la funzione fittizia 866,"// Dummy code snippet <NUM>
void dummy_function_866() { /* This is a placeholder. */ }"
DUMMY_867,"// Dummy code snippet 867
void dummy_function_867() { /* This is a placeholder. */ }",Unknown,This is a synthetic comment for dummy function 867.,kn,ಇದು ಡಮ್ಮಿ ಫಂಕ್ಷನ್ 867 ಗಾಗಿ ಸಂಶ್ಲೇಷಿತ ಕಾಮೆಂಟ್ ಆಗಿದೆ.,Synthetic,Generated_Data,this is a synthetic comment for dummy function 867,ಇದ ಡಮಮ ಫಕಷನ 867 ಗಗ ಸಶಲಷತ ಕಮಟ ಆಗದ,"// Dummy code snippet <NUM>
void dummy_function_867() { /* This is a placeholder. */ }"
DUMMY_868,"// Dummy code snippet 868
void dummy_function_868() { /* This is a placeholder. */ }",Unknown,This is a synthetic comment for dummy function 868.,te,డమ్మీ ఫంక్షన్ 868 కోసం ఇది సింథటిక్ వ్యాఖ్య.,Synthetic,Generated_Data,this is a synthetic comment for dummy function 868,డమమ ఫకషన 868 కస ఇద సథటక వయఖయ,"// Dummy code snippet <NUM>
void dummy_function_868() { /* This is a placeholder. */ }"
DUMMY_869,"// Dummy code snippet 869
void dummy_function_869() { /* This is a placeholder. */ }",Unknown,This is a synthetic comment for dummy function 869.,en,This is a synthetic comment for dummy function 869.,Synthetic,Generated_Data,this is a synthetic comment for dummy function 869,this is a synthetic comment for dummy function 869,"// Dummy code snippet <NUM>
void dummy_function_869() { /* This is a placeholder. */ }"
DUMMY_870,"// Dummy code snippet 870
void dummy_function_870() { /* This is a placeholder. */ }",Unknown,This is a synthetic comment for dummy function 870.,te,డమ్మీ ఫంక్షన్ 870 కోసం ఇది సింథటిక్ వ్యాఖ్య.,Synthetic,Generated_Data,this is a synthetic comment for dummy function 870,డమమ ఫకషన 870 కస ఇద సథటక వయఖయ,"// Dummy code snippet <NUM>
void dummy_function_870() { /* This is a placeholder. */ }"
DUMMY_871,"// Dummy code snippet 871
void dummy_function_871() { /* This is a placeholder. */ }",Unknown,This is a synthetic comment for dummy function 871.,fr,Ceci est un commentaire synthétique pour la fonction factice 871.,Synthetic,Generated_Data,this is a synthetic comment for dummy function 871,ceci est un commentaire synthétique pour la fonction factice 871,"// Dummy code snippet <NUM>
void dummy_function_871() { /* This is a placeholder. */ }"
DUMMY_872,"// Dummy code snippet 872
void dummy_function_872() { /* This is a placeholder. */ }",Unknown,This is a synthetic comment for dummy function 872.,ta,போலி செயல்பாடு 872 க்கான செயற்கை கருத்து இது.,Synthetic,Generated_Data,this is a synthetic comment for dummy function 872,பல சயலபட 872 ககன சயறக கரதத இத,"// Dummy code snippet <NUM>
void dummy_function_872() { /* This is a placeholder. */ }"
DUMMY_873,"// Dummy code snippet 873
void dummy_function_873() { /* This is a placeholder. */ }",Unknown,This is a synthetic comment for dummy function 873.,en,This is a synthetic comment for dummy function 873.,Synthetic,Generated_Data,this is a synthetic comment for dummy function 873,this is a synthetic comment for dummy function 873,"// Dummy code snippet <NUM>
void dummy_function_873() { /* This is a placeholder. */ }"
DUMMY_874,"// Dummy code snippet 874
void dummy_function_874() { /* This is a placeholder. */ }",Unknown,This is a synthetic comment for dummy function 874.,en,This is a synthetic comment for dummy function 874.,Synthetic,Generated_Data,this is a synthetic comment for dummy function 874,this is a synthetic comment for dummy function 874,"// Dummy code snippet <NUM>
void dummy_function_874() { /* This is a placeholder. */ }"
DUMMY_875,"// Dummy code snippet 875
void dummy_function_875() { /* This is a placeholder. */ }",Unknown,This is a synthetic comment for dummy function 875.,es,Este es un comentario sintético para la función ficticia 875.,Synthetic,Generated_Data,this is a synthetic comment for dummy function 875,este es un comentario sintético para la función ficticia 875,"// Dummy code snippet <NUM>
void dummy_function_875() { /* This is a placeholder. */ }"
DUMMY_876,"// Dummy code snippet 876
void dummy_function_876() { /* This is a placeholder. */ }",Unknown,This is a synthetic comment for dummy function 876.,te,డమ్మీ ఫంక్షన్ 876 కోసం ఇది సింథటిక్ వ్యాఖ్య.,Synthetic,Generated_Data,this is a synthetic comment for dummy function 876,డమమ ఫకషన 876 కస ఇద సథటక వయఖయ,"// Dummy code snippet <NUM>
void dummy_function_876() { /* This is a placeholder. */ }"
DUMMY_877,"// Dummy code snippet 877
void dummy_function_877() { /* This is a placeholder. */ }",Unknown,This is a synthetic comment for dummy function 877.,fr,Ceci est un commentaire synthétique pour la fonction factice 877.,Synthetic,Generated_Data,this is a synthetic comment for dummy function 877,ceci est un commentaire synthétique pour la fonction factice 877,"// Dummy code snippet <NUM>
void dummy_function_877() { /* This is a placeholder. */ }"
DUMMY_878,"// Dummy code snippet 878
void dummy_function_878() { /* This is a placeholder. */ }",Unknown,This is a synthetic comment for dummy function 878.,ta,போலி செயல்பாடு 878 க்கான செயற்கை கருத்து இது.,Synthetic,Generated_Data,this is a synthetic comment for dummy function 878,பல சயலபட 878 ககன சயறக கரதத இத,"// Dummy code snippet <NUM>
void dummy_function_878() { /* This is a placeholder. */ }"
DUMMY_879,"// Dummy code snippet 879
void dummy_function_879() { /* This is a placeholder. */ }",Unknown,This is a synthetic comment for dummy function 879.,hi,यह डमी फ़ंक्शन 879 के लिए एक सिंथेटिक टिप्पणी है।,Synthetic,Generated_Data,this is a synthetic comment for dummy function 879,यह डम फकशन 879 क लए एक सथटक टपपण ह,"// Dummy code snippet <NUM>
void dummy_function_879() { /* This is a placeholder. */ }"
DUMMY_880,"// Dummy code snippet 880
void dummy_function_880() { /* This is a placeholder. */ }",Unknown,This is a synthetic comment for dummy function 880.,it,Questo è un commento sintetico per la funzione fittizia 880.,Synthetic,Generated_Data,this is a synthetic comment for dummy function 880,questo è un commento sintetico per la funzione fittizia 880,"// Dummy code snippet <NUM>
void dummy_function_880() { /* This is a placeholder. */ }"
DUMMY_881,"// Dummy code snippet 881
void dummy_function_881() { /* This is a placeholder. */ }",Unknown,This is a synthetic comment for dummy function 881.,te,డమ్మీ ఫంక్షన్ 881 కోసం ఇది సింథటిక్ వ్యాఖ్య.,Synthetic,Generated_Data,this is a synthetic comment for dummy function 881,డమమ ఫకషన 881 కస ఇద సథటక వయఖయ,"// Dummy code snippet <NUM>
void dummy_function_881() { /* This is a placeholder. */ }"
DUMMY_882,"// Dummy code snippet 882
void dummy_function_882() { /* This is a placeholder. */ }",Unknown,This is a synthetic comment for dummy function 882.,hi,यह डमी फ़ंक्शन 882 के लिए एक सिंथेटिक टिप्पणी है।,Synthetic,Generated_Data,this is a synthetic comment for dummy function 882,यह डम फकशन 882 क लए एक सथटक टपपण ह,"// Dummy code snippet <NUM>
void dummy_function_882() { /* This is a placeholder. */ }"
DUMMY_883,"// Dummy code snippet 883
void dummy_function_883() { /* This is a placeholder. */ }",Unknown,This is a synthetic comment for dummy function 883.,kn,ಇದು ಡಮ್ಮಿ ಫಂಕ್ಷನ್ 883 ಗಾಗಿ ಸಂಶ್ಲೇಷಿತ ಕಾಮೆಂಟ್ ಆಗಿದೆ.,Synthetic,Generated_Data,this is a synthetic comment for dummy function 883,ಇದ ಡಮಮ ಫಕಷನ 883 ಗಗ ಸಶಲಷತ ಕಮಟ ಆಗದ,"// Dummy code snippet <NUM>
void dummy_function_883() { /* This is a placeholder. */ }"
DUMMY_884,"// Dummy code snippet 884
void dummy_function_884() { /* This is a placeholder. */ }",Unknown,This is a synthetic comment for dummy function 884.,de,Dies ist ein synthetischer Kommentar für die Dummy -Funktion 884.,Synthetic,Generated_Data,this is a synthetic comment for dummy function 884,dies ist ein synthetischer kommentar für die dummy funktion 884,"// Dummy code snippet <NUM>
void dummy_function_884() { /* This is a placeholder. */ }"
DUMMY_885,"// Dummy code snippet 885
void dummy_function_885() { /* This is a placeholder. */ }",Unknown,This is a synthetic comment for dummy function 885.,te,డమ్మీ ఫంక్షన్ 885 కోసం ఇది సింథటిక్ వ్యాఖ్య.,Synthetic,Generated_Data,this is a synthetic comment for dummy function 885,డమమ ఫకషన 885 కస ఇద సథటక వయఖయ,"// Dummy code snippet <NUM>
void dummy_function_885() { /* This is a placeholder. */ }"
DUMMY_886,"// Dummy code snippet 886
void dummy_function_886() { /* This is a placeholder. */ }",Unknown,This is a synthetic comment for dummy function 886.,fr,Ceci est un commentaire synthétique pour la fonction factice 886.,Synthetic,Generated_Data,this is a synthetic comment for dummy function 886,ceci est un commentaire synthétique pour la fonction factice 886,"// Dummy code snippet <NUM>
void dummy_function_886() { /* This is a placeholder. */ }"
DUMMY_887,"// Dummy code snippet 887
void dummy_function_887() { /* This is a placeholder. */ }",Unknown,This is a synthetic comment for dummy function 887.,fr,Ceci est un commentaire synthétique pour la fonction factice 887.,Synthetic,Generated_Data,this is a synthetic comment for dummy function 887,ceci est un commentaire synthétique pour la fonction factice 887,"// Dummy code snippet <NUM>
void dummy_function_887() { /* This is a placeholder. */ }"
DUMMY_888,"// Dummy code snippet 888
void dummy_function_888() { /* This is a placeholder. */ }",Unknown,This is a synthetic comment for dummy function 888.,te,డమ్మీ ఫంక్షన్ 888 కోసం ఇది సింథటిక్ వ్యాఖ్య.,Synthetic,Generated_Data,this is a synthetic comment for dummy function 888,డమమ ఫకషన 888 కస ఇద సథటక వయఖయ,"// Dummy code snippet <NUM>
void dummy_function_888() { /* This is a placeholder. */ }"
DUMMY_889,"// Dummy code snippet 889
void dummy_function_889() { /* This is a placeholder. */ }",Unknown,This is a synthetic comment for dummy function 889.,de,Dies ist ein synthetischer Kommentar für die Dummy -Funktion 889.,Synthetic,Generated_Data,this is a synthetic comment for dummy function 889,dies ist ein synthetischer kommentar für die dummy funktion 889,"// Dummy code snippet <NUM>
void dummy_function_889() { /* This is a placeholder. */ }"
DUMMY_890,"// Dummy code snippet 890
void dummy_function_890() { /* This is a placeholder. */ }",Unknown,This is a synthetic comment for dummy function 890.,fr,Ceci est un commentaire synthétique pour la fonction factice 890.,Synthetic,Generated_Data,this is a synthetic comment for dummy function 890,ceci est un commentaire synthétique pour la fonction factice 890,"// Dummy code snippet <NUM>
void dummy_function_890() { /* This is a placeholder. */ }"
DUMMY_891,"// Dummy code snippet 891
void dummy_function_891() { /* This is a placeholder. */ }",Unknown,This is a synthetic comment for dummy function 891.,fr,Ceci est un commentaire synthétique pour la fonction factice 891.,Synthetic,Generated_Data,this is a synthetic comment for dummy function 891,ceci est un commentaire synthétique pour la fonction factice 891,"// Dummy code snippet <NUM>
void dummy_function_891() { /* This is a placeholder. */ }"
DUMMY_892,"// Dummy code snippet 892
void dummy_function_892() { /* This is a placeholder. */ }",Unknown,This is a synthetic comment for dummy function 892.,te,డమ్మీ ఫంక్షన్ 892 కోసం ఇది సింథటిక్ వ్యాఖ్య.,Synthetic,Generated_Data,this is a synthetic comment for dummy function 892,డమమ ఫకషన 892 కస ఇద సథటక వయఖయ,"// Dummy code snippet <NUM>
void dummy_function_892() { /* This is a placeholder. */ }"
DUMMY_893,"// Dummy code snippet 893
void dummy_function_893() { /* This is a placeholder. */ }",Unknown,This is a synthetic comment for dummy function 893.,te,డమ్మీ ఫంక్షన్ 893 కోసం ఇది సింథటిక్ వ్యాఖ్య.,Synthetic,Generated_Data,this is a synthetic comment for dummy function 893,డమమ ఫకషన 893 కస ఇద సథటక వయఖయ,"// Dummy code snippet <NUM>
void dummy_function_893() { /* This is a placeholder. */ }"
DUMMY_894,"// Dummy code snippet 894
void dummy_function_894() { /* This is a placeholder. */ }",Unknown,This is a synthetic comment for dummy function 894.,es,Este es un comentario sintético para la función ficticia 894.,Synthetic,Generated_Data,this is a synthetic comment for dummy function 894,este es un comentario sintético para la función ficticia 894,"// Dummy code snippet <NUM>
void dummy_function_894() { /* This is a placeholder. */ }"
DUMMY_895,"// Dummy code snippet 895
void dummy_function_895() { /* This is a placeholder. */ }",Unknown,This is a synthetic comment for dummy function 895.,te,డమ్మీ ఫంక్షన్ 895 కోసం ఇది సింథటిక్ వ్యాఖ్య.,Synthetic,Generated_Data,this is a synthetic comment for dummy function 895,డమమ ఫకషన 895 కస ఇద సథటక వయఖయ,"// Dummy code snippet <NUM>
void dummy_function_895() { /* This is a placeholder. */ }"
DUMMY_896,"// Dummy code snippet 896
void dummy_function_896() { /* This is a placeholder. */ }",Unknown,This is a synthetic comment for dummy function 896.,hi,यह डमी फ़ंक्शन 896 के लिए एक सिंथेटिक टिप्पणी है।,Synthetic,Generated_Data,this is a synthetic comment for dummy function 896,यह डम फकशन 896 क लए एक सथटक टपपण ह,"// Dummy code snippet <NUM>
void dummy_function_896() { /* This is a placeholder. */ }"
DUMMY_897,"// Dummy code snippet 897
void dummy_function_897() { /* This is a placeholder. */ }",Unknown,This is a synthetic comment for dummy function 897.,es,Este es un comentario sintético para la función ficticia 897.,Synthetic,Generated_Data,this is a synthetic comment for dummy function 897,este es un comentario sintético para la función ficticia 897,"// Dummy code snippet <NUM>
void dummy_function_897() { /* This is a placeholder. */ }"
DUMMY_898,"// Dummy code snippet 898
void dummy_function_898() { /* This is a placeholder. */ }",Unknown,This is a synthetic comment for dummy function 898.,kn,ಇದು ಡಮ್ಮಿ ಫಂಕ್ಷನ್ 898 ಗಾಗಿ ಸಂಶ್ಲೇಷಿತ ಕಾಮೆಂಟ್ ಆಗಿದೆ.,Synthetic,Generated_Data,this is a synthetic comment for dummy function 898,ಇದ ಡಮಮ ಫಕಷನ 898 ಗಗ ಸಶಲಷತ ಕಮಟ ಆಗದ,"// Dummy code snippet <NUM>
void dummy_function_898() { /* This is a placeholder. */ }"
DUMMY_899,"// Dummy code snippet 899
void dummy_function_899() { /* This is a placeholder. */ }",Unknown,This is a synthetic comment for dummy function 899.,ta,போலி செயல்பாடு 899 க்கான செயற்கை கருத்து இது.,Synthetic,Generated_Data,this is a synthetic comment for dummy function 899,பல சயலபட 899 ககன சயறக கரதத இத,"// Dummy code snippet <NUM>
void dummy_function_899() { /* This is a placeholder. */ }"
DUMMY_900,"// Dummy code snippet 900
void dummy_function_900() { /* This is a placeholder. */ }",Unknown,This is a synthetic comment for dummy function 900.,ta,போலி செயல்பாடு 900 க்கான செயற்கை கருத்து இது.,Synthetic,Generated_Data,this is a synthetic comment for dummy function 900,பல சயலபட 900 ககன சயறக கரதத இத,"// Dummy code snippet <NUM>
void dummy_function_900() { /* This is a placeholder. */ }"
DUMMY_901,"// Dummy code snippet 901
void dummy_function_901() { /* This is a placeholder. */ }",Unknown,This is a synthetic comment for dummy function 901.,fr,Ceci est un commentaire synthétique pour la fonction factice 901.,Synthetic,Generated_Data,this is a synthetic comment for dummy function 901,ceci est un commentaire synthétique pour la fonction factice 901,"// Dummy code snippet <NUM>
void dummy_function_901() { /* This is a placeholder. */ }"
DUMMY_902,"// Dummy code snippet 902
void dummy_function_902() { /* This is a placeholder. */ }",Unknown,This is a synthetic comment for dummy function 902.,en,This is a synthetic comment for dummy function 902.,Synthetic,Generated_Data,this is a synthetic comment for dummy function 902,this is a synthetic comment for dummy function 902,"// Dummy code snippet <NUM>
void dummy_function_902() { /* This is a placeholder. */ }"
DUMMY_903,"// Dummy code snippet 903
void dummy_function_903() { /* This is a placeholder. */ }",Unknown,This is a synthetic comment for dummy function 903.,es,Este es un comentario sintético para la función ficticia 903.,Synthetic,Generated_Data,this is a synthetic comment for dummy function 903,este es un comentario sintético para la función ficticia 903,"// Dummy code snippet <NUM>
void dummy_function_903() { /* This is a placeholder. */ }"
DUMMY_904,"// Dummy code snippet 904
void dummy_function_904() { /* This is a placeholder. */ }",Unknown,This is a synthetic comment for dummy function 904.,de,Dies ist ein synthetischer Kommentar für die Dummy -Funktion 904.,Synthetic,Generated_Data,this is a synthetic comment for dummy function 904,dies ist ein synthetischer kommentar für die dummy funktion 904,"// Dummy code snippet <NUM>
void dummy_function_904() { /* This is a placeholder. */ }"
DUMMY_905,"// Dummy code snippet 905
void dummy_function_905() { /* This is a placeholder. */ }",Unknown,This is a synthetic comment for dummy function 905.,ta,போலி செயல்பாடு 905 க்கான செயற்கை கருத்து இது.,Synthetic,Generated_Data,this is a synthetic comment for dummy function 905,பல சயலபட 905 ககன சயறக கரதத இத,"// Dummy code snippet <NUM>
void dummy_function_905() { /* This is a placeholder. */ }"
DUMMY_906,"// Dummy code snippet 906
void dummy_function_906() { /* This is a placeholder. */ }",Unknown,This is a synthetic comment for dummy function 906.,es,Este es un comentario sintético para la función ficticia 906.,Synthetic,Generated_Data,this is a synthetic comment for dummy function 906,este es un comentario sintético para la función ficticia 906,"// Dummy code snippet <NUM>
void dummy_function_906() { /* This is a placeholder. */ }"
DUMMY_907,"// Dummy code snippet 907
void dummy_function_907() { /* This is a placeholder. */ }",Unknown,This is a synthetic comment for dummy function 907.,it,Questo è un commento sintetico per la funzione fittizia 907.,Synthetic,Generated_Data,this is a synthetic comment for dummy function 907,questo è un commento sintetico per la funzione fittizia 907,"// Dummy code snippet <NUM>
void dummy_function_907() { /* This is a placeholder. */ }"
DUMMY_908,"// Dummy code snippet 908
void dummy_function_908() { /* This is a placeholder. */ }",Unknown,This is a synthetic comment for dummy function 908.,es,Este es un comentario sintético para la función ficticia 908.,Synthetic,Generated_Data,this is a synthetic comment for dummy function 908,este es un comentario sintético para la función ficticia 908,"// Dummy code snippet <NUM>
void dummy_function_908() { /* This is a placeholder. */ }"
DUMMY_909,"// Dummy code snippet 909
void dummy_function_909() { /* This is a placeholder. */ }",Unknown,This is a synthetic comment for dummy function 909.,ml,909 ഡമ്മി ഫംഗ്ഷനുള്ള ഒരു സിന്തറ്റിക് അഭിപ്രായമാണിത്.,Synthetic,Generated_Data,this is a synthetic comment for dummy function 909,909 ഡമമ ഫഗഷനളള ഒര സനതററക അഭപരയമണത,"// Dummy code snippet <NUM>
void dummy_function_909() { /* This is a placeholder. */ }"
DUMMY_910,"// Dummy code snippet 910
void dummy_function_910() { /* This is a placeholder. */ }",Unknown,This is a synthetic comment for dummy function 910.,ta,போலி செயல்பாடு 910 க்கான செயற்கை கருத்து இது.,Synthetic,Generated_Data,this is a synthetic comment for dummy function 910,பல சயலபட 910 ககன சயறக கரதத இத,"// Dummy code snippet <NUM>
void dummy_function_910() { /* This is a placeholder. */ }"
DUMMY_911,"// Dummy code snippet 911
void dummy_function_911() { /* This is a placeholder. */ }",Unknown,This is a synthetic comment for dummy function 911.,fr,Ceci est un commentaire synthétique pour la fonction factice 911.,Synthetic,Generated_Data,this is a synthetic comment for dummy function 911,ceci est un commentaire synthétique pour la fonction factice 911,"// Dummy code snippet <NUM>
void dummy_function_911() { /* This is a placeholder. */ }"
DUMMY_912,"// Dummy code snippet 912
void dummy_function_912() { /* This is a placeholder. */ }",Unknown,This is a synthetic comment for dummy function 912.,te,డమ్మీ ఫంక్షన్ 912 కోసం ఇది సింథటిక్ వ్యాఖ్య.,Synthetic,Generated_Data,this is a synthetic comment for dummy function 912,డమమ ఫకషన 912 కస ఇద సథటక వయఖయ,"// Dummy code snippet <NUM>
void dummy_function_912() { /* This is a placeholder. */ }"
DUMMY_913,"// Dummy code snippet 913
void dummy_function_913() { /* This is a placeholder. */ }",Unknown,This is a synthetic comment for dummy function 913.,ml,913 ഡമ്മി ഫംഗ്ഷനുള്ള ഒരു സിന്തറ്റിക് അഭിപ്രായമാണിത്.,Synthetic,Generated_Data,this is a synthetic comment for dummy function 913,913 ഡമമ ഫഗഷനളള ഒര സനതററക അഭപരയമണത,"// Dummy code snippet <NUM>
void dummy_function_913() { /* This is a placeholder. */ }"
DUMMY_914,"// Dummy code snippet 914
void dummy_function_914() { /* This is a placeholder. */ }",Unknown,This is a synthetic comment for dummy function 914.,es,Este es un comentario sintético para la función ficticia 914.,Synthetic,Generated_Data,this is a synthetic comment for dummy function 914,este es un comentario sintético para la función ficticia 914,"// Dummy code snippet <NUM>
void dummy_function_914() { /* This is a placeholder. */ }"
DUMMY_915,"// Dummy code snippet 915
void dummy_function_915() { /* This is a placeholder. */ }",Unknown,This is a synthetic comment for dummy function 915.,ml,915 ഡമ്മി ഫംഗ്ഷനുള്ള ഒരു സിന്തറ്റിക് അഭിപ്രായമാണിത്.,Synthetic,Generated_Data,this is a synthetic comment for dummy function 915,915 ഡമമ ഫഗഷനളള ഒര സനതററക അഭപരയമണത,"// Dummy code snippet <NUM>
void dummy_function_915() { /* This is a placeholder. */ }"
DUMMY_916,"// Dummy code snippet 916
void dummy_function_916() { /* This is a placeholder. */ }",Unknown,This is a synthetic comment for dummy function 916.,te,ఇది డమ్మీ ఫంక్షన్ 916 కోసం సింథటిక్ వ్యాఖ్య.,Synthetic,Generated_Data,this is a synthetic comment for dummy function 916,ఇద డమమ ఫకషన 916 కస సథటక వయఖయ,"// Dummy code snippet <NUM>
void dummy_function_916() { /* This is a placeholder. */ }"
DUMMY_917,"// Dummy code snippet 917
void dummy_function_917() { /* This is a placeholder. */ }",Unknown,This is a synthetic comment for dummy function 917.,it,Questo è un commento sintetico per la funzione fittizia 917.,Synthetic,Generated_Data,this is a synthetic comment for dummy function 917,questo è un commento sintetico per la funzione fittizia 917,"// Dummy code snippet <NUM>
void dummy_function_917() { /* This is a placeholder. */ }"
DUMMY_918,"// Dummy code snippet 918
void dummy_function_918() { /* This is a placeholder. */ }",Unknown,This is a synthetic comment for dummy function 918.,en,This is a synthetic comment for dummy function 918.,Synthetic,Generated_Data,this is a synthetic comment for dummy function 918,this is a synthetic comment for dummy function 918,"// Dummy code snippet <NUM>
void dummy_function_918() { /* This is a placeholder. */ }"
DUMMY_919,"// Dummy code snippet 919
void dummy_function_919() { /* This is a placeholder. */ }",Unknown,This is a synthetic comment for dummy function 919.,it,Questo è un commento sintetico per la funzione fittizia 919.,Synthetic,Generated_Data,this is a synthetic comment for dummy function 919,questo è un commento sintetico per la funzione fittizia 919,"// Dummy code snippet <NUM>
void dummy_function_919() { /* This is a placeholder. */ }"
DUMMY_920,"// Dummy code snippet 920
void dummy_function_920() { /* This is a placeholder. */ }",Unknown,This is a synthetic comment for dummy function 920.,hi,यह डमी फ़ंक्शन 920 के लिए एक सिंथेटिक टिप्पणी है।,Synthetic,Generated_Data,this is a synthetic comment for dummy function 920,यह डम फकशन 920 क लए एक सथटक टपपण ह,"// Dummy code snippet <NUM>
void dummy_function_920() { /* This is a placeholder. */ }"
DUMMY_921,"// Dummy code snippet 921
void dummy_function_921() { /* This is a placeholder. */ }",Unknown,This is a synthetic comment for dummy function 921.,es,Este es un comentario sintético para la función ficticia 921.,Synthetic,Generated_Data,this is a synthetic comment for dummy function 921,este es un comentario sintético para la función ficticia 921,"// Dummy code snippet <NUM>
void dummy_function_921() { /* This is a placeholder. */ }"
DUMMY_922,"// Dummy code snippet 922
void dummy_function_922() { /* This is a placeholder. */ }",Unknown,This is a synthetic comment for dummy function 922.,de,Dies ist ein synthetischer Kommentar für die Dummy -Funktion 922.,Synthetic,Generated_Data,this is a synthetic comment for dummy function 922,dies ist ein synthetischer kommentar für die dummy funktion 922,"// Dummy code snippet <NUM>
void dummy_function_922() { /* This is a placeholder. */ }"
DUMMY_923,"// Dummy code snippet 923
void dummy_function_923() { /* This is a placeholder. */ }",Unknown,This is a synthetic comment for dummy function 923.,fr,Ceci est un commentaire synthétique pour la fonction factice 923.,Synthetic,Generated_Data,this is a synthetic comment for dummy function 923,ceci est un commentaire synthétique pour la fonction factice 923,"// Dummy code snippet <NUM>
void dummy_function_923() { /* This is a placeholder. */ }"
DUMMY_924,"// Dummy code snippet 924
void dummy_function_924() { /* This is a placeholder. */ }",Unknown,This is a synthetic comment for dummy function 924.,te,డమ్మీ ఫంక్షన్ 924 కోసం ఇది సింథటిక్ వ్యాఖ్య.,Synthetic,Generated_Data,this is a synthetic comment for dummy function 924,డమమ ఫకషన 924 కస ఇద సథటక వయఖయ,"// Dummy code snippet <NUM>
void dummy_function_924() { /* This is a placeholder. */ }"
DUMMY_925,"// Dummy code snippet 925
void dummy_function_925() { /* This is a placeholder. */ }",Unknown,This is a synthetic comment for dummy function 925.,te,డమ్మీ ఫంక్షన్ 925 కోసం ఇది సింథటిక్ వ్యాఖ్య.,Synthetic,Generated_Data,this is a synthetic comment for dummy function 925,డమమ ఫకషన 925 కస ఇద సథటక వయఖయ,"// Dummy code snippet <NUM>
void dummy_function_925() { /* This is a placeholder. */ }"
DUMMY_926,"// Dummy code snippet 926
void dummy_function_926() { /* This is a placeholder. */ }",Unknown,This is a synthetic comment for dummy function 926.,fr,Ceci est un commentaire synthétique pour la fonction factice 926.,Synthetic,Generated_Data,this is a synthetic comment for dummy function 926,ceci est un commentaire synthétique pour la fonction factice 926,"// Dummy code snippet <NUM>
void dummy_function_926() { /* This is a placeholder. */ }"
DUMMY_927,"// Dummy code snippet 927
void dummy_function_927() { /* This is a placeholder. */ }",Unknown,This is a synthetic comment for dummy function 927.,es,Este es un comentario sintético para la función ficticia 927.,Synthetic,Generated_Data,this is a synthetic comment for dummy function 927,este es un comentario sintético para la función ficticia 927,"// Dummy code snippet <NUM>
void dummy_function_927() { /* This is a placeholder. */ }"
DUMMY_928,"// Dummy code snippet 928
void dummy_function_928() { /* This is a placeholder. */ }",Unknown,This is a synthetic comment for dummy function 928.,it,Questo è un commento sintetico per la funzione fittizia 928.,Synthetic,Generated_Data,this is a synthetic comment for dummy function 928,questo è un commento sintetico per la funzione fittizia 928,"// Dummy code snippet <NUM>
void dummy_function_928() { /* This is a placeholder. */ }"
DUMMY_929,"// Dummy code snippet 929
void dummy_function_929() { /* This is a placeholder. */ }",Unknown,This is a synthetic comment for dummy function 929.,de,Dies ist ein synthetischer Kommentar für die Dummy -Funktion 929.,Synthetic,Generated_Data,this is a synthetic comment for dummy function 929,dies ist ein synthetischer kommentar für die dummy funktion 929,"// Dummy code snippet <NUM>
void dummy_function_929() { /* This is a placeholder. */ }"
DUMMY_930,"// Dummy code snippet 930
void dummy_function_930() { /* This is a placeholder. */ }",Unknown,This is a synthetic comment for dummy function 930.,hi,यह डमी फ़ंक्शन 930 के लिए एक सिंथेटिक टिप्पणी है।,Synthetic,Generated_Data,this is a synthetic comment for dummy function 930,यह डम फकशन 930 क लए एक सथटक टपपण ह,"// Dummy code snippet <NUM>
void dummy_function_930() { /* This is a placeholder. */ }"
DUMMY_931,"// Dummy code snippet 931
void dummy_function_931() { /* This is a placeholder. */ }",Unknown,This is a synthetic comment for dummy function 931.,te,డమ్మీ ఫంక్షన్ 931 కోసం ఇది సింథటిక్ వ్యాఖ్య.,Synthetic,Generated_Data,this is a synthetic comment for dummy function 931,డమమ ఫకషన 931 కస ఇద సథటక వయఖయ,"// Dummy code snippet <NUM>
void dummy_function_931() { /* This is a placeholder. */ }"
DUMMY_932,"// Dummy code snippet 932
void dummy_function_932() { /* This is a placeholder. */ }",Unknown,This is a synthetic comment for dummy function 932.,it,Questo è un commento sintetico per la funzione fittizia 932.,Synthetic,Generated_Data,this is a synthetic comment for dummy function 932,questo è un commento sintetico per la funzione fittizia 932,"// Dummy code snippet <NUM>
void dummy_function_932() { /* This is a placeholder. */ }"
DUMMY_933,"// Dummy code snippet 933
void dummy_function_933() { /* This is a placeholder. */ }",Unknown,This is a synthetic comment for dummy function 933.,te,ఇది డమ్మీ ఫంక్షన్ 933 కోసం సింథటిక్ వ్యాఖ్య.,Synthetic,Generated_Data,this is a synthetic comment for dummy function 933,ఇద డమమ ఫకషన 933 కస సథటక వయఖయ,"// Dummy code snippet <NUM>
void dummy_function_933() { /* This is a placeholder. */ }"
DUMMY_934,"// Dummy code snippet 934
void dummy_function_934() { /* This is a placeholder. */ }",Unknown,This is a synthetic comment for dummy function 934.,hi,यह डमी फ़ंक्शन 934 के लिए एक सिंथेटिक टिप्पणी है।,Synthetic,Generated_Data,this is a synthetic comment for dummy function 934,यह डम फकशन 934 क लए एक सथटक टपपण ह,"// Dummy code snippet <NUM>
void dummy_function_934() { /* This is a placeholder. */ }"
DUMMY_935,"// Dummy code snippet 935
void dummy_function_935() { /* This is a placeholder. */ }",Unknown,This is a synthetic comment for dummy function 935.,kn,ಡಮ್ಮಿ ಫಂಕ್ಷನ್ 935 ಗಾಗಿ ಇದು ಸಂಶ್ಲೇಷಿತ ಕಾಮೆಂಟ್ ಆಗಿದೆ.,Synthetic,Generated_Data,this is a synthetic comment for dummy function 935,ಡಮಮ ಫಕಷನ 935 ಗಗ ಇದ ಸಶಲಷತ ಕಮಟ ಆಗದ,"// Dummy code snippet <NUM>
void dummy_function_935() { /* This is a placeholder. */ }"
DUMMY_936,"// Dummy code snippet 936
void dummy_function_936() { /* This is a placeholder. */ }",Unknown,This is a synthetic comment for dummy function 936.,it,Questo è un commento sintetico per la funzione fittizia 936.,Synthetic,Generated_Data,this is a synthetic comment for dummy function 936,questo è un commento sintetico per la funzione fittizia 936,"// Dummy code snippet <NUM>
void dummy_function_936() { /* This is a placeholder. */ }"
DUMMY_937,"// Dummy code snippet 937
void dummy_function_937() { /* This is a placeholder. */ }",Unknown,This is a synthetic comment for dummy function 937.,kn,ಡಮ್ಮಿ ಫಂಕ್ಷನ್ 937 ಗಾಗಿ ಇದು ಸಂಶ್ಲೇಷಿತ ಕಾಮೆಂಟ್ ಆಗಿದೆ.,Synthetic,Generated_Data,this is a synthetic comment for dummy function 937,ಡಮಮ ಫಕಷನ 937 ಗಗ ಇದ ಸಶಲಷತ ಕಮಟ ಆಗದ,"// Dummy code snippet <NUM>
void dummy_function_937() { /* This is a placeholder. */ }"
DUMMY_938,"// Dummy code snippet 938
void dummy_function_938() { /* This is a placeholder. */ }",Unknown,This is a synthetic comment for dummy function 938.,hi,यह डमी फ़ंक्शन 938 के लिए एक सिंथेटिक टिप्पणी है।,Synthetic,Generated_Data,this is a synthetic comment for dummy function 938,यह डम फकशन 938 क लए एक सथटक टपपण ह,"// Dummy code snippet <NUM>
void dummy_function_938() { /* This is a placeholder. */ }"
DUMMY_939,"// Dummy code snippet 939
void dummy_function_939() { /* This is a placeholder. */ }",Unknown,This is a synthetic comment for dummy function 939.,ml,939 ഡമ്മി ഫംഗ്ഷനായുള്ള സിന്തറ്റിക് അഭിപ്രായമാണിത്.,Synthetic,Generated_Data,this is a synthetic comment for dummy function 939,939 ഡമമ ഫഗഷനയളള സനതററക അഭപരയമണത,"// Dummy code snippet <NUM>
void dummy_function_939() { /* This is a placeholder. */ }"
DUMMY_940,"// Dummy code snippet 940
void dummy_function_940() { /* This is a placeholder. */ }",Unknown,This is a synthetic comment for dummy function 940.,kn,ಡಮ್ಮಿ ಫಂಕ್ಷನ್ 940 ಗಾಗಿ ಇದು ಸಂಶ್ಲೇಷಿತ ಕಾಮೆಂಟ್ ಆಗಿದೆ.,Synthetic,Generated_Data,this is a synthetic comment for dummy function 940,ಡಮಮ ಫಕಷನ 940 ಗಗ ಇದ ಸಶಲಷತ ಕಮಟ ಆಗದ,"// Dummy code snippet <NUM>
void dummy_function_940() { /* This is a placeholder. */ }"
DUMMY_941,"// Dummy code snippet 941
void dummy_function_941() { /* This is a placeholder. */ }",Unknown,This is a synthetic comment for dummy function 941.,kn,ಡಮ್ಮಿ ಫಂಕ್ಷನ್ 941 ಗಾಗಿ ಇದು ಸಂಶ್ಲೇಷಿತ ಕಾಮೆಂಟ್ ಆಗಿದೆ.,Synthetic,Generated_Data,this is a synthetic comment for dummy function 941,ಡಮಮ ಫಕಷನ 941 ಗಗ ಇದ ಸಶಲಷತ ಕಮಟ ಆಗದ,"// Dummy code snippet <NUM>
void dummy_function_941() { /* This is a placeholder. */ }"
DUMMY_942,"// Dummy code snippet 942
void dummy_function_942() { /* This is a placeholder. */ }",Unknown,This is a synthetic comment for dummy function 942.,es,Este es un comentario sintético para la función ficticia 942.,Synthetic,Generated_Data,this is a synthetic comment for dummy function 942,este es un comentario sintético para la función ficticia 942,"// Dummy code snippet <NUM>
void dummy_function_942() { /* This is a placeholder. */ }"
DUMMY_943,"// Dummy code snippet 943
void dummy_function_943() { /* This is a placeholder. */ }",Unknown,This is a synthetic comment for dummy function 943.,fr,Ceci est un commentaire synthétique pour la fonction factice 943.,Synthetic,Generated_Data,this is a synthetic comment for dummy function 943,ceci est un commentaire synthétique pour la fonction factice 943,"// Dummy code snippet <NUM>
void dummy_function_943() { /* This is a placeholder. */ }"
DUMMY_944,"// Dummy code snippet 944
void dummy_function_944() { /* This is a placeholder. */ }",Unknown,This is a synthetic comment for dummy function 944.,te,డమ్మీ ఫంక్షన్ 944 కోసం ఇది సింథటిక్ వ్యాఖ్య.,Synthetic,Generated_Data,this is a synthetic comment for dummy function 944,డమమ ఫకషన 944 కస ఇద సథటక వయఖయ,"// Dummy code snippet <NUM>
void dummy_function_944() { /* This is a placeholder. */ }"
DUMMY_945,"// Dummy code snippet 945
void dummy_function_945() { /* This is a placeholder. */ }",Unknown,This is a synthetic comment for dummy function 945.,ml,945 ഡമ്മി ഫംഗ്ഷനുള്ള ഒരു സിന്തറ്റിക് അഭിപ്രായമാണിത്.,Synthetic,Generated_Data,this is a synthetic comment for dummy function 945,945 ഡമമ ഫഗഷനളള ഒര സനതററക അഭപരയമണത,"// Dummy code snippet <NUM>
void dummy_function_945() { /* This is a placeholder. */ }"
DUMMY_946,"// Dummy code snippet 946
void dummy_function_946() { /* This is a placeholder. */ }",Unknown,This is a synthetic comment for dummy function 946.,de,Dies ist ein synthetischer Kommentar für die Dummy -Funktion 946.,Synthetic,Generated_Data,this is a synthetic comment for dummy function 946,dies ist ein synthetischer kommentar für die dummy funktion 946,"// Dummy code snippet <NUM>
void dummy_function_946() { /* This is a placeholder. */ }"
DUMMY_947,"// Dummy code snippet 947
void dummy_function_947() { /* This is a placeholder. */ }",Unknown,This is a synthetic comment for dummy function 947.,en,This is a synthetic comment for dummy function 947.,Synthetic,Generated_Data,this is a synthetic comment for dummy function 947,this is a synthetic comment for dummy function 947,"// Dummy code snippet <NUM>
void dummy_function_947() { /* This is a placeholder. */ }"
DUMMY_948,"// Dummy code snippet 948
void dummy_function_948() { /* This is a placeholder. */ }",Unknown,This is a synthetic comment for dummy function 948.,ml,948 ഡമ്മി ഫംഗ്ഷനുള്ള ഒരു സിന്തറ്റിക് അഭിപ്രായമാണിത്.,Synthetic,Generated_Data,this is a synthetic comment for dummy function 948,948 ഡമമ ഫഗഷനളള ഒര സനതററക അഭപരയമണത,"// Dummy code snippet <NUM>
void dummy_function_948() { /* This is a placeholder. */ }"
DUMMY_949,"// Dummy code snippet 949
void dummy_function_949() { /* This is a placeholder. */ }",Unknown,This is a synthetic comment for dummy function 949.,fr,Ceci est un commentaire synthétique pour la fonction factice 949.,Synthetic,Generated_Data,this is a synthetic comment for dummy function 949,ceci est un commentaire synthétique pour la fonction factice 949,"// Dummy code snippet <NUM>
void dummy_function_949() { /* This is a placeholder. */ }"
DUMMY_950,"// Dummy code snippet 950
void dummy_function_950() { /* This is a placeholder. */ }",Unknown,This is a synthetic comment for dummy function 950.,de,Dies ist ein synthetischer Kommentar für die Dummy -Funktion 950.,Synthetic,Generated_Data,this is a synthetic comment for dummy function 950,dies ist ein synthetischer kommentar für die dummy funktion 950,"// Dummy code snippet <NUM>
void dummy_function_950() { /* This is a placeholder. */ }"
DUMMY_951,"// Dummy code snippet 951
void dummy_function_951() { /* This is a placeholder. */ }",Unknown,This is a synthetic comment for dummy function 951.,de,Dies ist ein synthetischer Kommentar für die Dummy -Funktion 951.,Synthetic,Generated_Data,this is a synthetic comment for dummy function 951,dies ist ein synthetischer kommentar für die dummy funktion 951,"// Dummy code snippet <NUM>
void dummy_function_951() { /* This is a placeholder. */ }"
DUMMY_952,"// Dummy code snippet 952
void dummy_function_952() { /* This is a placeholder. */ }",Unknown,This is a synthetic comment for dummy function 952.,kn,ಇದು ಡಮ್ಮಿ ಫಂಕ್ಷನ್ 952 ಗಾಗಿ ಸಂಶ್ಲೇಷಿತ ಕಾಮೆಂಟ್ ಆಗಿದೆ.,Synthetic,Generated_Data,this is a synthetic comment for dummy function 952,ಇದ ಡಮಮ ಫಕಷನ 952 ಗಗ ಸಶಲಷತ ಕಮಟ ಆಗದ,"// Dummy code snippet <NUM>
void dummy_function_952() { /* This is a placeholder. */ }"
DUMMY_953,"// Dummy code snippet 953
void dummy_function_953() { /* This is a placeholder. */ }",Unknown,This is a synthetic comment for dummy function 953.,kn,ಡಮ್ಮಿ ಫಂಕ್ಷನ್ 953 ಗಾಗಿ ಇದು ಸಂಶ್ಲೇಷಿತ ಕಾಮೆಂಟ್ ಆಗಿದೆ.,Synthetic,Generated_Data,this is a synthetic comment for dummy function 953,ಡಮಮ ಫಕಷನ 953 ಗಗ ಇದ ಸಶಲಷತ ಕಮಟ ಆಗದ,"// Dummy code snippet <NUM>
void dummy_function_953() { /* This is a placeholder. */ }"
DUMMY_954,"// Dummy code snippet 954
void dummy_function_954() { /* This is a placeholder. */ }",Unknown,This is a synthetic comment for dummy function 954.,en,This is a synthetic comment for dummy function 954.,Synthetic,Generated_Data,this is a synthetic comment for dummy function 954,this is a synthetic comment for dummy function 954,"// Dummy code snippet <NUM>
void dummy_function_954() { /* This is a placeholder. */ }"
DUMMY_955,"// Dummy code snippet 955
void dummy_function_955() { /* This is a placeholder. */ }",Unknown,This is a synthetic comment for dummy function 955.,de,Dies ist ein synthetischer Kommentar für die Dummy -Funktion 955.,Synthetic,Generated_Data,this is a synthetic comment for dummy function 955,dies ist ein synthetischer kommentar für die dummy funktion 955,"// Dummy code snippet <NUM>
void dummy_function_955() { /* This is a placeholder. */ }"
DUMMY_956,"// Dummy code snippet 956
void dummy_function_956() { /* This is a placeholder. */ }",Unknown,This is a synthetic comment for dummy function 956.,fr,Ceci est un commentaire synthétique pour la fonction factice 956.,Synthetic,Generated_Data,this is a synthetic comment for dummy function 956,ceci est un commentaire synthétique pour la fonction factice 956,"// Dummy code snippet <NUM>
void dummy_function_956() { /* This is a placeholder. */ }"
DUMMY_957,"// Dummy code snippet 957
void dummy_function_957() { /* This is a placeholder. */ }",Unknown,This is a synthetic comment for dummy function 957.,te,ఇది డమ్మీ ఫంక్షన్ 957 కోసం సింథటిక్ వ్యాఖ్య.,Synthetic,Generated_Data,this is a synthetic comment for dummy function 957,ఇద డమమ ఫకషన 957 కస సథటక వయఖయ,"// Dummy code snippet <NUM>
void dummy_function_957() { /* This is a placeholder. */ }"
DUMMY_958,"// Dummy code snippet 958
void dummy_function_958() { /* This is a placeholder. */ }",Unknown,This is a synthetic comment for dummy function 958.,it,Questo è un commento sintetico per la funzione fittizia 958.,Synthetic,Generated_Data,this is a synthetic comment for dummy function 958,questo è un commento sintetico per la funzione fittizia 958,"// Dummy code snippet <NUM>
void dummy_function_958() { /* This is a placeholder. */ }"
DUMMY_959,"// Dummy code snippet 959
void dummy_function_959() { /* This is a placeholder. */ }",Unknown,This is a synthetic comment for dummy function 959.,ml,959 ഡമ്മി ഫംഗ്ഷനുള്ള സിന്തറ്റിക് അഭിപ്രായമാണിത്.,Synthetic,Generated_Data,this is a synthetic comment for dummy function 959,959 ഡമമ ഫഗഷനളള സനതററക അഭപരയമണത,"// Dummy code snippet <NUM>
void dummy_function_959() { /* This is a placeholder. */ }"
DUMMY_960,"// Dummy code snippet 960
void dummy_function_960() { /* This is a placeholder. */ }",Unknown,This is a synthetic comment for dummy function 960.,de,Dies ist ein synthetischer Kommentar für die Dummy -Funktion 960.,Synthetic,Generated_Data,this is a synthetic comment for dummy function 960,dies ist ein synthetischer kommentar für die dummy funktion 960,"// Dummy code snippet <NUM>
void dummy_function_960() { /* This is a placeholder. */ }"
DUMMY_961,"// Dummy code snippet 961
void dummy_function_961() { /* This is a placeholder. */ }",Unknown,This is a synthetic comment for dummy function 961.,ta,போலி செயல்பாடு 961 க்கான செயற்கை கருத்து இது.,Synthetic,Generated_Data,this is a synthetic comment for dummy function 961,பல சயலபட 961 ககன சயறக கரதத இத,"// Dummy code snippet <NUM>
void dummy_function_961() { /* This is a placeholder. */ }"
DUMMY_962,"// Dummy code snippet 962
void dummy_function_962() { /* This is a placeholder. */ }",Unknown,This is a synthetic comment for dummy function 962.,ml,962 ഡമ്മി ഫംഗ്ഷനുള്ള ഒരു സിന്തറ്റിക് അഭിപ്രായമാണിത്.,Synthetic,Generated_Data,this is a synthetic comment for dummy function 962,962 ഡമമ ഫഗഷനളള ഒര സനതററക അഭപരയമണത,"// Dummy code snippet <NUM>
void dummy_function_962() { /* This is a placeholder. */ }"
DUMMY_963,"// Dummy code snippet 963
void dummy_function_963() { /* This is a placeholder. */ }",Unknown,This is a synthetic comment for dummy function 963.,en,This is a synthetic comment for dummy function 963.,Synthetic,Generated_Data,this is a synthetic comment for dummy function 963,this is a synthetic comment for dummy function 963,"// Dummy code snippet <NUM>
void dummy_function_963() { /* This is a placeholder. */ }"
DUMMY_964,"// Dummy code snippet 964
void dummy_function_964() { /* This is a placeholder. */ }",Unknown,This is a synthetic comment for dummy function 964.,it,Questo è un commento sintetico per la funzione fittizia 964.,Synthetic,Generated_Data,this is a synthetic comment for dummy function 964,questo è un commento sintetico per la funzione fittizia 964,"// Dummy code snippet <NUM>
void dummy_function_964() { /* This is a placeholder. */ }"
DUMMY_965,"// Dummy code snippet 965
void dummy_function_965() { /* This is a placeholder. */ }",Unknown,This is a synthetic comment for dummy function 965.,fr,Ceci est un commentaire synthétique pour la fonction factice 965.,Synthetic,Generated_Data,this is a synthetic comment for dummy function 965,ceci est un commentaire synthétique pour la fonction factice 965,"// Dummy code snippet <NUM>
void dummy_function_965() { /* This is a placeholder. */ }"
DUMMY_966,"// Dummy code snippet 966
void dummy_function_966() { /* This is a placeholder. */ }",Unknown,This is a synthetic comment for dummy function 966.,en,This is a synthetic comment for dummy function 966.,Synthetic,Generated_Data,this is a synthetic comment for dummy function 966,this is a synthetic comment for dummy function 966,"// Dummy code snippet <NUM>
void dummy_function_966() { /* This is a placeholder. */ }"
DUMMY_967,"// Dummy code snippet 967
void dummy_function_967() { /* This is a placeholder. */ }",Unknown,This is a synthetic comment for dummy function 967.,ta,போலி செயல்பாடு 967 க்கான செயற்கை கருத்து இது.,Synthetic,Generated_Data,this is a synthetic comment for dummy function 967,பல சயலபட 967 ககன சயறக கரதத இத,"// Dummy code snippet <NUM>
void dummy_function_967() { /* This is a placeholder. */ }"
DUMMY_968,"// Dummy code snippet 968
void dummy_function_968() { /* This is a placeholder. */ }",Unknown,This is a synthetic comment for dummy function 968.,de,Dies ist ein synthetischer Kommentar für die Dummy -Funktion 968.,Synthetic,Generated_Data,this is a synthetic comment for dummy function 968,dies ist ein synthetischer kommentar für die dummy funktion 968,"// Dummy code snippet <NUM>
void dummy_function_968() { /* This is a placeholder. */ }"
DUMMY_969,"// Dummy code snippet 969
void dummy_function_969() { /* This is a placeholder. */ }",Unknown,This is a synthetic comment for dummy function 969.,ml,969 ഡമ്മി ഫംഗ്ഷനായുള്ള സിന്തറ്റിക് അഭിപ്രായമാണിത്.,Synthetic,Generated_Data,this is a synthetic comment for dummy function 969,969 ഡമമ ഫഗഷനയളള സനതററക അഭപരയമണത,"// Dummy code snippet <NUM>
void dummy_function_969() { /* This is a placeholder. */ }"
DUMMY_970,"// Dummy code snippet 970
void dummy_function_970() { /* This is a placeholder. */ }",Unknown,This is a synthetic comment for dummy function 970.,te,డమ్మీ ఫంక్షన్ 970 కోసం ఇది సింథటిక్ వ్యాఖ్య.,Synthetic,Generated_Data,this is a synthetic comment for dummy function 970,డమమ ఫకషన 970 కస ఇద సథటక వయఖయ,"// Dummy code snippet <NUM>
void dummy_function_970() { /* This is a placeholder. */ }"
DUMMY_971,"// Dummy code snippet 971
void dummy_function_971() { /* This is a placeholder. */ }",Unknown,This is a synthetic comment for dummy function 971.,es,Este es un comentario sintético para la función ficticia 971.,Synthetic,Generated_Data,this is a synthetic comment for dummy function 971,este es un comentario sintético para la función ficticia 971,"// Dummy code snippet <NUM>
void dummy_function_971() { /* This is a placeholder. */ }"
DUMMY_972,"// Dummy code snippet 972
void dummy_function_972() { /* This is a placeholder. */ }",Unknown,This is a synthetic comment for dummy function 972.,ta,போலி செயல்பாடு 972 க்கான செயற்கை கருத்து இது.,Synthetic,Generated_Data,this is a synthetic comment for dummy function 972,பல சயலபட 972 ககன சயறக கரதத இத,"// Dummy code snippet <NUM>
void dummy_function_972() { /* This is a placeholder. */ }"
DUMMY_973,"// Dummy code snippet 973
void dummy_function_973() { /* This is a placeholder. */ }",Unknown,This is a synthetic comment for dummy function 973.,te,డమ్మీ ఫంక్షన్ 973 కోసం ఇది సింథటిక్ వ్యాఖ్య.,Synthetic,Generated_Data,this is a synthetic comment for dummy function 973,డమమ ఫకషన 973 కస ఇద సథటక వయఖయ,"// Dummy code snippet <NUM>
void dummy_function_973() { /* This is a placeholder. */ }"
DUMMY_974,"// Dummy code snippet 974
void dummy_function_974() { /* This is a placeholder. */ }",Unknown,This is a synthetic comment for dummy function 974.,fr,Ceci est un commentaire synthétique pour la fonction factice 974.,Synthetic,Generated_Data,this is a synthetic comment for dummy function 974,ceci est un commentaire synthétique pour la fonction factice 974,"// Dummy code snippet <NUM>
void dummy_function_974() { /* This is a placeholder. */ }"
DUMMY_975,"// Dummy code snippet 975
void dummy_function_975() { /* This is a placeholder. */ }",Unknown,This is a synthetic comment for dummy function 975.,te,డమ్మీ ఫంక్షన్ 975 కోసం ఇది సింథటిక్ వ్యాఖ్య.,Synthetic,Generated_Data,this is a synthetic comment for dummy function 975,డమమ ఫకషన 975 కస ఇద సథటక వయఖయ,"// Dummy code snippet <NUM>
void dummy_function_975() { /* This is a placeholder. */ }"
DUMMY_976,"// Dummy code snippet 976
void dummy_function_976() { /* This is a placeholder. */ }",Unknown,This is a synthetic comment for dummy function 976.,es,Este es un comentario sintético para la función ficticia 976.,Synthetic,Generated_Data,this is a synthetic comment for dummy function 976,este es un comentario sintético para la función ficticia 976,"// Dummy code snippet <NUM>
void dummy_function_976() { /* This is a placeholder. */ }"
DUMMY_977,"// Dummy code snippet 977
void dummy_function_977() { /* This is a placeholder. */ }",Unknown,This is a synthetic comment for dummy function 977.,hi,यह डमी फ़ंक्शन 977 के लिए एक सिंथेटिक टिप्पणी है।,Synthetic,Generated_Data,this is a synthetic comment for dummy function 977,यह डम फकशन 977 क लए एक सथटक टपपण ह,"// Dummy code snippet <NUM>
void dummy_function_977() { /* This is a placeholder. */ }"
DUMMY_978,"// Dummy code snippet 978
void dummy_function_978() { /* This is a placeholder. */ }",Unknown,This is a synthetic comment for dummy function 978.,es,Este es un comentario sintético para la función ficticia 978.,Synthetic,Generated_Data,this is a synthetic comment for dummy function 978,este es un comentario sintético para la función ficticia 978,"// Dummy code snippet <NUM>
void dummy_function_978() { /* This is a placeholder. */ }"
DUMMY_979,"// Dummy code snippet 979
void dummy_function_979() { /* This is a placeholder. */ }",Unknown,This is a synthetic comment for dummy function 979.,es,Este es un comentario sintético para la función ficticia 979.,Synthetic,Generated_Data,this is a synthetic comment for dummy function 979,este es un comentario sintético para la función ficticia 979,"// Dummy code snippet <NUM>
void dummy_function_979() { /* This is a placeholder. */ }"
DUMMY_980,"// Dummy code snippet 980
void dummy_function_980() { /* This is a placeholder. */ }",Unknown,This is a synthetic comment for dummy function 980.,te,డమ్మీ ఫంక్షన్ 980 కోసం ఇది సింథటిక్ వ్యాఖ్య.,Synthetic,Generated_Data,this is a synthetic comment for dummy function 980,డమమ ఫకషన 980 కస ఇద సథటక వయఖయ,"// Dummy code snippet <NUM>
void dummy_function_980() { /* This is a placeholder. */ }"
DUMMY_981,"// Dummy code snippet 981
void dummy_function_981() { /* This is a placeholder. */ }",Unknown,This is a synthetic comment for dummy function 981.,ta,போலி செயல்பாடு 981 க்கான செயற்கை கருத்து இது.,Synthetic,Generated_Data,this is a synthetic comment for dummy function 981,பல சயலபட 981 ககன சயறக கரதத இத,"// Dummy code snippet <NUM>
void dummy_function_981() { /* This is a placeholder. */ }"
DUMMY_982,"// Dummy code snippet 982
void dummy_function_982() { /* This is a placeholder. */ }",Unknown,This is a synthetic comment for dummy function 982.,kn,ಡಮ್ಮಿ ಫಂಕ್ಷನ್ 982 ಗಾಗಿ ಇದು ಸಂಶ್ಲೇಷಿತ ಕಾಮೆಂಟ್ ಆಗಿದೆ.,Synthetic,Generated_Data,this is a synthetic comment for dummy function 982,ಡಮಮ ಫಕಷನ 982 ಗಗ ಇದ ಸಶಲಷತ ಕಮಟ ಆಗದ,"// Dummy code snippet <NUM>
void dummy_function_982() { /* This is a placeholder. */ }"
DUMMY_983,"// Dummy code snippet 983
void dummy_function_983() { /* This is a placeholder. */ }",Unknown,This is a synthetic comment for dummy function 983.,ml,983 ഡമ്മി ഫംഗ്ഷനുള്ള ഒരു സിന്തറ്റിക് അഭിപ്രായമാണിത്.,Synthetic,Generated_Data,this is a synthetic comment for dummy function 983,983 ഡമമ ഫഗഷനളള ഒര സനതററക അഭപരയമണത,"// Dummy code snippet <NUM>
void dummy_function_983() { /* This is a placeholder. */ }"
DUMMY_984,"// Dummy code snippet 984
void dummy_function_984() { /* This is a placeholder. */ }",Unknown,This is a synthetic comment for dummy function 984.,te,ఇది డమ్మీ ఫంక్షన్ 984 కోసం సింథటిక్ వ్యాఖ్య.,Synthetic,Generated_Data,this is a synthetic comment for dummy function 984,ఇద డమమ ఫకషన 984 కస సథటక వయఖయ,"// Dummy code snippet <NUM>
void dummy_function_984() { /* This is a placeholder. */ }"
DUMMY_985,"// Dummy code snippet 985
void dummy_function_985() { /* This is a placeholder. */ }",Unknown,This is a synthetic comment for dummy function 985.,es,Este es un comentario sintético para la función ficticia 985.,Synthetic,Generated_Data,this is a synthetic comment for dummy function 985,este es un comentario sintético para la función ficticia 985,"// Dummy code snippet <NUM>
void dummy_function_985() { /* This is a placeholder. */ }"
DUMMY_986,"// Dummy code snippet 986
void dummy_function_986() { /* This is a placeholder. */ }",Unknown,This is a synthetic comment for dummy function 986.,it,Questo è un commento sintetico per la funzione fittizia 986.,Synthetic,Generated_Data,this is a synthetic comment for dummy function 986,questo è un commento sintetico per la funzione fittizia 986,"// Dummy code snippet <NUM>
void dummy_function_986() { /* This is a placeholder. */ }"
DUMMY_987,"// Dummy code snippet 987
void dummy_function_987() { /* This is a placeholder. */ }",Unknown,This is a synthetic comment for dummy function 987.,en,This is a synthetic comment for dummy function 987.,Synthetic,Generated_Data,this is a synthetic comment for dummy function 987,this is a synthetic comment for dummy function 987,"// Dummy code snippet <NUM>
void dummy_function_987() { /* This is a placeholder. */ }"
DUMMY_988,"// Dummy code snippet 988
void dummy_function_988() { /* This is a placeholder. */ }",Unknown,This is a synthetic comment for dummy function 988.,hi,यह डमी फ़ंक्शन 988 के लिए एक सिंथेटिक टिप्पणी है।,Synthetic,Generated_Data,this is a synthetic comment for dummy function 988,यह डम फकशन 988 क लए एक सथटक टपपण ह,"// Dummy code snippet <NUM>
void dummy_function_988() { /* This is a placeholder. */ }"
DUMMY_989,"// Dummy code snippet 989
void dummy_function_989() { /* This is a placeholder. */ }",Unknown,This is a synthetic comment for dummy function 989.,en,This is a synthetic comment for dummy function 989.,Synthetic,Generated_Data,this is a synthetic comment for dummy function 989,this is a synthetic comment for dummy function 989,"// Dummy code snippet <NUM>
void dummy_function_989() { /* This is a placeholder. */ }"
DUMMY_990,"// Dummy code snippet 990
void dummy_function_990() { /* This is a placeholder. */ }",Unknown,This is a synthetic comment for dummy function 990.,es,Este es un comentario sintético para la función ficticia 990.,Synthetic,Generated_Data,this is a synthetic comment for dummy function 990,este es un comentario sintético para la función ficticia 990,"// Dummy code snippet <NUM>
void dummy_function_990() { /* This is a placeholder. */ }"
DUMMY_991,"// Dummy code snippet 991
void dummy_function_991() { /* This is a placeholder. */ }",Unknown,This is a synthetic comment for dummy function 991.,de,Dies ist ein synthetischer Kommentar für die Dummy -Funktion 991.,Synthetic,Generated_Data,this is a synthetic comment for dummy function 991,dies ist ein synthetischer kommentar für die dummy funktion 991,"// Dummy code snippet <NUM>
void dummy_function_991() { /* This is a placeholder. */ }"
DUMMY_992,"// Dummy code snippet 992
void dummy_function_992() { /* This is a placeholder. */ }",Unknown,This is a synthetic comment for dummy function 992.,en,This is a synthetic comment for dummy function 992.,Synthetic,Generated_Data,this is a synthetic comment for dummy function 992,this is a synthetic comment for dummy function 992,"// Dummy code snippet <NUM>
void dummy_function_992() { /* This is a placeholder. */ }"
DUMMY_993,"// Dummy code snippet 993
void dummy_function_993() { /* This is a placeholder. */ }",Unknown,This is a synthetic comment for dummy function 993.,fr,Ceci est un commentaire synthétique pour la fonction factice 993.,Synthetic,Generated_Data,this is a synthetic comment for dummy function 993,ceci est un commentaire synthétique pour la fonction factice 993,"// Dummy code snippet <NUM>
void dummy_function_993() { /* This is a placeholder. */ }"
DUMMY_994,"// Dummy code snippet 994
void dummy_function_994() { /* This is a placeholder. */ }",Unknown,This is a synthetic comment for dummy function 994.,es,Este es un comentario sintético para la función ficticia 994.,Synthetic,Generated_Data,this is a synthetic comment for dummy function 994,este es un comentario sintético para la función ficticia 994,"// Dummy code snippet <NUM>
void dummy_function_994() { /* This is a placeholder. */ }"
DUMMY_995,"// Dummy code snippet 995
void dummy_function_995() { /* This is a placeholder. */ }",Unknown,This is a synthetic comment for dummy function 995.,ml,995 ഡമ്മി ഫംഗ്ഷനുള്ള ഒരു സിന്തറ്റിക് അഭിപ്രായമാണിത്.,Synthetic,Generated_Data,this is a synthetic comment for dummy function 995,995 ഡമമ ഫഗഷനളള ഒര സനതററക അഭപരയമണത,"// Dummy code snippet <NUM>
void dummy_function_995() { /* This is a placeholder. */ }"
DUMMY_996,"// Dummy code snippet 996
void dummy_function_996() { /* This is a placeholder. */ }",Unknown,This is a synthetic comment for dummy function 996.,ta,போலி செயல்பாடு 996 க்கான செயற்கை கருத்து இது.,Synthetic,Generated_Data,this is a synthetic comment for dummy function 996,பல சயலபட 996 ககன சயறக கரதத இத,"// Dummy code snippet <NUM>
void dummy_function_996() { /* This is a placeholder. */ }"
DUMMY_997,"// Dummy code snippet 997
void dummy_function_997() { /* This is a placeholder. */ }",Unknown,This is a synthetic comment for dummy function 997.,es,Este es un comentario sintético para la función ficticia 997.,Synthetic,Generated_Data,this is a synthetic comment for dummy function 997,este es un comentario sintético para la función ficticia 997,"// Dummy code snippet <NUM>
void dummy_function_997() { /* This is a placeholder. */ }"
DUMMY_998,"// Dummy code snippet 998
void dummy_function_998() { /* This is a placeholder. */ }",Unknown,This is a synthetic comment for dummy function 998.,es,Este es un comentario sintético para la función ficticia 998.,Synthetic,Generated_Data,this is a synthetic comment for dummy function 998,este es un comentario sintético para la función ficticia 998,"// Dummy code snippet <NUM>
void dummy_function_998() { /* This is a placeholder. */ }"
DUMMY_999,"// Dummy code snippet 999
void dummy_function_999() { /* This is a placeholder. */ }",Unknown,This is a synthetic comment for dummy function 999.,es,Este es un comentario sintético para la función ficticia 999.,Synthetic,Generated_Data,this is a synthetic comment for dummy function 999,este es un comentario sintético para la función ficticia 999,"// Dummy code snippet <NUM>
void dummy_function_999() { /* This is a placeholder. */ }"
DUMMY_1000,"// Dummy code snippet 1000
void dummy_function_1000() { /* This is a placeholder. */ }",Unknown,This is a synthetic comment for dummy function 1000.,hi,यह डमी फ़ंक्शन 1000 के लिए एक सिंथेटिक टिप्पणी है।,Synthetic,Generated_Data,this is a synthetic comment for dummy function 1000,यह डम फकशन 1000 क लए एक सथटक टपपण ह,"// Dummy code snippet <NUM>
void dummy_function_1000() { /* This is a placeholder. */ }"
DUMMY_1001,"// Dummy code snippet 1001
void dummy_function_1001() { /* This is a placeholder. */ }",Unknown,This is a synthetic comment for dummy function 1001.,ml,ഇത് 1001 ഡമ്മി ഫംഗ്ഷനുള്ള ഒരു സിന്തറ്റിക് അഭിപ്രായമാണ്.,Synthetic,Generated_Data,this is a synthetic comment for dummy function 1001,ഇത 1001 ഡമമ ഫഗഷനളള ഒര സനതററക അഭപരയമണ,"// Dummy code snippet <NUM>
void dummy_function_1001() { /* This is a placeholder. */ }"
DUMMY_1002,"// Dummy code snippet 1002
void dummy_function_1002() { /* This is a placeholder. */ }",Unknown,This is a synthetic comment for dummy function 1002.,fr,Ceci est un commentaire synthétique pour la fonction factice 1002.,Synthetic,Generated_Data,this is a synthetic comment for dummy function 1002,ceci est un commentaire synthétique pour la fonction factice 1002,"// Dummy code snippet <NUM>
void dummy_function_1002() { /* This is a placeholder. */ }"
DUMMY_1003,"// Dummy code snippet 1003
void dummy_function_1003() { /* This is a placeholder. */ }",Unknown,This is a synthetic comment for dummy function 1003.,kn,ಡಮ್ಮಿ ಫಂಕ್ಷನ್ 1003 ಗಾಗಿ ಇದು ಸಂಶ್ಲೇಷಿತ ಕಾಮೆಂಟ್ ಆಗಿದೆ.,Synthetic,Generated_Data,this is a synthetic comment for dummy function 1003,ಡಮಮ ಫಕಷನ 1003 ಗಗ ಇದ ಸಶಲಷತ ಕಮಟ ಆಗದ,"// Dummy code snippet <NUM>
void dummy_function_1003() { /* This is a placeholder. */ }"
DUMMY_1004,"// Dummy code snippet 1004
void dummy_function_1004() { /* This is a placeholder. */ }",Unknown,This is a synthetic comment for dummy function 1004.,en,This is a synthetic comment for dummy function 1004.,Synthetic,Generated_Data,this is a synthetic comment for dummy function 1004,this is a synthetic comment for dummy function 1004,"// Dummy code snippet <NUM>
void dummy_function_1004() { /* This is a placeholder. */ }"
DUMMY_1005,"// Dummy code snippet 1005
void dummy_function_1005() { /* This is a placeholder. */ }",Unknown,This is a synthetic comment for dummy function 1005.,kn,ಇದು ಡಮ್ಮಿ ಫಂಕ್ಷನ್ 1005 ಗಾಗಿ ಸಂಶ್ಲೇಷಿತ ಕಾಮೆಂಟ್ ಆಗಿದೆ.,Synthetic,Generated_Data,this is a synthetic comment for dummy function 1005,ಇದ ಡಮಮ ಫಕಷನ 1005 ಗಗ ಸಶಲಷತ ಕಮಟ ಆಗದ,"// Dummy code snippet <NUM>
void dummy_function_1005() { /* This is a placeholder. */ }"
DUMMY_1006,"// Dummy code snippet 1006
void dummy_function_1006() { /* This is a placeholder. */ }",Unknown,This is a synthetic comment for dummy function 1006.,de,Dies ist ein synthetischer Kommentar für die Dummy -Funktion 1006.,Synthetic,Generated_Data,this is a synthetic comment for dummy function 1006,dies ist ein synthetischer kommentar für die dummy funktion 1006,"// Dummy code snippet <NUM>
void dummy_function_1006() { /* This is a placeholder. */ }"
DUMMY_1007,"// Dummy code snippet 1007
void dummy_function_1007() { /* This is a placeholder. */ }",Unknown,This is a synthetic comment for dummy function 1007.,ta,போலி செயல்பாடு 1007 க்கான செயற்கை கருத்து இது.,Synthetic,Generated_Data,this is a synthetic comment for dummy function 1007,பல சயலபட 1007 ககன சயறக கரதத இத,"// Dummy code snippet <NUM>
void dummy_function_1007() { /* This is a placeholder. */ }"
DUMMY_1008,"// Dummy code snippet 1008
void dummy_function_1008() { /* This is a placeholder. */ }",Unknown,This is a synthetic comment for dummy function 1008.,fr,Ceci est un commentaire synthétique pour la fonction factice 1008.,Synthetic,Generated_Data,this is a synthetic comment for dummy function 1008,ceci est un commentaire synthétique pour la fonction factice 1008,"// Dummy code snippet <NUM>
void dummy_function_1008() { /* This is a placeholder. */ }"
DUMMY_1009,"// Dummy code snippet 1009
void dummy_function_1009() { /* This is a placeholder. */ }",Unknown,This is a synthetic comment for dummy function 1009.,es,Este es un comentario sintético para la función ficticia 1009.,Synthetic,Generated_Data,this is a synthetic comment for dummy function 1009,este es un comentario sintético para la función ficticia 1009,"// Dummy code snippet <NUM>
void dummy_function_1009() { /* This is a placeholder. */ }"
DUMMY_1010,"// Dummy code snippet 1010
void dummy_function_1010() { /* This is a placeholder. */ }",Unknown,This is a synthetic comment for dummy function 1010.,es,Este es un comentario sintético para la función ficticia 1010.,Synthetic,Generated_Data,this is a synthetic comment for dummy function 1010,este es un comentario sintético para la función ficticia 1010,"// Dummy code snippet <NUM>
void dummy_function_1010() { /* This is a placeholder. */ }"
DUMMY_1011,"// Dummy code snippet 1011
void dummy_function_1011() { /* This is a placeholder. */ }",Unknown,This is a synthetic comment for dummy function 1011.,es,Este es un comentario sintético para la función ficticia 1011.,Synthetic,Generated_Data,this is a synthetic comment for dummy function 1011,este es un comentario sintético para la función ficticia 1011,"// Dummy code snippet <NUM>
void dummy_function_1011() { /* This is a placeholder. */ }"
DUMMY_1012,"// Dummy code snippet 1012
void dummy_function_1012() { /* This is a placeholder. */ }",Unknown,This is a synthetic comment for dummy function 1012.,es,Este es un comentario sintético para la función ficticia 1012.,Synthetic,Generated_Data,this is a synthetic comment for dummy function 1012,este es un comentario sintético para la función ficticia 1012,"// Dummy code snippet <NUM>
void dummy_function_1012() { /* This is a placeholder. */ }"
DUMMY_1013,"// Dummy code snippet 1013
void dummy_function_1013() { /* This is a placeholder. */ }",Unknown,This is a synthetic comment for dummy function 1013.,es,Este es un comentario sintético para la función ficticia 1013.,Synthetic,Generated_Data,this is a synthetic comment for dummy function 1013,este es un comentario sintético para la función ficticia 1013,"// Dummy code snippet <NUM>
void dummy_function_1013() { /* This is a placeholder. */ }"
DUMMY_1014,"// Dummy code snippet 1014
void dummy_function_1014() { /* This is a placeholder. */ }",Unknown,This is a synthetic comment for dummy function 1014.,de,Dies ist ein synthetischer Kommentar für die Dummy -Funktion 1014.,Synthetic,Generated_Data,this is a synthetic comment for dummy function 1014,dies ist ein synthetischer kommentar für die dummy funktion 1014,"// Dummy code snippet <NUM>
void dummy_function_1014() { /* This is a placeholder. */ }"
DUMMY_1015,"// Dummy code snippet 1015
void dummy_function_1015() { /* This is a placeholder. */ }",Unknown,This is a synthetic comment for dummy function 1015.,kn,ಇದು ಡಮ್ಮಿ ಫಂಕ್ಷನ್ 1015 ಗಾಗಿ ಸಂಶ್ಲೇಷಿತ ಕಾಮೆಂಟ್ ಆಗಿದೆ.,Synthetic,Generated_Data,this is a synthetic comment for dummy function 1015,ಇದ ಡಮಮ ಫಕಷನ 1015 ಗಗ ಸಶಲಷತ ಕಮಟ ಆಗದ,"// Dummy code snippet <NUM>
void dummy_function_1015() { /* This is a placeholder. */ }"
DUMMY_1016,"// Dummy code snippet 1016
void dummy_function_1016() { /* This is a placeholder. */ }",Unknown,This is a synthetic comment for dummy function 1016.,es,Este es un comentario sintético para la función ficticia 1016.,Synthetic,Generated_Data,this is a synthetic comment for dummy function 1016,este es un comentario sintético para la función ficticia 1016,"// Dummy code snippet <NUM>
void dummy_function_1016() { /* This is a placeholder. */ }"
DUMMY_1017,"// Dummy code snippet 1017
void dummy_function_1017() { /* This is a placeholder. */ }",Unknown,This is a synthetic comment for dummy function 1017.,en,This is a synthetic comment for dummy function 1017.,Synthetic,Generated_Data,this is a synthetic comment for dummy function 1017,this is a synthetic comment for dummy function 1017,"// Dummy code snippet <NUM>
void dummy_function_1017() { /* This is a placeholder. */ }"
DUMMY_1018,"// Dummy code snippet 1018
void dummy_function_1018() { /* This is a placeholder. */ }",Unknown,This is a synthetic comment for dummy function 1018.,ta,போலி செயல்பாடு 1018 க்கான செயற்கை கருத்து இது.,Synthetic,Generated_Data,this is a synthetic comment for dummy function 1018,பல சயலபட 1018 ககன சயறக கரதத இத,"// Dummy code snippet <NUM>
void dummy_function_1018() { /* This is a placeholder. */ }"
DUMMY_1019,"// Dummy code snippet 1019
void dummy_function_1019() { /* This is a placeholder. */ }",Unknown,This is a synthetic comment for dummy function 1019.,es,Este es un comentario sintético para la función ficticia 1019.,Synthetic,Generated_Data,this is a synthetic comment for dummy function 1019,este es un comentario sintético para la función ficticia 1019,"// Dummy code snippet <NUM>
void dummy_function_1019() { /* This is a placeholder. */ }"
DUMMY_1020,"// Dummy code snippet 1020
void dummy_function_1020() { /* This is a placeholder. */ }",Unknown,This is a synthetic comment for dummy function 1020.,te,ఇది డమ్మీ ఫంక్షన్ 1020 కోసం సింథటిక్ వ్యాఖ్య.,Synthetic,Generated_Data,this is a synthetic comment for dummy function 1020,ఇద డమమ ఫకషన 1020 కస సథటక వయఖయ,"// Dummy code snippet <NUM>
void dummy_function_1020() { /* This is a placeholder. */ }"
DUMMY_1021,"// Dummy code snippet 1021
void dummy_function_1021() { /* This is a placeholder. */ }",Unknown,This is a synthetic comment for dummy function 1021.,de,Dies ist ein synthetischer Kommentar für die Dummy -Funktion 1021.,Synthetic,Generated_Data,this is a synthetic comment for dummy function 1021,dies ist ein synthetischer kommentar für die dummy funktion 1021,"// Dummy code snippet <NUM>
void dummy_function_1021() { /* This is a placeholder. */ }"
DUMMY_1022,"// Dummy code snippet 1022
void dummy_function_1022() { /* This is a placeholder. */ }",Unknown,This is a synthetic comment for dummy function 1022.,es,Este es un comentario sintético para la función ficticia 1022.,Synthetic,Generated_Data,this is a synthetic comment for dummy function 1022,este es un comentario sintético para la función ficticia 1022,"// Dummy code snippet <NUM>
void dummy_function_1022() { /* This is a placeholder. */ }"
DUMMY_1023,"// Dummy code snippet 1023
void dummy_function_1023() { /* This is a placeholder. */ }",Unknown,This is a synthetic comment for dummy function 1023.,es,Este es un comentario sintético para la función ficticia 1023.,Synthetic,Generated_Data,this is a synthetic comment for dummy function 1023,este es un comentario sintético para la función ficticia 1023,"// Dummy code snippet <NUM>
void dummy_function_1023() { /* This is a placeholder. */ }"
DUMMY_1024,"// Dummy code snippet 1024
void dummy_function_1024() { /* This is a placeholder. */ }",Unknown,This is a synthetic comment for dummy function 1024.,en,This is a synthetic comment for dummy function 1024.,Synthetic,Generated_Data,this is a synthetic comment for dummy function 1024,this is a synthetic comment for dummy function 1024,"// Dummy code snippet <NUM>
void dummy_function_1024() { /* This is a placeholder. */ }"
DUMMY_1025,"// Dummy code snippet 1025
void dummy_function_1025() { /* This is a placeholder. */ }",Unknown,This is a synthetic comment for dummy function 1025.,ml,ഡമ്മി ഫംഗ്ഷനുള്ള സിന്തറ്റിക് അഭിപ്രായമാണിത് 1025.,Synthetic,Generated_Data,this is a synthetic comment for dummy function 1025,ഡമമ ഫഗഷനളള സനതററക അഭപരയമണത 1025,"// Dummy code snippet <NUM>
void dummy_function_1025() { /* This is a placeholder. */ }"
DUMMY_1026,"// Dummy code snippet 1026
void dummy_function_1026() { /* This is a placeholder. */ }",Unknown,This is a synthetic comment for dummy function 1026.,ta,போலி செயல்பாடு 1026 க்கான செயற்கை கருத்து இது.,Synthetic,Generated_Data,this is a synthetic comment for dummy function 1026,பல சயலபட 1026 ககன சயறக கரதத இத,"// Dummy code snippet <NUM>
void dummy_function_1026() { /* This is a placeholder. */ }"
DUMMY_1027,"// Dummy code snippet 1027
void dummy_function_1027() { /* This is a placeholder. */ }",Unknown,This is a synthetic comment for dummy function 1027.,de,Dies ist ein synthetischer Kommentar für die Dummy -Funktion 1027.,Synthetic,Generated_Data,this is a synthetic comment for dummy function 1027,dies ist ein synthetischer kommentar für die dummy funktion 1027,"// Dummy code snippet <NUM>
void dummy_function_1027() { /* This is a placeholder. */ }"
DUMMY_1028,"// Dummy code snippet 1028
void dummy_function_1028() { /* This is a placeholder. */ }",Unknown,This is a synthetic comment for dummy function 1028.,hi,यह डमी फ़ंक्शन 1028 के लिए एक सिंथेटिक टिप्पणी है।,Synthetic,Generated_Data,this is a synthetic comment for dummy function 1028,यह डम फकशन 1028 क लए एक सथटक टपपण ह,"// Dummy code snippet <NUM>
void dummy_function_1028() { /* This is a placeholder. */ }"
DUMMY_1029,"// Dummy code snippet 1029
void dummy_function_1029() { /* This is a placeholder. */ }",Unknown,This is a synthetic comment for dummy function 1029.,es,Este es un comentario sintético para la función ficticia 1029.,Synthetic,Generated_Data,this is a synthetic comment for dummy function 1029,este es un comentario sintético para la función ficticia 1029,"// Dummy code snippet <NUM>
void dummy_function_1029() { /* This is a placeholder. */ }"
DUMMY_1030,"// Dummy code snippet 1030
void dummy_function_1030() { /* This is a placeholder. */ }",Unknown,This is a synthetic comment for dummy function 1030.,it,Questo è un commento sintetico per la funzione fittizia 1030.,Synthetic,Generated_Data,this is a synthetic comment for dummy function 1030,questo è un commento sintetico per la funzione fittizia 1030,"// Dummy code snippet <NUM>
void dummy_function_1030() { /* This is a placeholder. */ }"
DUMMY_1031,"// Dummy code snippet 1031
void dummy_function_1031() { /* This is a placeholder. */ }",Unknown,This is a synthetic comment for dummy function 1031.,ml,ഡമ്മി ഫംഗ്ഷനുള്ള ഒരു സിന്തറ്റിക് അഭിപ്രായമാണിത്. 1031.,Synthetic,Generated_Data,this is a synthetic comment for dummy function 1031,ഡമമ ഫഗഷനളള ഒര സനതററക അഭപരയമണത 1031,"// Dummy code snippet <NUM>
void dummy_function_1031() { /* This is a placeholder. */ }"
DUMMY_1032,"// Dummy code snippet 1032
void dummy_function_1032() { /* This is a placeholder. */ }",Unknown,This is a synthetic comment for dummy function 1032.,en,This is a synthetic comment for dummy function 1032.,Synthetic,Generated_Data,this is a synthetic comment for dummy function 1032,this is a synthetic comment for dummy function 1032,"// Dummy code snippet <NUM>
void dummy_function_1032() { /* This is a placeholder. */ }"
DUMMY_1033,"// Dummy code snippet 1033
void dummy_function_1033() { /* This is a placeholder. */ }",Unknown,This is a synthetic comment for dummy function 1033.,es,Este es un comentario sintético para la función ficticia 1033.,Synthetic,Generated_Data,this is a synthetic comment for dummy function 1033,este es un comentario sintético para la función ficticia 1033,"// Dummy code snippet <NUM>
void dummy_function_1033() { /* This is a placeholder. */ }"
DUMMY_1034,"// Dummy code snippet 1034
void dummy_function_1034() { /* This is a placeholder. */ }",Unknown,This is a synthetic comment for dummy function 1034.,de,Dies ist ein synthetischer Kommentar für die Dummy -Funktion 1034.,Synthetic,Generated_Data,this is a synthetic comment for dummy function 1034,dies ist ein synthetischer kommentar für die dummy funktion 1034,"// Dummy code snippet <NUM>
void dummy_function_1034() { /* This is a placeholder. */ }"
DUMMY_1035,"// Dummy code snippet 1035
void dummy_function_1035() { /* This is a placeholder. */ }",Unknown,This is a synthetic comment for dummy function 1035.,ml,ഡമ്മി ഫംഗ്ഷനുള്ള ഒരു സിന്തറ്റിക് അഭിപ്രായമാണിത്. 1035.,Synthetic,Generated_Data,this is a synthetic comment for dummy function 1035,ഡമമ ഫഗഷനളള ഒര സനതററക അഭപരയമണത 1035,"// Dummy code snippet <NUM>
void dummy_function_1035() { /* This is a placeholder. */ }"
DUMMY_1036,"// Dummy code snippet 1036
void dummy_function_1036() { /* This is a placeholder. */ }",Unknown,This is a synthetic comment for dummy function 1036.,es,Este es un comentario sintético para la función ficticia 1036.,Synthetic,Generated_Data,this is a synthetic comment for dummy function 1036,este es un comentario sintético para la función ficticia 1036,"// Dummy code snippet <NUM>
void dummy_function_1036() { /* This is a placeholder. */ }"
DUMMY_1037,"// Dummy code snippet 1037
void dummy_function_1037() { /* This is a placeholder. */ }",Unknown,This is a synthetic comment for dummy function 1037.,de,Dies ist ein synthetischer Kommentar für die Dummy -Funktion 1037.,Synthetic,Generated_Data,this is a synthetic comment for dummy function 1037,dies ist ein synthetischer kommentar für die dummy funktion 1037,"// Dummy code snippet <NUM>
void dummy_function_1037() { /* This is a placeholder. */ }"
DUMMY_1038,"// Dummy code snippet 1038
void dummy_function_1038() { /* This is a placeholder. */ }",Unknown,This is a synthetic comment for dummy function 1038.,it,Questo è un commento sintetico per la funzione fittizia 1038.,Synthetic,Generated_Data,this is a synthetic comment for dummy function 1038,questo è un commento sintetico per la funzione fittizia 1038,"// Dummy code snippet <NUM>
void dummy_function_1038() { /* This is a placeholder. */ }"
DUMMY_1039,"// Dummy code snippet 1039
void dummy_function_1039() { /* This is a placeholder. */ }",Unknown,This is a synthetic comment for dummy function 1039.,ta,போலி செயல்பாடு 1039 க்கான செயற்கை கருத்து இது.,Synthetic,Generated_Data,this is a synthetic comment for dummy function 1039,பல சயலபட 1039 ககன சயறக கரதத இத,"// Dummy code snippet <NUM>
void dummy_function_1039() { /* This is a placeholder. */ }"
DUMMY_1040,"// Dummy code snippet 1040
void dummy_function_1040() { /* This is a placeholder. */ }",Unknown,This is a synthetic comment for dummy function 1040.,te,డమ్మీ ఫంక్షన్ 1040 కోసం ఇది సింథటిక్ వ్యాఖ్య.,Synthetic,Generated_Data,this is a synthetic comment for dummy function 1040,డమమ ఫకషన 1040 కస ఇద సథటక వయఖయ,"// Dummy code snippet <NUM>
void dummy_function_1040() { /* This is a placeholder. */ }"
DUMMY_1041,"// Dummy code snippet 1041
void dummy_function_1041() { /* This is a placeholder. */ }",Unknown,This is a synthetic comment for dummy function 1041.,ml,ഡമ്മി ഫംഗ്ഷനുള്ള ഒരു സിന്തറ്റിക് അഭിപ്രായമാണിത്. 1041.,Synthetic,Generated_Data,this is a synthetic comment for dummy function 1041,ഡമമ ഫഗഷനളള ഒര സനതററക അഭപരയമണത 1041,"// Dummy code snippet <NUM>
void dummy_function_1041() { /* This is a placeholder. */ }"
DUMMY_1042,"// Dummy code snippet 1042
void dummy_function_1042() { /* This is a placeholder. */ }",Unknown,This is a synthetic comment for dummy function 1042.,hi,यह डमी फ़ंक्शन 1042 के लिए एक सिंथेटिक टिप्पणी है।,Synthetic,Generated_Data,this is a synthetic comment for dummy function 1042,यह डम फकशन 1042 क लए एक सथटक टपपण ह,"// Dummy code snippet <NUM>
void dummy_function_1042() { /* This is a placeholder. */ }"
DUMMY_1043,"// Dummy code snippet 1043
void dummy_function_1043() { /* This is a placeholder. */ }",Unknown,This is a synthetic comment for dummy function 1043.,hi,यह डमी फ़ंक्शन 1043 के लिए एक सिंथेटिक टिप्पणी है।,Synthetic,Generated_Data,this is a synthetic comment for dummy function 1043,यह डम फकशन 1043 क लए एक सथटक टपपण ह,"// Dummy code snippet <NUM>
void dummy_function_1043() { /* This is a placeholder. */ }"
DUMMY_1044,"// Dummy code snippet 1044
void dummy_function_1044() { /* This is a placeholder. */ }",Unknown,This is a synthetic comment for dummy function 1044.,te,డమ్మీ ఫంక్షన్ 1044 కోసం ఇది సింథటిక్ వ్యాఖ్య.,Synthetic,Generated_Data,this is a synthetic comment for dummy function 1044,డమమ ఫకషన 1044 కస ఇద సథటక వయఖయ,"// Dummy code snippet <NUM>
void dummy_function_1044() { /* This is a placeholder. */ }"
DUMMY_1045,"// Dummy code snippet 1045
void dummy_function_1045() { /* This is a placeholder. */ }",Unknown,This is a synthetic comment for dummy function 1045.,es,Este es un comentario sintético para la función ficticia 1045.,Synthetic,Generated_Data,this is a synthetic comment for dummy function 1045,este es un comentario sintético para la función ficticia 1045,"// Dummy code snippet <NUM>
void dummy_function_1045() { /* This is a placeholder. */ }"
DUMMY_1046,"// Dummy code snippet 1046
void dummy_function_1046() { /* This is a placeholder. */ }",Unknown,This is a synthetic comment for dummy function 1046.,it,Questo è un commento sintetico per la funzione fittizia 1046.,Synthetic,Generated_Data,this is a synthetic comment for dummy function 1046,questo è un commento sintetico per la funzione fittizia 1046,"// Dummy code snippet <NUM>
void dummy_function_1046() { /* This is a placeholder. */ }"
DUMMY_1047,"// Dummy code snippet 1047
void dummy_function_1047() { /* This is a placeholder. */ }",Unknown,This is a synthetic comment for dummy function 1047.,en,This is a synthetic comment for dummy function 1047.,Synthetic,Generated_Data,this is a synthetic comment for dummy function 1047,this is a synthetic comment for dummy function 1047,"// Dummy code snippet <NUM>
void dummy_function_1047() { /* This is a placeholder. */ }"
DUMMY_1048,"// Dummy code snippet 1048
void dummy_function_1048() { /* This is a placeholder. */ }",Unknown,This is a synthetic comment for dummy function 1048.,fr,Ceci est un commentaire synthétique pour la fonction factice 1048.,Synthetic,Generated_Data,this is a synthetic comment for dummy function 1048,ceci est un commentaire synthétique pour la fonction factice 1048,"// Dummy code snippet <NUM>
void dummy_function_1048() { /* This is a placeholder. */ }"
DUMMY_1049,"// Dummy code snippet 1049
void dummy_function_1049() { /* This is a placeholder. */ }",Unknown,This is a synthetic comment for dummy function 1049.,fr,Ceci est un commentaire synthétique pour la fonction factice 1049.,Synthetic,Generated_Data,this is a synthetic comment for dummy function 1049,ceci est un commentaire synthétique pour la fonction factice 1049,"// Dummy code snippet <NUM>
void dummy_function_1049() { /* This is a placeholder. */ }"
DUMMY_1050,"// Dummy code snippet 1050
void dummy_function_1050() { /* This is a placeholder. */ }",Unknown,This is a synthetic comment for dummy function 1050.,hi,यह डमी फ़ंक्शन 1050 के लिए एक सिंथेटिक टिप्पणी है।,Synthetic,Generated_Data,this is a synthetic comment for dummy function 1050,यह डम फकशन 1050 क लए एक सथटक टपपण ह,"// Dummy code snippet <NUM>
void dummy_function_1050() { /* This is a placeholder. */ }"
DUMMY_1051,"// Dummy code snippet 1051
void dummy_function_1051() { /* This is a placeholder. */ }",Unknown,This is a synthetic comment for dummy function 1051.,te,డమ్మీ ఫంక్షన్ 1051 కోసం ఇది సింథటిక్ వ్యాఖ్య.,Synthetic,Generated_Data,this is a synthetic comment for dummy function 1051,డమమ ఫకషన 1051 కస ఇద సథటక వయఖయ,"// Dummy code snippet <NUM>
void dummy_function_1051() { /* This is a placeholder. */ }"
DUMMY_1052,"// Dummy code snippet 1052
void dummy_function_1052() { /* This is a placeholder. */ }",Unknown,This is a synthetic comment for dummy function 1052.,te,డమ్మీ ఫంక్షన్ 1052 కోసం ఇది సింథటిక్ వ్యాఖ్య.,Synthetic,Generated_Data,this is a synthetic comment for dummy function 1052,డమమ ఫకషన 1052 కస ఇద సథటక వయఖయ,"// Dummy code snippet <NUM>
void dummy_function_1052() { /* This is a placeholder. */ }"
DUMMY_1053,"// Dummy code snippet 1053
void dummy_function_1053() { /* This is a placeholder. */ }",Unknown,This is a synthetic comment for dummy function 1053.,te,డమ్మీ ఫంక్షన్ 1053 కోసం ఇది సింథటిక్ వ్యాఖ్య.,Synthetic,Generated_Data,this is a synthetic comment for dummy function 1053,డమమ ఫకషన 1053 కస ఇద సథటక వయఖయ,"// Dummy code snippet <NUM>
void dummy_function_1053() { /* This is a placeholder. */ }"
DUMMY_1054,"// Dummy code snippet 1054
void dummy_function_1054() { /* This is a placeholder. */ }",Unknown,This is a synthetic comment for dummy function 1054.,te,డమ్మీ ఫంక్షన్ 1054 కోసం ఇది సింథటిక్ వ్యాఖ్య.,Synthetic,Generated_Data,this is a synthetic comment for dummy function 1054,డమమ ఫకషన 1054 కస ఇద సథటక వయఖయ,"// Dummy code snippet <NUM>
void dummy_function_1054() { /* This is a placeholder. */ }"
DUMMY_1055,"// Dummy code snippet 1055
void dummy_function_1055() { /* This is a placeholder. */ }",Unknown,This is a synthetic comment for dummy function 1055.,ml,ഡമ്മി ഫംഗ്ഷനുള്ള ഒരു സിന്തറ്റിക് അഭിപ്രായമാണിത് 1055.,Synthetic,Generated_Data,this is a synthetic comment for dummy function 1055,ഡമമ ഫഗഷനളള ഒര സനതററക അഭപരയമണത 1055,"// Dummy code snippet <NUM>
void dummy_function_1055() { /* This is a placeholder. */ }"
DUMMY_1056,"// Dummy code snippet 1056
void dummy_function_1056() { /* This is a placeholder. */ }",Unknown,This is a synthetic comment for dummy function 1056.,te,ఇది డమ్మీ ఫంక్షన్ 1056 కోసం సింథటిక్ వ్యాఖ్య.,Synthetic,Generated_Data,this is a synthetic comment for dummy function 1056,ఇద డమమ ఫకషన 1056 కస సథటక వయఖయ,"// Dummy code snippet <NUM>
void dummy_function_1056() { /* This is a placeholder. */ }"
DUMMY_1057,"// Dummy code snippet 1057
void dummy_function_1057() { /* This is a placeholder. */ }",Unknown,This is a synthetic comment for dummy function 1057.,kn,ಇದು ಡಮ್ಮಿ ಫಂಕ್ಷನ್ 1057 ಗಾಗಿ ಸಂಶ್ಲೇಷಿತ ಕಾಮೆಂಟ್ ಆಗಿದೆ.,Synthetic,Generated_Data,this is a synthetic comment for dummy function 1057,ಇದ ಡಮಮ ಫಕಷನ 1057 ಗಗ ಸಶಲಷತ ಕಮಟ ಆಗದ,"// Dummy code snippet <NUM>
void dummy_function_1057() { /* This is a placeholder. */ }"
DUMMY_1058,"// Dummy code snippet 1058
void dummy_function_1058() { /* This is a placeholder. */ }",Unknown,This is a synthetic comment for dummy function 1058.,de,Dies ist ein synthetischer Kommentar für die Dummy -Funktion 1058.,Synthetic,Generated_Data,this is a synthetic comment for dummy function 1058,dies ist ein synthetischer kommentar für die dummy funktion 1058,"// Dummy code snippet <NUM>
void dummy_function_1058() { /* This is a placeholder. */ }"
DUMMY_1059,"// Dummy code snippet 1059
void dummy_function_1059() { /* This is a placeholder. */ }",Unknown,This is a synthetic comment for dummy function 1059.,en,This is a synthetic comment for dummy function 1059.,Synthetic,Generated_Data,this is a synthetic comment for dummy function 1059,this is a synthetic comment for dummy function 1059,"// Dummy code snippet <NUM>
void dummy_function_1059() { /* This is a placeholder. */ }"
DUMMY_1060,"// Dummy code snippet 1060
void dummy_function_1060() { /* This is a placeholder. */ }",Unknown,This is a synthetic comment for dummy function 1060.,kn,ಡಮ್ಮಿ ಫಂಕ್ಷನ್ 1060 ಗಾಗಿ ಇದು ಸಂಶ್ಲೇಷಿತ ಕಾಮೆಂಟ್ ಆಗಿದೆ.,Synthetic,Generated_Data,this is a synthetic comment for dummy function 1060,ಡಮಮ ಫಕಷನ 1060 ಗಗ ಇದ ಸಶಲಷತ ಕಮಟ ಆಗದ,"// Dummy code snippet <NUM>
void dummy_function_1060() { /* This is a placeholder. */ }"
DUMMY_1061,"// Dummy code snippet 1061
void dummy_function_1061() { /* This is a placeholder. */ }",Unknown,This is a synthetic comment for dummy function 1061.,ml,ഡമ്മി ഫംഗ്ഷനുള്ള ഒരു സിന്തറ്റിക് അഭിപ്രായമാണിത്. 1061.,Synthetic,Generated_Data,this is a synthetic comment for dummy function 1061,ഡമമ ഫഗഷനളള ഒര സനതററക അഭപരയമണത 1061,"// Dummy code snippet <NUM>
void dummy_function_1061() { /* This is a placeholder. */ }"
DUMMY_1062,"// Dummy code snippet 1062
void dummy_function_1062() { /* This is a placeholder. */ }",Unknown,This is a synthetic comment for dummy function 1062.,en,This is a synthetic comment for dummy function 1062.,Synthetic,Generated_Data,this is a synthetic comment for dummy function 1062,this is a synthetic comment for dummy function 1062,"// Dummy code snippet <NUM>
void dummy_function_1062() { /* This is a placeholder. */ }"
DUMMY_1063,"// Dummy code snippet 1063
void dummy_function_1063() { /* This is a placeholder. */ }",Unknown,This is a synthetic comment for dummy function 1063.,kn,ಇದು ಡಮ್ಮಿ ಫಂಕ್ಷನ್ 1063 ಗಾಗಿ ಸಂಶ್ಲೇಷಿತ ಕಾಮೆಂಟ್ ಆಗಿದೆ.,Synthetic,Generated_Data,this is a synthetic comment for dummy function 1063,ಇದ ಡಮಮ ಫಕಷನ 1063 ಗಗ ಸಶಲಷತ ಕಮಟ ಆಗದ,"// Dummy code snippet <NUM>
void dummy_function_1063() { /* This is a placeholder. */ }"
DUMMY_1064,"// Dummy code snippet 1064
void dummy_function_1064() { /* This is a placeholder. */ }",Unknown,This is a synthetic comment for dummy function 1064.,te,డమ్మీ ఫంక్షన్ 1064 కోసం ఇది సింథటిక్ వ్యాఖ్య.,Synthetic,Generated_Data,this is a synthetic comment for dummy function 1064,డమమ ఫకషన 1064 కస ఇద సథటక వయఖయ,"// Dummy code snippet <NUM>
void dummy_function_1064() { /* This is a placeholder. */ }"
DUMMY_1065,"// Dummy code snippet 1065
void dummy_function_1065() { /* This is a placeholder. */ }",Unknown,This is a synthetic comment for dummy function 1065.,ml,ഡമ്മി ഫംഗ്ഷനുള്ള ഒരു സിന്തറ്റിക് അഭിപ്രായമാണിത്. 1065.,Synthetic,Generated_Data,this is a synthetic comment for dummy function 1065,ഡമമ ഫഗഷനളള ഒര സനതററക അഭപരയമണത 1065,"// Dummy code snippet <NUM>
void dummy_function_1065() { /* This is a placeholder. */ }"
DUMMY_1066,"// Dummy code snippet 1066
void dummy_function_1066() { /* This is a placeholder. */ }",Unknown,This is a synthetic comment for dummy function 1066.,de,Dies ist ein synthetischer Kommentar für die Dummy -Funktion 1066.,Synthetic,Generated_Data,this is a synthetic comment for dummy function 1066,dies ist ein synthetischer kommentar für die dummy funktion 1066,"// Dummy code snippet <NUM>
void dummy_function_1066() { /* This is a placeholder. */ }"
DUMMY_1067,"// Dummy code snippet 1067
void dummy_function_1067() { /* This is a placeholder. */ }",Unknown,This is a synthetic comment for dummy function 1067.,te,డమ్మీ ఫంక్షన్ 1067 కోసం ఇది సింథటిక్ వ్యాఖ్య.,Synthetic,Generated_Data,this is a synthetic comment for dummy function 1067,డమమ ఫకషన 1067 కస ఇద సథటక వయఖయ,"// Dummy code snippet <NUM>
void dummy_function_1067() { /* This is a placeholder. */ }"
DUMMY_1068,"// Dummy code snippet 1068
void dummy_function_1068() { /* This is a placeholder. */ }",Unknown,This is a synthetic comment for dummy function 1068.,en,This is a synthetic comment for dummy function 1068.,Synthetic,Generated_Data,this is a synthetic comment for dummy function 1068,this is a synthetic comment for dummy function 1068,"// Dummy code snippet <NUM>
void dummy_function_1068() { /* This is a placeholder. */ }"
DUMMY_1069,"// Dummy code snippet 1069
void dummy_function_1069() { /* This is a placeholder. */ }",Unknown,This is a synthetic comment for dummy function 1069.,hi,यह डमी फ़ंक्शन 1069 के लिए एक सिंथेटिक टिप्पणी है।,Synthetic,Generated_Data,this is a synthetic comment for dummy function 1069,यह डम फकशन 1069 क लए एक सथटक टपपण ह,"// Dummy code snippet <NUM>
void dummy_function_1069() { /* This is a placeholder. */ }"
DUMMY_1070,"// Dummy code snippet 1070
void dummy_function_1070() { /* This is a placeholder. */ }",Unknown,This is a synthetic comment for dummy function 1070.,hi,यह डमी फ़ंक्शन 1070 के लिए एक सिंथेटिक टिप्पणी है।,Synthetic,Generated_Data,this is a synthetic comment for dummy function 1070,यह डम फकशन 1070 क लए एक सथटक टपपण ह,"// Dummy code snippet <NUM>
void dummy_function_1070() { /* This is a placeholder. */ }"
DUMMY_1071,"// Dummy code snippet 1071
void dummy_function_1071() { /* This is a placeholder. */ }",Unknown,This is a synthetic comment for dummy function 1071.,hi,यह डमी फ़ंक्शन 1071 के लिए एक सिंथेटिक टिप्पणी है।,Synthetic,Generated_Data,this is a synthetic comment for dummy function 1071,यह डम फकशन 1071 क लए एक सथटक टपपण ह,"// Dummy code snippet <NUM>
void dummy_function_1071() { /* This is a placeholder. */ }"
DUMMY_1072,"// Dummy code snippet 1072
void dummy_function_1072() { /* This is a placeholder. */ }",Unknown,This is a synthetic comment for dummy function 1072.,es,Este es un comentario sintético para la función ficticia 1072.,Synthetic,Generated_Data,this is a synthetic comment for dummy function 1072,este es un comentario sintético para la función ficticia 1072,"// Dummy code snippet <NUM>
void dummy_function_1072() { /* This is a placeholder. */ }"
DUMMY_1073,"// Dummy code snippet 1073
void dummy_function_1073() { /* This is a placeholder. */ }",Unknown,This is a synthetic comment for dummy function 1073.,ml,ഡമ്മി ഫംഗ്ഷനുള്ള സിന്തറ്റിക് അഭിപ്രായമാണിത് 1073.,Synthetic,Generated_Data,this is a synthetic comment for dummy function 1073,ഡമമ ഫഗഷനളള സനതററക അഭപരയമണത 1073,"// Dummy code snippet <NUM>
void dummy_function_1073() { /* This is a placeholder. */ }"
DUMMY_1074,"// Dummy code snippet 1074
void dummy_function_1074() { /* This is a placeholder. */ }",Unknown,This is a synthetic comment for dummy function 1074.,ml,ഡമ്മി ഫംഗ്ഷനുള്ള സിന്തറ്റിക് അഭിപ്രായമാണിത്. 1074.,Synthetic,Generated_Data,this is a synthetic comment for dummy function 1074,ഡമമ ഫഗഷനളള സനതററക അഭപരയമണത 1074,"// Dummy code snippet <NUM>
void dummy_function_1074() { /* This is a placeholder. */ }"
DUMMY_1075,"// Dummy code snippet 1075
void dummy_function_1075() { /* This is a placeholder. */ }",Unknown,This is a synthetic comment for dummy function 1075.,de,Dies ist ein synthetischer Kommentar für die Dummy -Funktion 1075.,Synthetic,Generated_Data,this is a synthetic comment for dummy function 1075,dies ist ein synthetischer kommentar für die dummy funktion 1075,"// Dummy code snippet <NUM>
void dummy_function_1075() { /* This is a placeholder. */ }"
DUMMY_1076,"// Dummy code snippet 1076
void dummy_function_1076() { /* This is a placeholder. */ }",Unknown,This is a synthetic comment for dummy function 1076.,es,Este es un comentario sintético para la función ficticia 1076.,Synthetic,Generated_Data,this is a synthetic comment for dummy function 1076,este es un comentario sintético para la función ficticia 1076,"// Dummy code snippet <NUM>
void dummy_function_1076() { /* This is a placeholder. */ }"
DUMMY_1077,"// Dummy code snippet 1077
void dummy_function_1077() { /* This is a placeholder. */ }",Unknown,This is a synthetic comment for dummy function 1077.,te,డమ్మీ ఫంక్షన్ 1077 కోసం ఇది సింథటిక్ వ్యాఖ్య.,Synthetic,Generated_Data,this is a synthetic comment for dummy function 1077,డమమ ఫకషన 1077 కస ఇద సథటక వయఖయ,"// Dummy code snippet <NUM>
void dummy_function_1077() { /* This is a placeholder. */ }"
DUMMY_1078,"// Dummy code snippet 1078
void dummy_function_1078() { /* This is a placeholder. */ }",Unknown,This is a synthetic comment for dummy function 1078.,ta,போலி செயல்பாடு 1078 க்கான செயற்கை கருத்து இது.,Synthetic,Generated_Data,this is a synthetic comment for dummy function 1078,பல சயலபட 1078 ககன சயறக கரதத இத,"// Dummy code snippet <NUM>
void dummy_function_1078() { /* This is a placeholder. */ }"
DUMMY_1079,"// Dummy code snippet 1079
void dummy_function_1079() { /* This is a placeholder. */ }",Unknown,This is a synthetic comment for dummy function 1079.,es,Este es un comentario sintético para la función ficticia 1079.,Synthetic,Generated_Data,this is a synthetic comment for dummy function 1079,este es un comentario sintético para la función ficticia 1079,"// Dummy code snippet <NUM>
void dummy_function_1079() { /* This is a placeholder. */ }"
DUMMY_1080,"// Dummy code snippet 1080
void dummy_function_1080() { /* This is a placeholder. */ }",Unknown,This is a synthetic comment for dummy function 1080.,fr,Ceci est un commentaire synthétique pour la fonction factice 1080.,Synthetic,Generated_Data,this is a synthetic comment for dummy function 1080,ceci est un commentaire synthétique pour la fonction factice 1080,"// Dummy code snippet <NUM>
void dummy_function_1080() { /* This is a placeholder. */ }"
DUMMY_1081,"// Dummy code snippet 1081
void dummy_function_1081() { /* This is a placeholder. */ }",Unknown,This is a synthetic comment for dummy function 1081.,de,Dies ist ein synthetischer Kommentar für die Dummy -Funktion 1081.,Synthetic,Generated_Data,this is a synthetic comment for dummy function 1081,dies ist ein synthetischer kommentar für die dummy funktion 1081,"// Dummy code snippet <NUM>
void dummy_function_1081() { /* This is a placeholder. */ }"
DUMMY_1082,"// Dummy code snippet 1082
void dummy_function_1082() { /* This is a placeholder. */ }",Unknown,This is a synthetic comment for dummy function 1082.,de,Dies ist ein synthetischer Kommentar für die Dummy -Funktion 1082.,Synthetic,Generated_Data,this is a synthetic comment for dummy function 1082,dies ist ein synthetischer kommentar für die dummy funktion 1082,"// Dummy code snippet <NUM>
void dummy_function_1082() { /* This is a placeholder. */ }"
DUMMY_1083,"// Dummy code snippet 1083
void dummy_function_1083() { /* This is a placeholder. */ }",Unknown,This is a synthetic comment for dummy function 1083.,te,డమ్మీ ఫంక్షన్ 1083 కోసం ఇది సింథటిక్ వ్యాఖ్య.,Synthetic,Generated_Data,this is a synthetic comment for dummy function 1083,డమమ ఫకషన 1083 కస ఇద సథటక వయఖయ,"// Dummy code snippet <NUM>
void dummy_function_1083() { /* This is a placeholder. */ }"
DUMMY_1084,"// Dummy code snippet 1084
void dummy_function_1084() { /* This is a placeholder. */ }",Unknown,This is a synthetic comment for dummy function 1084.,en,This is a synthetic comment for dummy function 1084.,Synthetic,Generated_Data,this is a synthetic comment for dummy function 1084,this is a synthetic comment for dummy function 1084,"// Dummy code snippet <NUM>
void dummy_function_1084() { /* This is a placeholder. */ }"
DUMMY_1085,"// Dummy code snippet 1085
void dummy_function_1085() { /* This is a placeholder. */ }",Unknown,This is a synthetic comment for dummy function 1085.,hi,यह डमी फ़ंक्शन 1085 के लिए एक सिंथेटिक टिप्पणी है।,Synthetic,Generated_Data,this is a synthetic comment for dummy function 1085,यह डम फकशन 1085 क लए एक सथटक टपपण ह,"// Dummy code snippet <NUM>
void dummy_function_1085() { /* This is a placeholder. */ }"
DUMMY_1086,"// Dummy code snippet 1086
void dummy_function_1086() { /* This is a placeholder. */ }",Unknown,This is a synthetic comment for dummy function 1086.,ta,இது போலி செயல்பாடு 1086 க்கான செயற்கை கருத்து.,Synthetic,Generated_Data,this is a synthetic comment for dummy function 1086,இத பல சயலபட 1086 ககன சயறக கரதத,"// Dummy code snippet <NUM>
void dummy_function_1086() { /* This is a placeholder. */ }"
DUMMY_1087,"// Dummy code snippet 1087
void dummy_function_1087() { /* This is a placeholder. */ }",Unknown,This is a synthetic comment for dummy function 1087.,ml,ഡമ്മി ഫംഗ്ഷനുള്ള ഒരു സിന്തറ്റിക് അഭിപ്രായമാണിത്. 1087.,Synthetic,Generated_Data,this is a synthetic comment for dummy function 1087,ഡമമ ഫഗഷനളള ഒര സനതററക അഭപരയമണത 1087,"// Dummy code snippet <NUM>
void dummy_function_1087() { /* This is a placeholder. */ }"
DUMMY_1088,"// Dummy code snippet 1088
void dummy_function_1088() { /* This is a placeholder. */ }",Unknown,This is a synthetic comment for dummy function 1088.,de,Dies ist ein synthetischer Kommentar für die Dummy -Funktion 1088.,Synthetic,Generated_Data,this is a synthetic comment for dummy function 1088,dies ist ein synthetischer kommentar für die dummy funktion 1088,"// Dummy code snippet <NUM>
void dummy_function_1088() { /* This is a placeholder. */ }"
DUMMY_1089,"// Dummy code snippet 1089
void dummy_function_1089() { /* This is a placeholder. */ }",Unknown,This is a synthetic comment for dummy function 1089.,ta,போலி செயல்பாடு 1089 க்கான செயற்கை கருத்து இது.,Synthetic,Generated_Data,this is a synthetic comment for dummy function 1089,பல சயலபட 1089 ககன சயறக கரதத இத,"// Dummy code snippet <NUM>
void dummy_function_1089() { /* This is a placeholder. */ }"
DUMMY_1090,"// Dummy code snippet 1090
void dummy_function_1090() { /* This is a placeholder. */ }",Unknown,This is a synthetic comment for dummy function 1090.,es,Este es un comentario sintético para la función ficticia 1090.,Synthetic,Generated_Data,this is a synthetic comment for dummy function 1090,este es un comentario sintético para la función ficticia 1090,"// Dummy code snippet <NUM>
void dummy_function_1090() { /* This is a placeholder. */ }"
DUMMY_1091,"// Dummy code snippet 1091
void dummy_function_1091() { /* This is a placeholder. */ }",Unknown,This is a synthetic comment for dummy function 1091.,fr,Ceci est un commentaire synthétique pour la fonction factice 1091.,Synthetic,Generated_Data,this is a synthetic comment for dummy function 1091,ceci est un commentaire synthétique pour la fonction factice 1091,"// Dummy code snippet <NUM>
void dummy_function_1091() { /* This is a placeholder. */ }"
DUMMY_1092,"// Dummy code snippet 1092
void dummy_function_1092() { /* This is a placeholder. */ }",Unknown,This is a synthetic comment for dummy function 1092.,ta,போலி செயல்பாடு 1092 க்கான செயற்கை கருத்து இது.,Synthetic,Generated_Data,this is a synthetic comment for dummy function 1092,பல சயலபட 1092 ககன சயறக கரதத இத,"// Dummy code snippet <NUM>
void dummy_function_1092() { /* This is a placeholder. */ }"
DUMMY_1093,"// Dummy code snippet 1093
void dummy_function_1093() { /* This is a placeholder. */ }",Unknown,This is a synthetic comment for dummy function 1093.,kn,ಇದು ಡಮ್ಮಿ ಫಂಕ್ಷನ್ 1093 ಗೆ ಸಂಶ್ಲೇಷಿತ ಕಾಮೆಂಟ್ ಆಗಿದೆ.,Synthetic,Generated_Data,this is a synthetic comment for dummy function 1093,ಇದ ಡಮಮ ಫಕಷನ 1093 ಗ ಸಶಲಷತ ಕಮಟ ಆಗದ,"// Dummy code snippet <NUM>
void dummy_function_1093() { /* This is a placeholder. */ }"
DUMMY_1094,"// Dummy code snippet 1094
void dummy_function_1094() { /* This is a placeholder. */ }",Unknown,This is a synthetic comment for dummy function 1094.,hi,यह डमी फ़ंक्शन 1094 के लिए एक सिंथेटिक टिप्पणी है।,Synthetic,Generated_Data,this is a synthetic comment for dummy function 1094,यह डम फकशन 1094 क लए एक सथटक टपपण ह,"// Dummy code snippet <NUM>
void dummy_function_1094() { /* This is a placeholder. */ }"
DUMMY_1095,"// Dummy code snippet 1095
void dummy_function_1095() { /* This is a placeholder. */ }",Unknown,This is a synthetic comment for dummy function 1095.,de,Dies ist ein synthetischer Kommentar für die Dummy -Funktion 1095.,Synthetic,Generated_Data,this is a synthetic comment for dummy function 1095,dies ist ein synthetischer kommentar für die dummy funktion 1095,"// Dummy code snippet <NUM>
void dummy_function_1095() { /* This is a placeholder. */ }"
DUMMY_1096,"// Dummy code snippet 1096
void dummy_function_1096() { /* This is a placeholder. */ }",Unknown,This is a synthetic comment for dummy function 1096.,ml,ഡമ്മി ഫംഗ്ഷനുള്ള ഒരു സിന്തറ്റിക് അഭിപ്രായമാണിത്. 1096.,Synthetic,Generated_Data,this is a synthetic comment for dummy function 1096,ഡമമ ഫഗഷനളള ഒര സനതററക അഭപരയമണത 1096,"// Dummy code snippet <NUM>
void dummy_function_1096() { /* This is a placeholder. */ }"
DUMMY_1097,"// Dummy code snippet 1097
void dummy_function_1097() { /* This is a placeholder. */ }",Unknown,This is a synthetic comment for dummy function 1097.,en,This is a synthetic comment for dummy function 1097.,Synthetic,Generated_Data,this is a synthetic comment for dummy function 1097,this is a synthetic comment for dummy function 1097,"// Dummy code snippet <NUM>
void dummy_function_1097() { /* This is a placeholder. */ }"
DUMMY_1098,"// Dummy code snippet 1098
void dummy_function_1098() { /* This is a placeholder. */ }",Unknown,This is a synthetic comment for dummy function 1098.,te,డమ్మీ ఫంక్షన్ 1098 కోసం ఇది సింథటిక్ వ్యాఖ్య.,Synthetic,Generated_Data,this is a synthetic comment for dummy function 1098,డమమ ఫకషన 1098 కస ఇద సథటక వయఖయ,"// Dummy code snippet <NUM>
void dummy_function_1098() { /* This is a placeholder. */ }"
DUMMY_1099,"// Dummy code snippet 1099
void dummy_function_1099() { /* This is a placeholder. */ }",Unknown,This is a synthetic comment for dummy function 1099.,es,Este es un comentario sintético para la función ficticia 1099.,Synthetic,Generated_Data,this is a synthetic comment for dummy function 1099,este es un comentario sintético para la función ficticia 1099,"// Dummy code snippet <NUM>
void dummy_function_1099() { /* This is a placeholder. */ }"
DUMMY_1100,"// Dummy code snippet 1100
void dummy_function_1100() { /* This is a placeholder. */ }",Unknown,This is a synthetic comment for dummy function 1100.,es,Este es un comentario sintético para la función ficticia 1100.,Synthetic,Generated_Data,this is a synthetic comment for dummy function 1100,este es un comentario sintético para la función ficticia 1100,"// Dummy code snippet <NUM>
void dummy_function_1100() { /* This is a placeholder. */ }"
DUMMY_1101,"// Dummy code snippet 1101
void dummy_function_1101() { /* This is a placeholder. */ }",Unknown,This is a synthetic comment for dummy function 1101.,ml,1101 ഡമ്മി ഫംഗ്ഷനായുള്ള സിന്തറ്റിക് അഭിപ്രായമാണിത്.,Synthetic,Generated_Data,this is a synthetic comment for dummy function 1101,1101 ഡമമ ഫഗഷനയളള സനതററക അഭപരയമണത,"// Dummy code snippet <NUM>
void dummy_function_1101() { /* This is a placeholder. */ }"
DUMMY_1102,"// Dummy code snippet 1102
void dummy_function_1102() { /* This is a placeholder. */ }",Unknown,This is a synthetic comment for dummy function 1102.,kn,ಇದು ಡಮ್ಮಿ ಫಂಕ್ಷನ್ 1102 ಗಾಗಿ ಸಂಶ್ಲೇಷಿತ ಕಾಮೆಂಟ್ ಆಗಿದೆ.,Synthetic,Generated_Data,this is a synthetic comment for dummy function 1102,ಇದ ಡಮಮ ಫಕಷನ 1102 ಗಗ ಸಶಲಷತ ಕಮಟ ಆಗದ,"// Dummy code snippet <NUM>
void dummy_function_1102() { /* This is a placeholder. */ }"
DUMMY_1103,"// Dummy code snippet 1103
void dummy_function_1103() { /* This is a placeholder. */ }",Unknown,This is a synthetic comment for dummy function 1103.,es,Este es un comentario sintético para la función ficticia 1103.,Synthetic,Generated_Data,this is a synthetic comment for dummy function 1103,este es un comentario sintético para la función ficticia 1103,"// Dummy code snippet <NUM>
void dummy_function_1103() { /* This is a placeholder. */ }"
DUMMY_1104,"// Dummy code snippet 1104
void dummy_function_1104() { /* This is a placeholder. */ }",Unknown,This is a synthetic comment for dummy function 1104.,fr,Ceci est un commentaire synthétique pour la fonction factice 1104.,Synthetic,Generated_Data,this is a synthetic comment for dummy function 1104,ceci est un commentaire synthétique pour la fonction factice 1104,"// Dummy code snippet <NUM>
void dummy_function_1104() { /* This is a placeholder. */ }"
DUMMY_1105,"// Dummy code snippet 1105
void dummy_function_1105() { /* This is a placeholder. */ }",Unknown,This is a synthetic comment for dummy function 1105.,ta,போலி செயல்பாடு 1105 க்கான செயற்கை கருத்து இது.,Synthetic,Generated_Data,this is a synthetic comment for dummy function 1105,பல சயலபட 1105 ககன சயறக கரதத இத,"// Dummy code snippet <NUM>
void dummy_function_1105() { /* This is a placeholder. */ }"
DUMMY_1106,"// Dummy code snippet 1106
void dummy_function_1106() { /* This is a placeholder. */ }",Unknown,This is a synthetic comment for dummy function 1106.,hi,यह डमी फ़ंक्शन 1106 के लिए एक सिंथेटिक टिप्पणी है।,Synthetic,Generated_Data,this is a synthetic comment for dummy function 1106,यह डम फकशन 1106 क लए एक सथटक टपपण ह,"// Dummy code snippet <NUM>
void dummy_function_1106() { /* This is a placeholder. */ }"
DUMMY_1107,"// Dummy code snippet 1107
void dummy_function_1107() { /* This is a placeholder. */ }",Unknown,This is a synthetic comment for dummy function 1107.,kn,ಇದು ಡಮ್ಮಿ ಫಂಕ್ಷನ್ 1107 ಗಾಗಿ ಸಂಶ್ಲೇಷಿತ ಕಾಮೆಂಟ್ ಆಗಿದೆ.,Synthetic,Generated_Data,this is a synthetic comment for dummy function 1107,ಇದ ಡಮಮ ಫಕಷನ 1107 ಗಗ ಸಶಲಷತ ಕಮಟ ಆಗದ,"// Dummy code snippet <NUM>
void dummy_function_1107() { /* This is a placeholder. */ }"
DUMMY_1108,"// Dummy code snippet 1108
void dummy_function_1108() { /* This is a placeholder. */ }",Unknown,This is a synthetic comment for dummy function 1108.,kn,ಡಮ್ಮಿ ಫಂಕ್ಷನ್ 1108 ಗಾಗಿ ಇದು ಸಂಶ್ಲೇಷಿತ ಕಾಮೆಂಟ್ ಆಗಿದೆ.,Synthetic,Generated_Data,this is a synthetic comment for dummy function 1108,ಡಮಮ ಫಕಷನ 1108 ಗಗ ಇದ ಸಶಲಷತ ಕಮಟ ಆಗದ,"// Dummy code snippet <NUM>
void dummy_function_1108() { /* This is a placeholder. */ }"
DUMMY_1109,"// Dummy code snippet 1109
void dummy_function_1109() { /* This is a placeholder. */ }",Unknown,This is a synthetic comment for dummy function 1109.,te,డమ్మీ ఫంక్షన్ 1109 కోసం ఇది సింథటిక్ వ్యాఖ్య.,Synthetic,Generated_Data,this is a synthetic comment for dummy function 1109,డమమ ఫకషన 1109 కస ఇద సథటక వయఖయ,"// Dummy code snippet <NUM>
void dummy_function_1109() { /* This is a placeholder. */ }"
DUMMY_1110,"// Dummy code snippet 1110
void dummy_function_1110() { /* This is a placeholder. */ }",Unknown,This is a synthetic comment for dummy function 1110.,te,ఇది డమ్మీ ఫంక్షన్ 1110 కోసం సింథటిక్ వ్యాఖ్య.,Synthetic,Generated_Data,this is a synthetic comment for dummy function 1110,ఇద డమమ ఫకషన 1110 కస సథటక వయఖయ,"// Dummy code snippet <NUM>
void dummy_function_1110() { /* This is a placeholder. */ }"
DUMMY_1111,"// Dummy code snippet 1111
void dummy_function_1111() { /* This is a placeholder. */ }",Unknown,This is a synthetic comment for dummy function 1111.,de,Dies ist ein synthetischer Kommentar für die Dummy -Funktion 1111.,Synthetic,Generated_Data,this is a synthetic comment for dummy function 1111,dies ist ein synthetischer kommentar für die dummy funktion 1111,"// Dummy code snippet <NUM>
void dummy_function_1111() { /* This is a placeholder. */ }"
DUMMY_1112,"// Dummy code snippet 1112
void dummy_function_1112() { /* This is a placeholder. */ }",Unknown,This is a synthetic comment for dummy function 1112.,ta,போலி செயல்பாடு 1112 க்கான செயற்கை கருத்து இது.,Synthetic,Generated_Data,this is a synthetic comment for dummy function 1112,பல சயலபட 1112 ககன சயறக கரதத இத,"// Dummy code snippet <NUM>
void dummy_function_1112() { /* This is a placeholder. */ }"
DUMMY_1113,"// Dummy code snippet 1113
void dummy_function_1113() { /* This is a placeholder. */ }",Unknown,This is a synthetic comment for dummy function 1113.,es,Este es un comentario sintético para la función ficticia 1113.,Synthetic,Generated_Data,this is a synthetic comment for dummy function 1113,este es un comentario sintético para la función ficticia 1113,"// Dummy code snippet <NUM>
void dummy_function_1113() { /* This is a placeholder. */ }"
DUMMY_1114,"// Dummy code snippet 1114
void dummy_function_1114() { /* This is a placeholder. */ }",Unknown,This is a synthetic comment for dummy function 1114.,en,This is a synthetic comment for dummy function 1114.,Synthetic,Generated_Data,this is a synthetic comment for dummy function 1114,this is a synthetic comment for dummy function 1114,"// Dummy code snippet <NUM>
void dummy_function_1114() { /* This is a placeholder. */ }"
DUMMY_1115,"// Dummy code snippet 1115
void dummy_function_1115() { /* This is a placeholder. */ }",Unknown,This is a synthetic comment for dummy function 1115.,it,Questo è un commento sintetico per la funzione fittizia 1115.,Synthetic,Generated_Data,this is a synthetic comment for dummy function 1115,questo è un commento sintetico per la funzione fittizia 1115,"// Dummy code snippet <NUM>
void dummy_function_1115() { /* This is a placeholder. */ }"
DUMMY_1116,"// Dummy code snippet 1116
void dummy_function_1116() { /* This is a placeholder. */ }",Unknown,This is a synthetic comment for dummy function 1116.,fr,Ceci est un commentaire synthétique pour la fonction factice 1116.,Synthetic,Generated_Data,this is a synthetic comment for dummy function 1116,ceci est un commentaire synthétique pour la fonction factice 1116,"// Dummy code snippet <NUM>
void dummy_function_1116() { /* This is a placeholder. */ }"
DUMMY_1117,"// Dummy code snippet 1117
void dummy_function_1117() { /* This is a placeholder. */ }",Unknown,This is a synthetic comment for dummy function 1117.,fr,Ceci est un commentaire synthétique pour la fonction factice 1117.,Synthetic,Generated_Data,this is a synthetic comment for dummy function 1117,ceci est un commentaire synthétique pour la fonction factice 1117,"// Dummy code snippet <NUM>
void dummy_function_1117() { /* This is a placeholder. */ }"
DUMMY_1118,"// Dummy code snippet 1118
void dummy_function_1118() { /* This is a placeholder. */ }",Unknown,This is a synthetic comment for dummy function 1118.,it,Questo è un commento sintetico per la funzione fittizia 1118.,Synthetic,Generated_Data,this is a synthetic comment for dummy function 1118,questo è un commento sintetico per la funzione fittizia 1118,"// Dummy code snippet <NUM>
void dummy_function_1118() { /* This is a placeholder. */ }"
DUMMY_1119,"// Dummy code snippet 1119
void dummy_function_1119() { /* This is a placeholder. */ }",Unknown,This is a synthetic comment for dummy function 1119.,en,This is a synthetic comment for dummy function 1119.,Synthetic,Generated_Data,this is a synthetic comment for dummy function 1119,this is a synthetic comment for dummy function 1119,"// Dummy code snippet <NUM>
void dummy_function_1119() { /* This is a placeholder. */ }"
DUMMY_1120,"// Dummy code snippet 1120
void dummy_function_1120() { /* This is a placeholder. */ }",Unknown,This is a synthetic comment for dummy function 1120.,hi,यह डमी फ़ंक्शन 1120 के लिए एक सिंथेटिक टिप्पणी है।,Synthetic,Generated_Data,this is a synthetic comment for dummy function 1120,यह डम फकशन 1120 क लए एक सथटक टपपण ह,"// Dummy code snippet <NUM>
void dummy_function_1120() { /* This is a placeholder. */ }"
DUMMY_1121,"// Dummy code snippet 1121
void dummy_function_1121() { /* This is a placeholder. */ }",Unknown,This is a synthetic comment for dummy function 1121.,kn,ಡಮ್ಮಿ ಫಂಕ್ಷನ್ 1121 ಗಾಗಿ ಇದು ಸಂಶ್ಲೇಷಿತ ಕಾಮೆಂಟ್ ಆಗಿದೆ.,Synthetic,Generated_Data,this is a synthetic comment for dummy function 1121,ಡಮಮ ಫಕಷನ 1121 ಗಗ ಇದ ಸಶಲಷತ ಕಮಟ ಆಗದ,"// Dummy code snippet <NUM>
void dummy_function_1121() { /* This is a placeholder. */ }"
DUMMY_1122,"// Dummy code snippet 1122
void dummy_function_1122() { /* This is a placeholder. */ }",Unknown,This is a synthetic comment for dummy function 1122.,te,ఇది డమ్మీ ఫంక్షన్ 1122 కోసం సింథటిక్ వ్యాఖ్య.,Synthetic,Generated_Data,this is a synthetic comment for dummy function 1122,ఇద డమమ ఫకషన 1122 కస సథటక వయఖయ,"// Dummy code snippet <NUM>
void dummy_function_1122() { /* This is a placeholder. */ }"
DUMMY_1123,"// Dummy code snippet 1123
void dummy_function_1123() { /* This is a placeholder. */ }",Unknown,This is a synthetic comment for dummy function 1123.,ml,1123 ഡമ്മി ഫംഗ്ഷനുള്ള ഒരു സിന്തറ്റിക് അഭിപ്രായമാണിത്.,Synthetic,Generated_Data,this is a synthetic comment for dummy function 1123,1123 ഡമമ ഫഗഷനളള ഒര സനതററക അഭപരയമണത,"// Dummy code snippet <NUM>
void dummy_function_1123() { /* This is a placeholder. */ }"
DUMMY_1124,"// Dummy code snippet 1124
void dummy_function_1124() { /* This is a placeholder. */ }",Unknown,This is a synthetic comment for dummy function 1124.,te,డమ్మీ ఫంక్షన్ 1124 కోసం ఇది సింథటిక్ వ్యాఖ్య.,Synthetic,Generated_Data,this is a synthetic comment for dummy function 1124,డమమ ఫకషన 1124 కస ఇద సథటక వయఖయ,"// Dummy code snippet <NUM>
void dummy_function_1124() { /* This is a placeholder. */ }"
DUMMY_1125,"// Dummy code snippet 1125
void dummy_function_1125() { /* This is a placeholder. */ }",Unknown,This is a synthetic comment for dummy function 1125.,it,Questo è un commento sintetico per la funzione fittizia 1125.,Synthetic,Generated_Data,this is a synthetic comment for dummy function 1125,questo è un commento sintetico per la funzione fittizia 1125,"// Dummy code snippet <NUM>
void dummy_function_1125() { /* This is a placeholder. */ }"
DUMMY_1126,"// Dummy code snippet 1126
void dummy_function_1126() { /* This is a placeholder. */ }",Unknown,This is a synthetic comment for dummy function 1126.,te,ఇది డమ్మీ ఫంక్షన్ 1126 కోసం సింథటిక్ వ్యాఖ్య.,Synthetic,Generated_Data,this is a synthetic comment for dummy function 1126,ఇద డమమ ఫకషన 1126 కస సథటక వయఖయ,"// Dummy code snippet <NUM>
void dummy_function_1126() { /* This is a placeholder. */ }"
DUMMY_1127,"// Dummy code snippet 1127
void dummy_function_1127() { /* This is a placeholder. */ }",Unknown,This is a synthetic comment for dummy function 1127.,ml,1127 ഡമ്മി ഫംഗ്ഷനുള്ള ഒരു സിന്തറ്റിക് അഭിപ്രായമാണിത്.,Synthetic,Generated_Data,this is a synthetic comment for dummy function 1127,1127 ഡമമ ഫഗഷനളള ഒര സനതററക അഭപരയമണത,"// Dummy code snippet <NUM>
void dummy_function_1127() { /* This is a placeholder. */ }"
DUMMY_1128,"// Dummy code snippet 1128
void dummy_function_1128() { /* This is a placeholder. */ }",Unknown,This is a synthetic comment for dummy function 1128.,en,This is a synthetic comment for dummy function 1128.,Synthetic,Generated_Data,this is a synthetic comment for dummy function 1128,this is a synthetic comment for dummy function 1128,"// Dummy code snippet <NUM>
void dummy_function_1128() { /* This is a placeholder. */ }"
DUMMY_1129,"// Dummy code snippet 1129
void dummy_function_1129() { /* This is a placeholder. */ }",Unknown,This is a synthetic comment for dummy function 1129.,hi,यह डमी फ़ंक्शन 1129 के लिए एक सिंथेटिक टिप्पणी है।,Synthetic,Generated_Data,this is a synthetic comment for dummy function 1129,यह डम फकशन 1129 क लए एक सथटक टपपण ह,"// Dummy code snippet <NUM>
void dummy_function_1129() { /* This is a placeholder. */ }"
DUMMY_1130,"// Dummy code snippet 1130
void dummy_function_1130() { /* This is a placeholder. */ }",Unknown,This is a synthetic comment for dummy function 1130.,es,Este es un comentario sintético para la función ficticia 1130.,Synthetic,Generated_Data,this is a synthetic comment for dummy function 1130,este es un comentario sintético para la función ficticia 1130,"// Dummy code snippet <NUM>
void dummy_function_1130() { /* This is a placeholder. */ }"
DUMMY_1131,"// Dummy code snippet 1131
void dummy_function_1131() { /* This is a placeholder. */ }",Unknown,This is a synthetic comment for dummy function 1131.,kn,ಡಮ್ಮಿ ಫಂಕ್ಷನ್ 1131 ಗಾಗಿ ಇದು ಸಂಶ್ಲೇಷಿತ ಕಾಮೆಂಟ್ ಆಗಿದೆ.,Synthetic,Generated_Data,this is a synthetic comment for dummy function 1131,ಡಮಮ ಫಕಷನ 1131 ಗಗ ಇದ ಸಶಲಷತ ಕಮಟ ಆಗದ,"// Dummy code snippet <NUM>
void dummy_function_1131() { /* This is a placeholder. */ }"
DUMMY_1132,"// Dummy code snippet 1132
void dummy_function_1132() { /* This is a placeholder. */ }",Unknown,This is a synthetic comment for dummy function 1132.,ml,1132 ഡമ്മി ഫംഗ്ഷനായുള്ള സിന്തറ്റിക് അഭിപ്രായമാണിത്.,Synthetic,Generated_Data,this is a synthetic comment for dummy function 1132,1132 ഡമമ ഫഗഷനയളള സനതററക അഭപരയമണത,"// Dummy code snippet <NUM>
void dummy_function_1132() { /* This is a placeholder. */ }"
DUMMY_1133,"// Dummy code snippet 1133
void dummy_function_1133() { /* This is a placeholder. */ }",Unknown,This is a synthetic comment for dummy function 1133.,fr,Ceci est un commentaire synthétique pour la fonction factice 1133.,Synthetic,Generated_Data,this is a synthetic comment for dummy function 1133,ceci est un commentaire synthétique pour la fonction factice 1133,"// Dummy code snippet <NUM>
void dummy_function_1133() { /* This is a placeholder. */ }"
DUMMY_1134,"// Dummy code snippet 1134
void dummy_function_1134() { /* This is a placeholder. */ }",Unknown,This is a synthetic comment for dummy function 1134.,es,Este es un comentario sintético para la función ficticia 1134.,Synthetic,Generated_Data,this is a synthetic comment for dummy function 1134,este es un comentario sintético para la función ficticia 1134,"// Dummy code snippet <NUM>
void dummy_function_1134() { /* This is a placeholder. */ }"
DUMMY_1135,"// Dummy code snippet 1135
void dummy_function_1135() { /* This is a placeholder. */ }",Unknown,This is a synthetic comment for dummy function 1135.,ta,போலி செயல்பாடு 1135 க்கான செயற்கை கருத்து இது.,Synthetic,Generated_Data,this is a synthetic comment for dummy function 1135,பல சயலபட 1135 ககன சயறக கரதத இத,"// Dummy code snippet <NUM>
void dummy_function_1135() { /* This is a placeholder. */ }"
DUMMY_1136,"// Dummy code snippet 1136
void dummy_function_1136() { /* This is a placeholder. */ }",Unknown,This is a synthetic comment for dummy function 1136.,de,Dies ist ein synthetischer Kommentar für die Dummy -Funktion 1136.,Synthetic,Generated_Data,this is a synthetic comment for dummy function 1136,dies ist ein synthetischer kommentar für die dummy funktion 1136,"// Dummy code snippet <NUM>
void dummy_function_1136() { /* This is a placeholder. */ }"
DUMMY_1137,"// Dummy code snippet 1137
void dummy_function_1137() { /* This is a placeholder. */ }",Unknown,This is a synthetic comment for dummy function 1137.,kn,ಇದು ಡಮ್ಮಿ ಫಂಕ್ಷನ್ 1137 ಗಾಗಿ ಸಂಶ್ಲೇಷಿತ ಕಾಮೆಂಟ್ ಆಗಿದೆ.,Synthetic,Generated_Data,this is a synthetic comment for dummy function 1137,ಇದ ಡಮಮ ಫಕಷನ 1137 ಗಗ ಸಶಲಷತ ಕಮಟ ಆಗದ,"// Dummy code snippet <NUM>
void dummy_function_1137() { /* This is a placeholder. */ }"
DUMMY_1138,"// Dummy code snippet 1138
void dummy_function_1138() { /* This is a placeholder. */ }",Unknown,This is a synthetic comment for dummy function 1138.,kn,ಡಮ್ಮಿ ಫಂಕ್ಷನ್ 1138 ಗಾಗಿ ಇದು ಸಂಶ್ಲೇಷಿತ ಕಾಮೆಂಟ್ ಆಗಿದೆ.,Synthetic,Generated_Data,this is a synthetic comment for dummy function 1138,ಡಮಮ ಫಕಷನ 1138 ಗಗ ಇದ ಸಶಲಷತ ಕಮಟ ಆಗದ,"// Dummy code snippet <NUM>
void dummy_function_1138() { /* This is a placeholder. */ }"
DUMMY_1139,"// Dummy code snippet 1139
void dummy_function_1139() { /* This is a placeholder. */ }",Unknown,This is a synthetic comment for dummy function 1139.,it,Questo è un commento sintetico per la funzione fittizia 1139.,Synthetic,Generated_Data,this is a synthetic comment for dummy function 1139,questo è un commento sintetico per la funzione fittizia 1139,"// Dummy code snippet <NUM>
void dummy_function_1139() { /* This is a placeholder. */ }"
DUMMY_1140,"// Dummy code snippet 1140
void dummy_function_1140() { /* This is a placeholder. */ }",Unknown,This is a synthetic comment for dummy function 1140.,ml,1140 ഡമ്മി ഫംഗ്ഷനുള്ള ഒരു സിന്തറ്റിക് അഭിപ്രായമാണിത്.,Synthetic,Generated_Data,this is a synthetic comment for dummy function 1140,1140 ഡമമ ഫഗഷനളള ഒര സനതററക അഭപരയമണത,"// Dummy code snippet <NUM>
void dummy_function_1140() { /* This is a placeholder. */ }"
DUMMY_1141,"// Dummy code snippet 1141
void dummy_function_1141() { /* This is a placeholder. */ }",Unknown,This is a synthetic comment for dummy function 1141.,hi,यह डमी फ़ंक्शन 1141 के लिए एक सिंथेटिक टिप्पणी है।,Synthetic,Generated_Data,this is a synthetic comment for dummy function 1141,यह डम फकशन 1141 क लए एक सथटक टपपण ह,"// Dummy code snippet <NUM>
void dummy_function_1141() { /* This is a placeholder. */ }"
DUMMY_1142,"// Dummy code snippet 1142
void dummy_function_1142() { /* This is a placeholder. */ }",Unknown,This is a synthetic comment for dummy function 1142.,ta,போலி செயல்பாடு 1142 க்கான செயற்கை கருத்து இது.,Synthetic,Generated_Data,this is a synthetic comment for dummy function 1142,பல சயலபட 1142 ககன சயறக கரதத இத,"// Dummy code snippet <NUM>
void dummy_function_1142() { /* This is a placeholder. */ }"
DUMMY_1143,"// Dummy code snippet 1143
void dummy_function_1143() { /* This is a placeholder. */ }",Unknown,This is a synthetic comment for dummy function 1143.,te,డమ్మీ ఫంక్షన్ 1143 కోసం ఇది సింథటిక్ వ్యాఖ్య.,Synthetic,Generated_Data,this is a synthetic comment for dummy function 1143,డమమ ఫకషన 1143 కస ఇద సథటక వయఖయ,"// Dummy code snippet <NUM>
void dummy_function_1143() { /* This is a placeholder. */ }"
DUMMY_1144,"// Dummy code snippet 1144
void dummy_function_1144() { /* This is a placeholder. */ }",Unknown,This is a synthetic comment for dummy function 1144.,it,Questo è un commento sintetico per la funzione fittizia 1144.,Synthetic,Generated_Data,this is a synthetic comment for dummy function 1144,questo è un commento sintetico per la funzione fittizia 1144,"// Dummy code snippet <NUM>
void dummy_function_1144() { /* This is a placeholder. */ }"
DUMMY_1145,"// Dummy code snippet 1145
void dummy_function_1145() { /* This is a placeholder. */ }",Unknown,This is a synthetic comment for dummy function 1145.,es,Este es un comentario sintético para la función ficticia 1145.,Synthetic,Generated_Data,this is a synthetic comment for dummy function 1145,este es un comentario sintético para la función ficticia 1145,"// Dummy code snippet <NUM>
void dummy_function_1145() { /* This is a placeholder. */ }"
DUMMY_1146,"// Dummy code snippet 1146
void dummy_function_1146() { /* This is a placeholder. */ }",Unknown,This is a synthetic comment for dummy function 1146.,de,Dies ist ein synthetischer Kommentar für die Dummy -Funktion 1146.,Synthetic,Generated_Data,this is a synthetic comment for dummy function 1146,dies ist ein synthetischer kommentar für die dummy funktion 1146,"// Dummy code snippet <NUM>
void dummy_function_1146() { /* This is a placeholder. */ }"
DUMMY_1147,"// Dummy code snippet 1147
void dummy_function_1147() { /* This is a placeholder. */ }",Unknown,This is a synthetic comment for dummy function 1147.,te,ఇది డమ్మీ ఫంక్షన్ 1147 కోసం సింథటిక్ వ్యాఖ్య.,Synthetic,Generated_Data,this is a synthetic comment for dummy function 1147,ఇద డమమ ఫకషన 1147 కస సథటక వయఖయ,"// Dummy code snippet <NUM>
void dummy_function_1147() { /* This is a placeholder. */ }"
DUMMY_1148,"// Dummy code snippet 1148
void dummy_function_1148() { /* This is a placeholder. */ }",Unknown,This is a synthetic comment for dummy function 1148.,kn,ಇದು ಡಮ್ಮಿ ಫಂಕ್ಷನ್ 1148 ಗಾಗಿ ಸಂಶ್ಲೇಷಿತ ಕಾಮೆಂಟ್ ಆಗಿದೆ.,Synthetic,Generated_Data,this is a synthetic comment for dummy function 1148,ಇದ ಡಮಮ ಫಕಷನ 1148 ಗಗ ಸಶಲಷತ ಕಮಟ ಆಗದ,"// Dummy code snippet <NUM>
void dummy_function_1148() { /* This is a placeholder. */ }"
DUMMY_1149,"// Dummy code snippet 1149
void dummy_function_1149() { /* This is a placeholder. */ }",Unknown,This is a synthetic comment for dummy function 1149.,te,ఇది డమ్మీ ఫంక్షన్ 1149 కోసం సింథటిక్ వ్యాఖ్య.,Synthetic,Generated_Data,this is a synthetic comment for dummy function 1149,ఇద డమమ ఫకషన 1149 కస సథటక వయఖయ,"// Dummy code snippet <NUM>
void dummy_function_1149() { /* This is a placeholder. */ }"
DUMMY_1150,"// Dummy code snippet 1150
void dummy_function_1150() { /* This is a placeholder. */ }",Unknown,This is a synthetic comment for dummy function 1150.,de,Dies ist ein synthetischer Kommentar für die Dummy -Funktion 1150.,Synthetic,Generated_Data,this is a synthetic comment for dummy function 1150,dies ist ein synthetischer kommentar für die dummy funktion 1150,"// Dummy code snippet <NUM>
void dummy_function_1150() { /* This is a placeholder. */ }"
DUMMY_1151,"// Dummy code snippet 1151
void dummy_function_1151() { /* This is a placeholder. */ }",Unknown,This is a synthetic comment for dummy function 1151.,kn,ಇದು ಡಮ್ಮಿ ಫಂಕ್ಷನ್ 1151 ಗಾಗಿ ಸಂಶ್ಲೇಷಿತ ಕಾಮೆಂಟ್ ಆಗಿದೆ.,Synthetic,Generated_Data,this is a synthetic comment for dummy function 1151,ಇದ ಡಮಮ ಫಕಷನ 1151 ಗಗ ಸಶಲಷತ ಕಮಟ ಆಗದ,"// Dummy code snippet <NUM>
void dummy_function_1151() { /* This is a placeholder. */ }"
DUMMY_1152,"// Dummy code snippet 1152
void dummy_function_1152() { /* This is a placeholder. */ }",Unknown,This is a synthetic comment for dummy function 1152.,de,Dies ist ein synthetischer Kommentar für die Dummy -Funktion 1152.,Synthetic,Generated_Data,this is a synthetic comment for dummy function 1152,dies ist ein synthetischer kommentar für die dummy funktion 1152,"// Dummy code snippet <NUM>
void dummy_function_1152() { /* This is a placeholder. */ }"
DUMMY_1153,"// Dummy code snippet 1153
void dummy_function_1153() { /* This is a placeholder. */ }",Unknown,This is a synthetic comment for dummy function 1153.,fr,Ceci est un commentaire synthétique pour la fonction factice 1153.,Synthetic,Generated_Data,this is a synthetic comment for dummy function 1153,ceci est un commentaire synthétique pour la fonction factice 1153,"// Dummy code snippet <NUM>
void dummy_function_1153() { /* This is a placeholder. */ }"
DUMMY_1154,"// Dummy code snippet 1154
void dummy_function_1154() { /* This is a placeholder. */ }",Unknown,This is a synthetic comment for dummy function 1154.,de,Dies ist ein synthetischer Kommentar für die Dummy -Funktion 1154.,Synthetic,Generated_Data,this is a synthetic comment for dummy function 1154,dies ist ein synthetischer kommentar für die dummy funktion 1154,"// Dummy code snippet <NUM>
void dummy_function_1154() { /* This is a placeholder. */ }"
DUMMY_1155,"// Dummy code snippet 1155
void dummy_function_1155() { /* This is a placeholder. */ }",Unknown,This is a synthetic comment for dummy function 1155.,de,Dies ist ein synthetischer Kommentar für die Dummy -Funktion 1155.,Synthetic,Generated_Data,this is a synthetic comment for dummy function 1155,dies ist ein synthetischer kommentar für die dummy funktion 1155,"// Dummy code snippet <NUM>
void dummy_function_1155() { /* This is a placeholder. */ }"
DUMMY_1156,"// Dummy code snippet 1156
void dummy_function_1156() { /* This is a placeholder. */ }",Unknown,This is a synthetic comment for dummy function 1156.,es,Este es un comentario sintético para la función ficticia 1156.,Synthetic,Generated_Data,this is a synthetic comment for dummy function 1156,este es un comentario sintético para la función ficticia 1156,"// Dummy code snippet <NUM>
void dummy_function_1156() { /* This is a placeholder. */ }"
DUMMY_1157,"// Dummy code snippet 1157
void dummy_function_1157() { /* This is a placeholder. */ }",Unknown,This is a synthetic comment for dummy function 1157.,ta,போலி செயல்பாடு 1157 க்கான செயற்கை கருத்து இது.,Synthetic,Generated_Data,this is a synthetic comment for dummy function 1157,பல சயலபட 1157 ககன சயறக கரதத இத,"// Dummy code snippet <NUM>
void dummy_function_1157() { /* This is a placeholder. */ }"
DUMMY_1158,"// Dummy code snippet 1158
void dummy_function_1158() { /* This is a placeholder. */ }",Unknown,This is a synthetic comment for dummy function 1158.,te,ఇది డమ్మీ ఫంక్షన్ 1158 కోసం సింథటిక్ వ్యాఖ్య.,Synthetic,Generated_Data,this is a synthetic comment for dummy function 1158,ఇద డమమ ఫకషన 1158 కస సథటక వయఖయ,"// Dummy code snippet <NUM>
void dummy_function_1158() { /* This is a placeholder. */ }"
DUMMY_1159,"// Dummy code snippet 1159
void dummy_function_1159() { /* This is a placeholder. */ }",Unknown,This is a synthetic comment for dummy function 1159.,es,Este es un comentario sintético para la función ficticia 1159.,Synthetic,Generated_Data,this is a synthetic comment for dummy function 1159,este es un comentario sintético para la función ficticia 1159,"// Dummy code snippet <NUM>
void dummy_function_1159() { /* This is a placeholder. */ }"
DUMMY_1160,"// Dummy code snippet 1160
void dummy_function_1160() { /* This is a placeholder. */ }",Unknown,This is a synthetic comment for dummy function 1160.,fr,Ceci est un commentaire synthétique pour la fonction factice 1160.,Synthetic,Generated_Data,this is a synthetic comment for dummy function 1160,ceci est un commentaire synthétique pour la fonction factice 1160,"// Dummy code snippet <NUM>
void dummy_function_1160() { /* This is a placeholder. */ }"
DUMMY_1161,"// Dummy code snippet 1161
void dummy_function_1161() { /* This is a placeholder. */ }",Unknown,This is a synthetic comment for dummy function 1161.,kn,ಇದು ಡಮ್ಮಿ ಫಂಕ್ಷನ್ 1161 ಗಾಗಿ ಸಂಶ್ಲೇಷಿತ ಕಾಮೆಂಟ್ ಆಗಿದೆ.,Synthetic,Generated_Data,this is a synthetic comment for dummy function 1161,ಇದ ಡಮಮ ಫಕಷನ 1161 ಗಗ ಸಶಲಷತ ಕಮಟ ಆಗದ,"// Dummy code snippet <NUM>
void dummy_function_1161() { /* This is a placeholder. */ }"
DUMMY_1162,"// Dummy code snippet 1162
void dummy_function_1162() { /* This is a placeholder. */ }",Unknown,This is a synthetic comment for dummy function 1162.,en,This is a synthetic comment for dummy function 1162.,Synthetic,Generated_Data,this is a synthetic comment for dummy function 1162,this is a synthetic comment for dummy function 1162,"// Dummy code snippet <NUM>
void dummy_function_1162() { /* This is a placeholder. */ }"
DUMMY_1163,"// Dummy code snippet 1163
void dummy_function_1163() { /* This is a placeholder. */ }",Unknown,This is a synthetic comment for dummy function 1163.,kn,ಡಮ್ಮಿ ಫಂಕ್ಷನ್ 1163 ಗಾಗಿ ಇದು ಸಂಶ್ಲೇಷಿತ ಕಾಮೆಂಟ್ ಆಗಿದೆ.,Synthetic,Generated_Data,this is a synthetic comment for dummy function 1163,ಡಮಮ ಫಕಷನ 1163 ಗಗ ಇದ ಸಶಲಷತ ಕಮಟ ಆಗದ,"// Dummy code snippet <NUM>
void dummy_function_1163() { /* This is a placeholder. */ }"
DUMMY_1164,"// Dummy code snippet 1164
void dummy_function_1164() { /* This is a placeholder. */ }",Unknown,This is a synthetic comment for dummy function 1164.,ml,1164 ഡമ്മി ഫംഗ്ഷനുള്ള ഒരു സിന്തറ്റിക് അഭിപ്രായമാണിത്.,Synthetic,Generated_Data,this is a synthetic comment for dummy function 1164,1164 ഡമമ ഫഗഷനളള ഒര സനതററക അഭപരയമണത,"// Dummy code snippet <NUM>
void dummy_function_1164() { /* This is a placeholder. */ }"
DUMMY_1165,"// Dummy code snippet 1165
void dummy_function_1165() { /* This is a placeholder. */ }",Unknown,This is a synthetic comment for dummy function 1165.,es,Este es un comentario sintético para la función ficticia 1165.,Synthetic,Generated_Data,this is a synthetic comment for dummy function 1165,este es un comentario sintético para la función ficticia 1165,"// Dummy code snippet <NUM>
void dummy_function_1165() { /* This is a placeholder. */ }"
DUMMY_1166,"// Dummy code snippet 1166
void dummy_function_1166() { /* This is a placeholder. */ }",Unknown,This is a synthetic comment for dummy function 1166.,ta,போலி செயல்பாடு 1166 க்கான செயற்கை கருத்து இது.,Synthetic,Generated_Data,this is a synthetic comment for dummy function 1166,பல சயலபட 1166 ககன சயறக கரதத இத,"// Dummy code snippet <NUM>
void dummy_function_1166() { /* This is a placeholder. */ }"
DUMMY_1167,"// Dummy code snippet 1167
void dummy_function_1167() { /* This is a placeholder. */ }",Unknown,This is a synthetic comment for dummy function 1167.,it,Questo è un commento sintetico per la funzione fittizia 1167.,Synthetic,Generated_Data,this is a synthetic comment for dummy function 1167,questo è un commento sintetico per la funzione fittizia 1167,"// Dummy code snippet <NUM>
void dummy_function_1167() { /* This is a placeholder. */ }"
DUMMY_1168,"// Dummy code snippet 1168
void dummy_function_1168() { /* This is a placeholder. */ }",Unknown,This is a synthetic comment for dummy function 1168.,de,Dies ist ein synthetischer Kommentar für die Dummy -Funktion 1168.,Synthetic,Generated_Data,this is a synthetic comment for dummy function 1168,dies ist ein synthetischer kommentar für die dummy funktion 1168,"// Dummy code snippet <NUM>
void dummy_function_1168() { /* This is a placeholder. */ }"
DUMMY_1169,"// Dummy code snippet 1169
void dummy_function_1169() { /* This is a placeholder. */ }",Unknown,This is a synthetic comment for dummy function 1169.,ml,1169 ഡമ്മി ഫംഗ്ഷനായുള്ള സിന്തറ്റിക് അഭിപ്രായമാണിത്.,Synthetic,Generated_Data,this is a synthetic comment for dummy function 1169,1169 ഡമമ ഫഗഷനയളള സനതററക അഭപരയമണത,"// Dummy code snippet <NUM>
void dummy_function_1169() { /* This is a placeholder. */ }"
DUMMY_1170,"// Dummy code snippet 1170
void dummy_function_1170() { /* This is a placeholder. */ }",Unknown,This is a synthetic comment for dummy function 1170.,en,This is a synthetic comment for dummy function 1170.,Synthetic,Generated_Data,this is a synthetic comment for dummy function 1170,this is a synthetic comment for dummy function 1170,"// Dummy code snippet <NUM>
void dummy_function_1170() { /* This is a placeholder. */ }"
DUMMY_1171,"// Dummy code snippet 1171
void dummy_function_1171() { /* This is a placeholder. */ }",Unknown,This is a synthetic comment for dummy function 1171.,te,డమ్మీ ఫంక్షన్ 1171 కోసం ఇది సింథటిక్ వ్యాఖ్య.,Synthetic,Generated_Data,this is a synthetic comment for dummy function 1171,డమమ ఫకషన 1171 కస ఇద సథటక వయఖయ,"// Dummy code snippet <NUM>
void dummy_function_1171() { /* This is a placeholder. */ }"
DUMMY_1172,"// Dummy code snippet 1172
void dummy_function_1172() { /* This is a placeholder. */ }",Unknown,This is a synthetic comment for dummy function 1172.,hi,यह डमी फ़ंक्शन 1172 के लिए एक सिंथेटिक टिप्पणी है।,Synthetic,Generated_Data,this is a synthetic comment for dummy function 1172,यह डम फकशन 1172 क लए एक सथटक टपपण ह,"// Dummy code snippet <NUM>
void dummy_function_1172() { /* This is a placeholder. */ }"
DUMMY_1173,"// Dummy code snippet 1173
void dummy_function_1173() { /* This is a placeholder. */ }",Unknown,This is a synthetic comment for dummy function 1173.,ta,போலி செயல்பாடு 1173 க்கான செயற்கை கருத்து இது.,Synthetic,Generated_Data,this is a synthetic comment for dummy function 1173,பல சயலபட 1173 ககன சயறக கரதத இத,"// Dummy code snippet <NUM>
void dummy_function_1173() { /* This is a placeholder. */ }"
DUMMY_1174,"// Dummy code snippet 1174
void dummy_function_1174() { /* This is a placeholder. */ }",Unknown,This is a synthetic comment for dummy function 1174.,it,Questo è un commento sintetico per la funzione fittizia 1174.,Synthetic,Generated_Data,this is a synthetic comment for dummy function 1174,questo è un commento sintetico per la funzione fittizia 1174,"// Dummy code snippet <NUM>
void dummy_function_1174() { /* This is a placeholder. */ }"
DUMMY_1175,"// Dummy code snippet 1175
void dummy_function_1175() { /* This is a placeholder. */ }",Unknown,This is a synthetic comment for dummy function 1175.,fr,Ceci est un commentaire synthétique pour la fonction factice 1175.,Synthetic,Generated_Data,this is a synthetic comment for dummy function 1175,ceci est un commentaire synthétique pour la fonction factice 1175,"// Dummy code snippet <NUM>
void dummy_function_1175() { /* This is a placeholder. */ }"
DUMMY_1176,"// Dummy code snippet 1176
void dummy_function_1176() { /* This is a placeholder. */ }",Unknown,This is a synthetic comment for dummy function 1176.,it,Questo è un commento sintetico per la funzione fittizia 1176.,Synthetic,Generated_Data,this is a synthetic comment for dummy function 1176,questo è un commento sintetico per la funzione fittizia 1176,"// Dummy code snippet <NUM>
void dummy_function_1176() { /* This is a placeholder. */ }"
DUMMY_1177,"// Dummy code snippet 1177
void dummy_function_1177() { /* This is a placeholder. */ }",Unknown,This is a synthetic comment for dummy function 1177.,es,Este es un comentario sintético para la función ficticia 1177.,Synthetic,Generated_Data,this is a synthetic comment for dummy function 1177,este es un comentario sintético para la función ficticia 1177,"// Dummy code snippet <NUM>
void dummy_function_1177() { /* This is a placeholder. */ }"
DUMMY_1178,"// Dummy code snippet 1178
void dummy_function_1178() { /* This is a placeholder. */ }",Unknown,This is a synthetic comment for dummy function 1178.,ml,1178 ഡമ്മി ഫംഗ്ഷനുള്ള ഒരു സിന്തറ്റിക് അഭിപ്രായമാണിത്.,Synthetic,Generated_Data,this is a synthetic comment for dummy function 1178,1178 ഡമമ ഫഗഷനളള ഒര സനതററക അഭപരയമണത,"// Dummy code snippet <NUM>
void dummy_function_1178() { /* This is a placeholder. */ }"
DUMMY_1179,"// Dummy code snippet 1179
void dummy_function_1179() { /* This is a placeholder. */ }",Unknown,This is a synthetic comment for dummy function 1179.,te,డమ్మీ ఫంక్షన్ 1179 కోసం ఇది సింథటిక్ వ్యాఖ్య.,Synthetic,Generated_Data,this is a synthetic comment for dummy function 1179,డమమ ఫకషన 1179 కస ఇద సథటక వయఖయ,"// Dummy code snippet <NUM>
void dummy_function_1179() { /* This is a placeholder. */ }"
DUMMY_1180,"// Dummy code snippet 1180
void dummy_function_1180() { /* This is a placeholder. */ }",Unknown,This is a synthetic comment for dummy function 1180.,de,Dies ist ein synthetischer Kommentar für die Dummy -Funktion 1180.,Synthetic,Generated_Data,this is a synthetic comment for dummy function 1180,dies ist ein synthetischer kommentar für die dummy funktion 1180,"// Dummy code snippet <NUM>
void dummy_function_1180() { /* This is a placeholder. */ }"
DUMMY_1181,"// Dummy code snippet 1181
void dummy_function_1181() { /* This is a placeholder. */ }",Unknown,This is a synthetic comment for dummy function 1181.,en,This is a synthetic comment for dummy function 1181.,Synthetic,Generated_Data,this is a synthetic comment for dummy function 1181,this is a synthetic comment for dummy function 1181,"// Dummy code snippet <NUM>
void dummy_function_1181() { /* This is a placeholder. */ }"
DUMMY_1182,"// Dummy code snippet 1182
void dummy_function_1182() { /* This is a placeholder. */ }",Unknown,This is a synthetic comment for dummy function 1182.,kn,ಇದು ಡಮ್ಮಿ ಫಂಕ್ಷನ್ 1182 ಗಾಗಿ ಸಂಶ್ಲೇಷಿತ ಕಾಮೆಂಟ್ ಆಗಿದೆ.,Synthetic,Generated_Data,this is a synthetic comment for dummy function 1182,ಇದ ಡಮಮ ಫಕಷನ 1182 ಗಗ ಸಶಲಷತ ಕಮಟ ಆಗದ,"// Dummy code snippet <NUM>
void dummy_function_1182() { /* This is a placeholder. */ }"
DUMMY_1183,"// Dummy code snippet 1183
void dummy_function_1183() { /* This is a placeholder. */ }",Unknown,This is a synthetic comment for dummy function 1183.,en,This is a synthetic comment for dummy function 1183.,Synthetic,Generated_Data,this is a synthetic comment for dummy function 1183,this is a synthetic comment for dummy function 1183,"// Dummy code snippet <NUM>
void dummy_function_1183() { /* This is a placeholder. */ }"
DUMMY_1184,"// Dummy code snippet 1184
void dummy_function_1184() { /* This is a placeholder. */ }",Unknown,This is a synthetic comment for dummy function 1184.,it,Questo è un commento sintetico per la funzione fittizia 1184.,Synthetic,Generated_Data,this is a synthetic comment for dummy function 1184,questo è un commento sintetico per la funzione fittizia 1184,"// Dummy code snippet <NUM>
void dummy_function_1184() { /* This is a placeholder. */ }"
DUMMY_1185,"// Dummy code snippet 1185
void dummy_function_1185() { /* This is a placeholder. */ }",Unknown,This is a synthetic comment for dummy function 1185.,ml,1185 ഡമ്മി ഫംഗ്ഷനുള്ള ഒരു സിന്തറ്റിക് അഭിപ്രായമാണിത്.,Synthetic,Generated_Data,this is a synthetic comment for dummy function 1185,1185 ഡമമ ഫഗഷനളള ഒര സനതററക അഭപരയമണത,"// Dummy code snippet <NUM>
void dummy_function_1185() { /* This is a placeholder. */ }"
DUMMY_1186,"// Dummy code snippet 1186
void dummy_function_1186() { /* This is a placeholder. */ }",Unknown,This is a synthetic comment for dummy function 1186.,fr,Ceci est un commentaire synthétique pour la fonction factice 1186.,Synthetic,Generated_Data,this is a synthetic comment for dummy function 1186,ceci est un commentaire synthétique pour la fonction factice 1186,"// Dummy code snippet <NUM>
void dummy_function_1186() { /* This is a placeholder. */ }"
DUMMY_1187,"// Dummy code snippet 1187
void dummy_function_1187() { /* This is a placeholder. */ }",Unknown,This is a synthetic comment for dummy function 1187.,de,Dies ist ein synthetischer Kommentar für die Dummy -Funktion 1187.,Synthetic,Generated_Data,this is a synthetic comment for dummy function 1187,dies ist ein synthetischer kommentar für die dummy funktion 1187,"// Dummy code snippet <NUM>
void dummy_function_1187() { /* This is a placeholder. */ }"
DUMMY_1188,"// Dummy code snippet 1188
void dummy_function_1188() { /* This is a placeholder. */ }",Unknown,This is a synthetic comment for dummy function 1188.,de,Dies ist ein synthetischer Kommentar für die Dummy -Funktion 1188.,Synthetic,Generated_Data,this is a synthetic comment for dummy function 1188,dies ist ein synthetischer kommentar für die dummy funktion 1188,"// Dummy code snippet <NUM>
void dummy_function_1188() { /* This is a placeholder. */ }"
DUMMY_1189,"// Dummy code snippet 1189
void dummy_function_1189() { /* This is a placeholder. */ }",Unknown,This is a synthetic comment for dummy function 1189.,te,ఇది డమ్మీ ఫంక్షన్ 1189 కోసం సింథటిక్ వ్యాఖ్య.,Synthetic,Generated_Data,this is a synthetic comment for dummy function 1189,ఇద డమమ ఫకషన 1189 కస సథటక వయఖయ,"// Dummy code snippet <NUM>
void dummy_function_1189() { /* This is a placeholder. */ }"
DUMMY_1190,"// Dummy code snippet 1190
void dummy_function_1190() { /* This is a placeholder. */ }",Unknown,This is a synthetic comment for dummy function 1190.,es,Este es un comentario sintético para la función ficticia 1190.,Synthetic,Generated_Data,this is a synthetic comment for dummy function 1190,este es un comentario sintético para la función ficticia 1190,"// Dummy code snippet <NUM>
void dummy_function_1190() { /* This is a placeholder. */ }"
DUMMY_1191,"// Dummy code snippet 1191
void dummy_function_1191() { /* This is a placeholder. */ }",Unknown,This is a synthetic comment for dummy function 1191.,te,ఇది డమ్మీ ఫంక్షన్ 1191 కోసం సింథటిక్ వ్యాఖ్య.,Synthetic,Generated_Data,this is a synthetic comment for dummy function 1191,ఇద డమమ ఫకషన 1191 కస సథటక వయఖయ,"// Dummy code snippet <NUM>
void dummy_function_1191() { /* This is a placeholder. */ }"
DUMMY_1192,"// Dummy code snippet 1192
void dummy_function_1192() { /* This is a placeholder. */ }",Unknown,This is a synthetic comment for dummy function 1192.,it,Questo è un commento sintetico per la funzione fittizia 1192.,Synthetic,Generated_Data,this is a synthetic comment for dummy function 1192,questo è un commento sintetico per la funzione fittizia 1192,"// Dummy code snippet <NUM>
void dummy_function_1192() { /* This is a placeholder. */ }"
DUMMY_1193,"// Dummy code snippet 1193
void dummy_function_1193() { /* This is a placeholder. */ }",Unknown,This is a synthetic comment for dummy function 1193.,es,Este es un comentario sintético para la función ficticia 1193.,Synthetic,Generated_Data,this is a synthetic comment for dummy function 1193,este es un comentario sintético para la función ficticia 1193,"// Dummy code snippet <NUM>
void dummy_function_1193() { /* This is a placeholder. */ }"
DUMMY_1194,"// Dummy code snippet 1194
void dummy_function_1194() { /* This is a placeholder. */ }",Unknown,This is a synthetic comment for dummy function 1194.,ta,போலி செயல்பாடு 1194 க்கான செயற்கை கருத்து இது.,Synthetic,Generated_Data,this is a synthetic comment for dummy function 1194,பல சயலபட 1194 ககன சயறக கரதத இத,"// Dummy code snippet <NUM>
void dummy_function_1194() { /* This is a placeholder. */ }"
DUMMY_1195,"// Dummy code snippet 1195
void dummy_function_1195() { /* This is a placeholder. */ }",Unknown,This is a synthetic comment for dummy function 1195.,es,Este es un comentario sintético para la función ficticia 1195.,Synthetic,Generated_Data,this is a synthetic comment for dummy function 1195,este es un comentario sintético para la función ficticia 1195,"// Dummy code snippet <NUM>
void dummy_function_1195() { /* This is a placeholder. */ }"
DUMMY_1196,"// Dummy code snippet 1196
void dummy_function_1196() { /* This is a placeholder. */ }",Unknown,This is a synthetic comment for dummy function 1196.,ml,1196 ഡമ്മി ഫംഗ്ഷനുള്ള ഒരു സിന്തറ്റിക് അഭിപ്രായമാണിത്.,Synthetic,Generated_Data,this is a synthetic comment for dummy function 1196,1196 ഡമമ ഫഗഷനളള ഒര സനതററക അഭപരയമണത,"// Dummy code snippet <NUM>
void dummy_function_1196() { /* This is a placeholder. */ }"
DUMMY_1197,"// Dummy code snippet 1197
void dummy_function_1197() { /* This is a placeholder. */ }",Unknown,This is a synthetic comment for dummy function 1197.,te,ఇది డమ్మీ ఫంక్షన్ 1197 కోసం సింథటిక్ వ్యాఖ్య.,Synthetic,Generated_Data,this is a synthetic comment for dummy function 1197,ఇద డమమ ఫకషన 1197 కస సథటక వయఖయ,"// Dummy code snippet <NUM>
void dummy_function_1197() { /* This is a placeholder. */ }"
DUMMY_1198,"// Dummy code snippet 1198
void dummy_function_1198() { /* This is a placeholder. */ }",Unknown,This is a synthetic comment for dummy function 1198.,de,Dies ist ein synthetischer Kommentar für die Dummy -Funktion 1198.,Synthetic,Generated_Data,this is a synthetic comment for dummy function 1198,dies ist ein synthetischer kommentar für die dummy funktion 1198,"// Dummy code snippet <NUM>
void dummy_function_1198() { /* This is a placeholder. */ }"
DUMMY_1199,"// Dummy code snippet 1199
void dummy_function_1199() { /* This is a placeholder. */ }",Unknown,This is a synthetic comment for dummy function 1199.,hi,यह डमी फ़ंक्शन 1199 के लिए एक सिंथेटिक टिप्पणी है।,Synthetic,Generated_Data,this is a synthetic comment for dummy function 1199,यह डम फकशन 1199 क लए एक सथटक टपपण ह,"// Dummy code snippet <NUM>
void dummy_function_1199() { /* This is a placeholder. */ }"
DUMMY_1200,"// Dummy code snippet 1200
void dummy_function_1200() { /* This is a placeholder. */ }",Unknown,This is a synthetic comment for dummy function 1200.,es,Este es un comentario sintético para la función ficticia 1200.,Synthetic,Generated_Data,this is a synthetic comment for dummy function 1200,este es un comentario sintético para la función ficticia 1200,"// Dummy code snippet <NUM>
void dummy_function_1200() { /* This is a placeholder. */ }"
DUMMY_1201,"// Dummy code snippet 1201
void dummy_function_1201() { /* This is a placeholder. */ }",Unknown,This is a synthetic comment for dummy function 1201.,ml,1201 ഡമ്മി ഫംഗ്ഷനുള്ള ഒരു സിന്തറ്റിക് അഭിപ്രായമാണിത്.,Synthetic,Generated_Data,this is a synthetic comment for dummy function 1201,1201 ഡമമ ഫഗഷനളള ഒര സനതററക അഭപരയമണത,"// Dummy code snippet <NUM>
void dummy_function_1201() { /* This is a placeholder. */ }"
DUMMY_1202,"// Dummy code snippet 1202
void dummy_function_1202() { /* This is a placeholder. */ }",Unknown,This is a synthetic comment for dummy function 1202.,en,This is a synthetic comment for dummy function 1202.,Synthetic,Generated_Data,this is a synthetic comment for dummy function 1202,this is a synthetic comment for dummy function 1202,"// Dummy code snippet <NUM>
void dummy_function_1202() { /* This is a placeholder. */ }"
DUMMY_1203,"// Dummy code snippet 1203
void dummy_function_1203() { /* This is a placeholder. */ }",Unknown,This is a synthetic comment for dummy function 1203.,ml,ഇത് 1203 ഡമ്മി ഫംഗ്ഷനുള്ള ഒരു സിന്തറ്റിക് അഭിപ്രായമാണ്.,Synthetic,Generated_Data,this is a synthetic comment for dummy function 1203,ഇത 1203 ഡമമ ഫഗഷനളള ഒര സനതററക അഭപരയമണ,"// Dummy code snippet <NUM>
void dummy_function_1203() { /* This is a placeholder. */ }"
DUMMY_1204,"// Dummy code snippet 1204
void dummy_function_1204() { /* This is a placeholder. */ }",Unknown,This is a synthetic comment for dummy function 1204.,te,డమ్మీ ఫంక్షన్ 1204 కోసం ఇది సింథటిక్ వ్యాఖ్య.,Synthetic,Generated_Data,this is a synthetic comment for dummy function 1204,డమమ ఫకషన 1204 కస ఇద సథటక వయఖయ,"// Dummy code snippet <NUM>
void dummy_function_1204() { /* This is a placeholder. */ }"
DUMMY_1205,"// Dummy code snippet 1205
void dummy_function_1205() { /* This is a placeholder. */ }",Unknown,This is a synthetic comment for dummy function 1205.,de,Dies ist ein synthetischer Kommentar für die Dummy -Funktion 1205.,Synthetic,Generated_Data,this is a synthetic comment for dummy function 1205,dies ist ein synthetischer kommentar für die dummy funktion 1205,"// Dummy code snippet <NUM>
void dummy_function_1205() { /* This is a placeholder. */ }"
DUMMY_1206,"// Dummy code snippet 1206
void dummy_function_1206() { /* This is a placeholder. */ }",Unknown,This is a synthetic comment for dummy function 1206.,ta,போலி செயல்பாடு 1206 க்கான செயற்கை கருத்து இது.,Synthetic,Generated_Data,this is a synthetic comment for dummy function 1206,பல சயலபட 1206 ககன சயறக கரதத இத,"// Dummy code snippet <NUM>
void dummy_function_1206() { /* This is a placeholder. */ }"
DUMMY_1207,"// Dummy code snippet 1207
void dummy_function_1207() { /* This is a placeholder. */ }",Unknown,This is a synthetic comment for dummy function 1207.,hi,यह डमी फ़ंक्शन 1207 के लिए एक सिंथेटिक टिप्पणी है।,Synthetic,Generated_Data,this is a synthetic comment for dummy function 1207,यह डम फकशन 1207 क लए एक सथटक टपपण ह,"// Dummy code snippet <NUM>
void dummy_function_1207() { /* This is a placeholder. */ }"
DUMMY_1208,"// Dummy code snippet 1208
void dummy_function_1208() { /* This is a placeholder. */ }",Unknown,This is a synthetic comment for dummy function 1208.,ml,1208 ഡമ്മി ഫംഗ്ഷനുള്ള ഒരു സിന്തറ്റിക് അഭിപ്രായമാണിത്.,Synthetic,Generated_Data,this is a synthetic comment for dummy function 1208,1208 ഡമമ ഫഗഷനളള ഒര സനതററക അഭപരയമണത,"// Dummy code snippet <NUM>
void dummy_function_1208() { /* This is a placeholder. */ }"
DUMMY_1209,"// Dummy code snippet 1209
void dummy_function_1209() { /* This is a placeholder. */ }",Unknown,This is a synthetic comment for dummy function 1209.,ml,ഡമ്മി ഫംഗ്ഷനുള്ള സിന്തറ്റിക് അഭിപ്രായമാണിത്. 1209.,Synthetic,Generated_Data,this is a synthetic comment for dummy function 1209,ഡമമ ഫഗഷനളള സനതററക അഭപരയമണത 1209,"// Dummy code snippet <NUM>
void dummy_function_1209() { /* This is a placeholder. */ }"
DUMMY_1210,"// Dummy code snippet 1210
void dummy_function_1210() { /* This is a placeholder. */ }",Unknown,This is a synthetic comment for dummy function 1210.,de,Dies ist ein synthetischer Kommentar für die Dummy -Funktion 1210.,Synthetic,Generated_Data,this is a synthetic comment for dummy function 1210,dies ist ein synthetischer kommentar für die dummy funktion 1210,"// Dummy code snippet <NUM>
void dummy_function_1210() { /* This is a placeholder. */ }"
DUMMY_1211,"// Dummy code snippet 1211
void dummy_function_1211() { /* This is a placeholder. */ }",Unknown,This is a synthetic comment for dummy function 1211.,en,This is a synthetic comment for dummy function 1211.,Synthetic,Generated_Data,this is a synthetic comment for dummy function 1211,this is a synthetic comment for dummy function 1211,"// Dummy code snippet <NUM>
void dummy_function_1211() { /* This is a placeholder. */ }"
DUMMY_1212,"// Dummy code snippet 1212
void dummy_function_1212() { /* This is a placeholder. */ }",Unknown,This is a synthetic comment for dummy function 1212.,te,డమ్మీ ఫంక్షన్ 1212 కోసం ఇది సింథటిక్ వ్యాఖ్య.,Synthetic,Generated_Data,this is a synthetic comment for dummy function 1212,డమమ ఫకషన 1212 కస ఇద సథటక వయఖయ,"// Dummy code snippet <NUM>
void dummy_function_1212() { /* This is a placeholder. */ }"
DUMMY_1213,"// Dummy code snippet 1213
void dummy_function_1213() { /* This is a placeholder. */ }",Unknown,This is a synthetic comment for dummy function 1213.,es,Este es un comentario sintético para la función ficticia 1213.,Synthetic,Generated_Data,this is a synthetic comment for dummy function 1213,este es un comentario sintético para la función ficticia 1213,"// Dummy code snippet <NUM>
void dummy_function_1213() { /* This is a placeholder. */ }"
DUMMY_1214,"// Dummy code snippet 1214
void dummy_function_1214() { /* This is a placeholder. */ }",Unknown,This is a synthetic comment for dummy function 1214.,hi,यह डमी फ़ंक्शन 1214 के लिए एक सिंथेटिक टिप्पणी है।,Synthetic,Generated_Data,this is a synthetic comment for dummy function 1214,यह डम फकशन 1214 क लए एक सथटक टपपण ह,"// Dummy code snippet <NUM>
void dummy_function_1214() { /* This is a placeholder. */ }"
DUMMY_1215,"// Dummy code snippet 1215
void dummy_function_1215() { /* This is a placeholder. */ }",Unknown,This is a synthetic comment for dummy function 1215.,es,Este es un comentario sintético para la función ficticia 1215.,Synthetic,Generated_Data,this is a synthetic comment for dummy function 1215,este es un comentario sintético para la función ficticia 1215,"// Dummy code snippet <NUM>
void dummy_function_1215() { /* This is a placeholder. */ }"
DUMMY_1216,"// Dummy code snippet 1216
void dummy_function_1216() { /* This is a placeholder. */ }",Unknown,This is a synthetic comment for dummy function 1216.,kn,ಇದು ಡಮ್ಮಿ ಫಂಕ್ಷನ್ 1216 ಗಾಗಿ ಸಂಶ್ಲೇಷಿತ ಕಾಮೆಂಟ್ ಆಗಿದೆ.,Synthetic,Generated_Data,this is a synthetic comment for dummy function 1216,ಇದ ಡಮಮ ಫಕಷನ 1216 ಗಗ ಸಶಲಷತ ಕಮಟ ಆಗದ,"// Dummy code snippet <NUM>
void dummy_function_1216() { /* This is a placeholder. */ }"
DUMMY_1217,"// Dummy code snippet 1217
void dummy_function_1217() { /* This is a placeholder. */ }",Unknown,This is a synthetic comment for dummy function 1217.,de,Dies ist ein synthetischer Kommentar für die Dummy -Funktion 1217.,Synthetic,Generated_Data,this is a synthetic comment for dummy function 1217,dies ist ein synthetischer kommentar für die dummy funktion 1217,"// Dummy code snippet <NUM>
void dummy_function_1217() { /* This is a placeholder. */ }"
DUMMY_1218,"// Dummy code snippet 1218
void dummy_function_1218() { /* This is a placeholder. */ }",Unknown,This is a synthetic comment for dummy function 1218.,en,This is a synthetic comment for dummy function 1218.,Synthetic,Generated_Data,this is a synthetic comment for dummy function 1218,this is a synthetic comment for dummy function 1218,"// Dummy code snippet <NUM>
void dummy_function_1218() { /* This is a placeholder. */ }"
DUMMY_1219,"// Dummy code snippet 1219
void dummy_function_1219() { /* This is a placeholder. */ }",Unknown,This is a synthetic comment for dummy function 1219.,ta,போலி செயல்பாடு 1219 க்கான செயற்கை கருத்து இது.,Synthetic,Generated_Data,this is a synthetic comment for dummy function 1219,பல சயலபட 1219 ககன சயறக கரதத இத,"// Dummy code snippet <NUM>
void dummy_function_1219() { /* This is a placeholder. */ }"
DUMMY_1220,"// Dummy code snippet 1220
void dummy_function_1220() { /* This is a placeholder. */ }",Unknown,This is a synthetic comment for dummy function 1220.,fr,Ceci est un commentaire synthétique pour la fonction factice 1220.,Synthetic,Generated_Data,this is a synthetic comment for dummy function 1220,ceci est un commentaire synthétique pour la fonction factice 1220,"// Dummy code snippet <NUM>
void dummy_function_1220() { /* This is a placeholder. */ }"
DUMMY_1221,"// Dummy code snippet 1221
void dummy_function_1221() { /* This is a placeholder. */ }",Unknown,This is a synthetic comment for dummy function 1221.,en,This is a synthetic comment for dummy function 1221.,Synthetic,Generated_Data,this is a synthetic comment for dummy function 1221,this is a synthetic comment for dummy function 1221,"// Dummy code snippet <NUM>
void dummy_function_1221() { /* This is a placeholder. */ }"
DUMMY_1222,"// Dummy code snippet 1222
void dummy_function_1222() { /* This is a placeholder. */ }",Unknown,This is a synthetic comment for dummy function 1222.,ta,போலி செயல்பாடு 1222 க்கான செயற்கை கருத்து இது.,Synthetic,Generated_Data,this is a synthetic comment for dummy function 1222,பல சயலபட 1222 ககன சயறக கரதத இத,"// Dummy code snippet <NUM>
void dummy_function_1222() { /* This is a placeholder. */ }"
DUMMY_1223,"// Dummy code snippet 1223
void dummy_function_1223() { /* This is a placeholder. */ }",Unknown,This is a synthetic comment for dummy function 1223.,kn,ಇದು ಡಮ್ಮಿ ಫಂಕ್ಷನ್ 1223 ಗೆ ಸಂಶ್ಲೇಷಿತ ಕಾಮೆಂಟ್ ಆಗಿದೆ.,Synthetic,Generated_Data,this is a synthetic comment for dummy function 1223,ಇದ ಡಮಮ ಫಕಷನ 1223 ಗ ಸಶಲಷತ ಕಮಟ ಆಗದ,"// Dummy code snippet <NUM>
void dummy_function_1223() { /* This is a placeholder. */ }"
DUMMY_1224,"// Dummy code snippet 1224
void dummy_function_1224() { /* This is a placeholder. */ }",Unknown,This is a synthetic comment for dummy function 1224.,fr,Ceci est un commentaire synthétique pour la fonction factice 1224.,Synthetic,Generated_Data,this is a synthetic comment for dummy function 1224,ceci est un commentaire synthétique pour la fonction factice 1224,"// Dummy code snippet <NUM>
void dummy_function_1224() { /* This is a placeholder. */ }"
DUMMY_1225,"// Dummy code snippet 1225
void dummy_function_1225() { /* This is a placeholder. */ }",Unknown,This is a synthetic comment for dummy function 1225.,es,Este es un comentario sintético para la función ficticia 1225.,Synthetic,Generated_Data,this is a synthetic comment for dummy function 1225,este es un comentario sintético para la función ficticia 1225,"// Dummy code snippet <NUM>
void dummy_function_1225() { /* This is a placeholder. */ }"
DUMMY_1226,"// Dummy code snippet 1226
void dummy_function_1226() { /* This is a placeholder. */ }",Unknown,This is a synthetic comment for dummy function 1226.,fr,Ceci est un commentaire synthétique pour la fonction factice 1226.,Synthetic,Generated_Data,this is a synthetic comment for dummy function 1226,ceci est un commentaire synthétique pour la fonction factice 1226,"// Dummy code snippet <NUM>
void dummy_function_1226() { /* This is a placeholder. */ }"
DUMMY_1227,"// Dummy code snippet 1227
void dummy_function_1227() { /* This is a placeholder. */ }",Unknown,This is a synthetic comment for dummy function 1227.,en,This is a synthetic comment for dummy function 1227.,Synthetic,Generated_Data,this is a synthetic comment for dummy function 1227,this is a synthetic comment for dummy function 1227,"// Dummy code snippet <NUM>
void dummy_function_1227() { /* This is a placeholder. */ }"
DUMMY_1228,"// Dummy code snippet 1228
void dummy_function_1228() { /* This is a placeholder. */ }",Unknown,This is a synthetic comment for dummy function 1228.,en,This is a synthetic comment for dummy function 1228.,Synthetic,Generated_Data,this is a synthetic comment for dummy function 1228,this is a synthetic comment for dummy function 1228,"// Dummy code snippet <NUM>
void dummy_function_1228() { /* This is a placeholder. */ }"
DUMMY_1229,"// Dummy code snippet 1229
void dummy_function_1229() { /* This is a placeholder. */ }",Unknown,This is a synthetic comment for dummy function 1229.,hi,यह डमी फ़ंक्शन 1229 के लिए एक सिंथेटिक टिप्पणी है।,Synthetic,Generated_Data,this is a synthetic comment for dummy function 1229,यह डम फकशन 1229 क लए एक सथटक टपपण ह,"// Dummy code snippet <NUM>
void dummy_function_1229() { /* This is a placeholder. */ }"
DUMMY_1230,"// Dummy code snippet 1230
void dummy_function_1230() { /* This is a placeholder. */ }",Unknown,This is a synthetic comment for dummy function 1230.,es,Este es un comentario sintético para la función ficticia 1230.,Synthetic,Generated_Data,this is a synthetic comment for dummy function 1230,este es un comentario sintético para la función ficticia 1230,"// Dummy code snippet <NUM>
void dummy_function_1230() { /* This is a placeholder. */ }"
DUMMY_1231,"// Dummy code snippet 1231
void dummy_function_1231() { /* This is a placeholder. */ }",Unknown,This is a synthetic comment for dummy function 1231.,en,This is a synthetic comment for dummy function 1231.,Synthetic,Generated_Data,this is a synthetic comment for dummy function 1231,this is a synthetic comment for dummy function 1231,"// Dummy code snippet <NUM>
void dummy_function_1231() { /* This is a placeholder. */ }"
DUMMY_1232,"// Dummy code snippet 1232
void dummy_function_1232() { /* This is a placeholder. */ }",Unknown,This is a synthetic comment for dummy function 1232.,it,Questo è un commento sintetico per la funzione fittizia 1232.,Synthetic,Generated_Data,this is a synthetic comment for dummy function 1232,questo è un commento sintetico per la funzione fittizia 1232,"// Dummy code snippet <NUM>
void dummy_function_1232() { /* This is a placeholder. */ }"
DUMMY_1233,"// Dummy code snippet 1233
void dummy_function_1233() { /* This is a placeholder. */ }",Unknown,This is a synthetic comment for dummy function 1233.,ml,1233 ഡമ്മി ഫംഗ്ഷനുള്ള ഒരു സിന്തറ്റിക് അഭിപ്രായമാണിത്.,Synthetic,Generated_Data,this is a synthetic comment for dummy function 1233,1233 ഡമമ ഫഗഷനളള ഒര സനതററക അഭപരയമണത,"// Dummy code snippet <NUM>
void dummy_function_1233() { /* This is a placeholder. */ }"
DUMMY_1234,"// Dummy code snippet 1234
void dummy_function_1234() { /* This is a placeholder. */ }",Unknown,This is a synthetic comment for dummy function 1234.,it,Questo è un commento sintetico per la funzione fittizia 1234.,Synthetic,Generated_Data,this is a synthetic comment for dummy function 1234,questo è un commento sintetico per la funzione fittizia 1234,"// Dummy code snippet <NUM>
void dummy_function_1234() { /* This is a placeholder. */ }"
DUMMY_1235,"// Dummy code snippet 1235
void dummy_function_1235() { /* This is a placeholder. */ }",Unknown,This is a synthetic comment for dummy function 1235.,de,Dies ist ein synthetischer Kommentar für die Dummy -Funktion 1235.,Synthetic,Generated_Data,this is a synthetic comment for dummy function 1235,dies ist ein synthetischer kommentar für die dummy funktion 1235,"// Dummy code snippet <NUM>
void dummy_function_1235() { /* This is a placeholder. */ }"
DUMMY_1236,"// Dummy code snippet 1236
void dummy_function_1236() { /* This is a placeholder. */ }",Unknown,This is a synthetic comment for dummy function 1236.,hi,यह डमी फ़ंक्शन 1236 के लिए एक सिंथेटिक टिप्पणी है।,Synthetic,Generated_Data,this is a synthetic comment for dummy function 1236,यह डम फकशन 1236 क लए एक सथटक टपपण ह,"// Dummy code snippet <NUM>
void dummy_function_1236() { /* This is a placeholder. */ }"
DUMMY_1237,"// Dummy code snippet 1237
void dummy_function_1237() { /* This is a placeholder. */ }",Unknown,This is a synthetic comment for dummy function 1237.,te,డమ్మీ ఫంక్షన్ 1237 కోసం ఇది సింథటిక్ వ్యాఖ్య.,Synthetic,Generated_Data,this is a synthetic comment for dummy function 1237,డమమ ఫకషన 1237 కస ఇద సథటక వయఖయ,"// Dummy code snippet <NUM>
void dummy_function_1237() { /* This is a placeholder. */ }"
DUMMY_1238,"// Dummy code snippet 1238
void dummy_function_1238() { /* This is a placeholder. */ }",Unknown,This is a synthetic comment for dummy function 1238.,es,Este es un comentario sintético para la función ficticia 1238.,Synthetic,Generated_Data,this is a synthetic comment for dummy function 1238,este es un comentario sintético para la función ficticia 1238,"// Dummy code snippet <NUM>
void dummy_function_1238() { /* This is a placeholder. */ }"
DUMMY_1239,"// Dummy code snippet 1239
void dummy_function_1239() { /* This is a placeholder. */ }",Unknown,This is a synthetic comment for dummy function 1239.,de,Dies ist ein synthetischer Kommentar für die Dummy -Funktion 1239.,Synthetic,Generated_Data,this is a synthetic comment for dummy function 1239,dies ist ein synthetischer kommentar für die dummy funktion 1239,"// Dummy code snippet <NUM>
void dummy_function_1239() { /* This is a placeholder. */ }"
DUMMY_1240,"// Dummy code snippet 1240
void dummy_function_1240() { /* This is a placeholder. */ }",Unknown,This is a synthetic comment for dummy function 1240.,de,Dies ist ein synthetischer Kommentar für die Dummy -Funktion 1240.,Synthetic,Generated_Data,this is a synthetic comment for dummy function 1240,dies ist ein synthetischer kommentar für die dummy funktion 1240,"// Dummy code snippet <NUM>
void dummy_function_1240() { /* This is a placeholder. */ }"
DUMMY_1241,"// Dummy code snippet 1241
void dummy_function_1241() { /* This is a placeholder. */ }",Unknown,This is a synthetic comment for dummy function 1241.,en,This is a synthetic comment for dummy function 1241.,Synthetic,Generated_Data,this is a synthetic comment for dummy function 1241,this is a synthetic comment for dummy function 1241,"// Dummy code snippet <NUM>
void dummy_function_1241() { /* This is a placeholder. */ }"
DUMMY_1242,"// Dummy code snippet 1242
void dummy_function_1242() { /* This is a placeholder. */ }",Unknown,This is a synthetic comment for dummy function 1242.,hi,यह डमी फ़ंक्शन 1242 के लिए एक सिंथेटिक टिप्पणी है।,Synthetic,Generated_Data,this is a synthetic comment for dummy function 1242,यह डम फकशन 1242 क लए एक सथटक टपपण ह,"// Dummy code snippet <NUM>
void dummy_function_1242() { /* This is a placeholder. */ }"
DUMMY_1243,"// Dummy code snippet 1243
void dummy_function_1243() { /* This is a placeholder. */ }",Unknown,This is a synthetic comment for dummy function 1243.,en,This is a synthetic comment for dummy function 1243.,Synthetic,Generated_Data,this is a synthetic comment for dummy function 1243,this is a synthetic comment for dummy function 1243,"// Dummy code snippet <NUM>
void dummy_function_1243() { /* This is a placeholder. */ }"
DUMMY_1244,"// Dummy code snippet 1244
void dummy_function_1244() { /* This is a placeholder. */ }",Unknown,This is a synthetic comment for dummy function 1244.,hi,यह डमी फ़ंक्शन 1244 के लिए एक सिंथेटिक टिप्पणी है।,Synthetic,Generated_Data,this is a synthetic comment for dummy function 1244,यह डम फकशन 1244 क लए एक सथटक टपपण ह,"// Dummy code snippet <NUM>
void dummy_function_1244() { /* This is a placeholder. */ }"
DUMMY_1245,"// Dummy code snippet 1245
void dummy_function_1245() { /* This is a placeholder. */ }",Unknown,This is a synthetic comment for dummy function 1245.,en,This is a synthetic comment for dummy function 1245.,Synthetic,Generated_Data,this is a synthetic comment for dummy function 1245,this is a synthetic comment for dummy function 1245,"// Dummy code snippet <NUM>
void dummy_function_1245() { /* This is a placeholder. */ }"
DUMMY_1246,"// Dummy code snippet 1246
void dummy_function_1246() { /* This is a placeholder. */ }",Unknown,This is a synthetic comment for dummy function 1246.,ml,ഡമ്മി ഫംഗ്ഷനുള്ള ഒരു സിന്തറ്റിക് അഭിപ്രായമാണിത്. 1246.,Synthetic,Generated_Data,this is a synthetic comment for dummy function 1246,ഡമമ ഫഗഷനളള ഒര സനതററക അഭപരയമണത 1246,"// Dummy code snippet <NUM>
void dummy_function_1246() { /* This is a placeholder. */ }"
DUMMY_1247,"// Dummy code snippet 1247
void dummy_function_1247() { /* This is a placeholder. */ }",Unknown,This is a synthetic comment for dummy function 1247.,en,This is a synthetic comment for dummy function 1247.,Synthetic,Generated_Data,this is a synthetic comment for dummy function 1247,this is a synthetic comment for dummy function 1247,"// Dummy code snippet <NUM>
void dummy_function_1247() { /* This is a placeholder. */ }"
DUMMY_1248,"// Dummy code snippet 1248
void dummy_function_1248() { /* This is a placeholder. */ }",Unknown,This is a synthetic comment for dummy function 1248.,ml,ഡമ്മി ഫംഗ്ഷനുള്ള ഒരു സിന്തറ്റിക് അഭിപ്രായമാണിത്. 1248.,Synthetic,Generated_Data,this is a synthetic comment for dummy function 1248,ഡമമ ഫഗഷനളള ഒര സനതററക അഭപരയമണത 1248,"// Dummy code snippet <NUM>
void dummy_function_1248() { /* This is a placeholder. */ }"
DUMMY_1249,"// Dummy code snippet 1249
void dummy_function_1249() { /* This is a placeholder. */ }",Unknown,This is a synthetic comment for dummy function 1249.,en,This is a synthetic comment for dummy function 1249.,Synthetic,Generated_Data,this is a synthetic comment for dummy function 1249,this is a synthetic comment for dummy function 1249,"// Dummy code snippet <NUM>
void dummy_function_1249() { /* This is a placeholder. */ }"
DUMMY_1250,"// Dummy code snippet 1250
void dummy_function_1250() { /* This is a placeholder. */ }",Unknown,This is a synthetic comment for dummy function 1250.,ml,1250 ഡമ്മി ഫംഗ്ഷനുള്ള ഒരു സിന്തറ്റിക് അഭിപ്രായമാണിത്.,Synthetic,Generated_Data,this is a synthetic comment for dummy function 1250,1250 ഡമമ ഫഗഷനളള ഒര സനതററക അഭപരയമണത,"// Dummy code snippet <NUM>
void dummy_function_1250() { /* This is a placeholder. */ }"
DUMMY_1251,"// Dummy code snippet 1251
void dummy_function_1251() { /* This is a placeholder. */ }",Unknown,This is a synthetic comment for dummy function 1251.,hi,यह डमी फ़ंक्शन 1251 के लिए एक सिंथेटिक टिप्पणी है।,Synthetic,Generated_Data,this is a synthetic comment for dummy function 1251,यह डम फकशन 1251 क लए एक सथटक टपपण ह,"// Dummy code snippet <NUM>
void dummy_function_1251() { /* This is a placeholder. */ }"
DUMMY_1252,"// Dummy code snippet 1252
void dummy_function_1252() { /* This is a placeholder. */ }",Unknown,This is a synthetic comment for dummy function 1252.,en,This is a synthetic comment for dummy function 1252.,Synthetic,Generated_Data,this is a synthetic comment for dummy function 1252,this is a synthetic comment for dummy function 1252,"// Dummy code snippet <NUM>
void dummy_function_1252() { /* This is a placeholder. */ }"
DUMMY_1253,"// Dummy code snippet 1253
void dummy_function_1253() { /* This is a placeholder. */ }",Unknown,This is a synthetic comment for dummy function 1253.,ml,1253 ഡമ്മി ഫംഗ്ഷനുള്ള ഒരു സിന്തറ്റിക് അഭിപ്രായമാണിത്.,Synthetic,Generated_Data,this is a synthetic comment for dummy function 1253,1253 ഡമമ ഫഗഷനളള ഒര സനതററക അഭപരയമണത,"// Dummy code snippet <NUM>
void dummy_function_1253() { /* This is a placeholder. */ }"
DUMMY_1254,"// Dummy code snippet 1254
void dummy_function_1254() { /* This is a placeholder. */ }",Unknown,This is a synthetic comment for dummy function 1254.,ta,போலி செயல்பாடு 1254 க்கான செயற்கை கருத்து இது.,Synthetic,Generated_Data,this is a synthetic comment for dummy function 1254,பல சயலபட 1254 ககன சயறக கரதத இத,"// Dummy code snippet <NUM>
void dummy_function_1254() { /* This is a placeholder. */ }"
DUMMY_1255,"// Dummy code snippet 1255
void dummy_function_1255() { /* This is a placeholder. */ }",Unknown,This is a synthetic comment for dummy function 1255.,te,డమ్మీ ఫంక్షన్ 1255 కోసం ఇది సింథటిక్ వ్యాఖ్య.,Synthetic,Generated_Data,this is a synthetic comment for dummy function 1255,డమమ ఫకషన 1255 కస ఇద సథటక వయఖయ,"// Dummy code snippet <NUM>
void dummy_function_1255() { /* This is a placeholder. */ }"
DUMMY_1256,"// Dummy code snippet 1256
void dummy_function_1256() { /* This is a placeholder. */ }",Unknown,This is a synthetic comment for dummy function 1256.,te,డమ్మీ ఫంక్షన్ 1256 కోసం ఇది సింథటిక్ వ్యాఖ్య.,Synthetic,Generated_Data,this is a synthetic comment for dummy function 1256,డమమ ఫకషన 1256 కస ఇద సథటక వయఖయ,"// Dummy code snippet <NUM>
void dummy_function_1256() { /* This is a placeholder. */ }"
DUMMY_1257,"// Dummy code snippet 1257
void dummy_function_1257() { /* This is a placeholder. */ }",Unknown,This is a synthetic comment for dummy function 1257.,hi,यह डमी फ़ंक्शन 1257 के लिए एक सिंथेटिक टिप्पणी है।,Synthetic,Generated_Data,this is a synthetic comment for dummy function 1257,यह डम फकशन 1257 क लए एक सथटक टपपण ह,"// Dummy code snippet <NUM>
void dummy_function_1257() { /* This is a placeholder. */ }"
DUMMY_1258,"// Dummy code snippet 1258
void dummy_function_1258() { /* This is a placeholder. */ }",Unknown,This is a synthetic comment for dummy function 1258.,fr,Ceci est un commentaire synthétique pour la fonction factice 1258.,Synthetic,Generated_Data,this is a synthetic comment for dummy function 1258,ceci est un commentaire synthétique pour la fonction factice 1258,"// Dummy code snippet <NUM>
void dummy_function_1258() { /* This is a placeholder. */ }"
DUMMY_1259,"// Dummy code snippet 1259
void dummy_function_1259() { /* This is a placeholder. */ }",Unknown,This is a synthetic comment for dummy function 1259.,es,Este es un comentario sintético para la función ficticia 1259.,Synthetic,Generated_Data,this is a synthetic comment for dummy function 1259,este es un comentario sintético para la función ficticia 1259,"// Dummy code snippet <NUM>
void dummy_function_1259() { /* This is a placeholder. */ }"
DUMMY_1260,"// Dummy code snippet 1260
void dummy_function_1260() { /* This is a placeholder. */ }",Unknown,This is a synthetic comment for dummy function 1260.,es,Este es un comentario sintético para la función ficticia 1260.,Synthetic,Generated_Data,this is a synthetic comment for dummy function 1260,este es un comentario sintético para la función ficticia 1260,"// Dummy code snippet <NUM>
void dummy_function_1260() { /* This is a placeholder. */ }"
DUMMY_1261,"// Dummy code snippet 1261
void dummy_function_1261() { /* This is a placeholder. */ }",Unknown,This is a synthetic comment for dummy function 1261.,ta,போலி செயல்பாடு 1261 க்கான செயற்கை கருத்து இது.,Synthetic,Generated_Data,this is a synthetic comment for dummy function 1261,பல சயலபட 1261 ககன சயறக கரதத இத,"// Dummy code snippet <NUM>
void dummy_function_1261() { /* This is a placeholder. */ }"
DUMMY_1262,"// Dummy code snippet 1262
void dummy_function_1262() { /* This is a placeholder. */ }",Unknown,This is a synthetic comment for dummy function 1262.,es,Este es un comentario sintético para la función ficticia 1262.,Synthetic,Generated_Data,this is a synthetic comment for dummy function 1262,este es un comentario sintético para la función ficticia 1262,"// Dummy code snippet <NUM>
void dummy_function_1262() { /* This is a placeholder. */ }"
DUMMY_1263,"// Dummy code snippet 1263
void dummy_function_1263() { /* This is a placeholder. */ }",Unknown,This is a synthetic comment for dummy function 1263.,te,డమ్మీ ఫంక్షన్ 1263 కోసం ఇది సింథటిక్ వ్యాఖ్య.,Synthetic,Generated_Data,this is a synthetic comment for dummy function 1263,డమమ ఫకషన 1263 కస ఇద సథటక వయఖయ,"// Dummy code snippet <NUM>
void dummy_function_1263() { /* This is a placeholder. */ }"
DUMMY_1264,"// Dummy code snippet 1264
void dummy_function_1264() { /* This is a placeholder. */ }",Unknown,This is a synthetic comment for dummy function 1264.,de,Dies ist ein synthetischer Kommentar für die Dummy -Funktion 1264.,Synthetic,Generated_Data,this is a synthetic comment for dummy function 1264,dies ist ein synthetischer kommentar für die dummy funktion 1264,"// Dummy code snippet <NUM>
void dummy_function_1264() { /* This is a placeholder. */ }"
DUMMY_1265,"// Dummy code snippet 1265
void dummy_function_1265() { /* This is a placeholder. */ }",Unknown,This is a synthetic comment for dummy function 1265.,de,Dies ist ein synthetischer Kommentar für die Dummy -Funktion 1265.,Synthetic,Generated_Data,this is a synthetic comment for dummy function 1265,dies ist ein synthetischer kommentar für die dummy funktion 1265,"// Dummy code snippet <NUM>
void dummy_function_1265() { /* This is a placeholder. */ }"
DUMMY_1266,"// Dummy code snippet 1266
void dummy_function_1266() { /* This is a placeholder. */ }",Unknown,This is a synthetic comment for dummy function 1266.,de,Dies ist ein synthetischer Kommentar für die Dummy -Funktion 1266.,Synthetic,Generated_Data,this is a synthetic comment for dummy function 1266,dies ist ein synthetischer kommentar für die dummy funktion 1266,"// Dummy code snippet <NUM>
void dummy_function_1266() { /* This is a placeholder. */ }"
DUMMY_1267,"// Dummy code snippet 1267
void dummy_function_1267() { /* This is a placeholder. */ }",Unknown,This is a synthetic comment for dummy function 1267.,es,Este es un comentario sintético para la función ficticia 1267.,Synthetic,Generated_Data,this is a synthetic comment for dummy function 1267,este es un comentario sintético para la función ficticia 1267,"// Dummy code snippet <NUM>
void dummy_function_1267() { /* This is a placeholder. */ }"
DUMMY_1268,"// Dummy code snippet 1268
void dummy_function_1268() { /* This is a placeholder. */ }",Unknown,This is a synthetic comment for dummy function 1268.,es,Este es un comentario sintético para la función ficticia 1268.,Synthetic,Generated_Data,this is a synthetic comment for dummy function 1268,este es un comentario sintético para la función ficticia 1268,"// Dummy code snippet <NUM>
void dummy_function_1268() { /* This is a placeholder. */ }"
DUMMY_1269,"// Dummy code snippet 1269
void dummy_function_1269() { /* This is a placeholder. */ }",Unknown,This is a synthetic comment for dummy function 1269.,ta,போலி செயல்பாடு 1269 க்கான செயற்கை கருத்து இது.,Synthetic,Generated_Data,this is a synthetic comment for dummy function 1269,பல சயலபட 1269 ககன சயறக கரதத இத,"// Dummy code snippet <NUM>
void dummy_function_1269() { /* This is a placeholder. */ }"
DUMMY_1270,"// Dummy code snippet 1270
void dummy_function_1270() { /* This is a placeholder. */ }",Unknown,This is a synthetic comment for dummy function 1270.,en,This is a synthetic comment for dummy function 1270.,Synthetic,Generated_Data,this is a synthetic comment for dummy function 1270,this is a synthetic comment for dummy function 1270,"// Dummy code snippet <NUM>
void dummy_function_1270() { /* This is a placeholder. */ }"
DUMMY_1271,"// Dummy code snippet 1271
void dummy_function_1271() { /* This is a placeholder. */ }",Unknown,This is a synthetic comment for dummy function 1271.,hi,यह डमी फ़ंक्शन 1271 के लिए एक सिंथेटिक टिप्पणी है।,Synthetic,Generated_Data,this is a synthetic comment for dummy function 1271,यह डम फकशन 1271 क लए एक सथटक टपपण ह,"// Dummy code snippet <NUM>
void dummy_function_1271() { /* This is a placeholder. */ }"
DUMMY_1272,"// Dummy code snippet 1272
void dummy_function_1272() { /* This is a placeholder. */ }",Unknown,This is a synthetic comment for dummy function 1272.,ml,1272 ഡമ്മി ഫംഗ്ഷനുള്ള ഒരു സിന്തറ്റിക് അഭിപ്രായമാണിത്.,Synthetic,Generated_Data,this is a synthetic comment for dummy function 1272,1272 ഡമമ ഫഗഷനളള ഒര സനതററക അഭപരയമണത,"// Dummy code snippet <NUM>
void dummy_function_1272() { /* This is a placeholder. */ }"
DUMMY_1273,"// Dummy code snippet 1273
void dummy_function_1273() { /* This is a placeholder. */ }",Unknown,This is a synthetic comment for dummy function 1273.,ml,1273 ഡമ്മി ഫംഗ്ഷനുള്ള ഒരു സിന്തറ്റിക് അഭിപ്രായമാണിത്.,Synthetic,Generated_Data,this is a synthetic comment for dummy function 1273,1273 ഡമമ ഫഗഷനളള ഒര സനതററക അഭപരയമണത,"// Dummy code snippet <NUM>
void dummy_function_1273() { /* This is a placeholder. */ }"
DUMMY_1274,"// Dummy code snippet 1274
void dummy_function_1274() { /* This is a placeholder. */ }",Unknown,This is a synthetic comment for dummy function 1274.,en,This is a synthetic comment for dummy function 1274.,Synthetic,Generated_Data,this is a synthetic comment for dummy function 1274,this is a synthetic comment for dummy function 1274,"// Dummy code snippet <NUM>
void dummy_function_1274() { /* This is a placeholder. */ }"
DUMMY_1275,"// Dummy code snippet 1275
void dummy_function_1275() { /* This is a placeholder. */ }",Unknown,This is a synthetic comment for dummy function 1275.,es,Este es un comentario sintético para la función ficticia 1275.,Synthetic,Generated_Data,this is a synthetic comment for dummy function 1275,este es un comentario sintético para la función ficticia 1275,"// Dummy code snippet <NUM>
void dummy_function_1275() { /* This is a placeholder. */ }"
DUMMY_1276,"// Dummy code snippet 1276
void dummy_function_1276() { /* This is a placeholder. */ }",Unknown,This is a synthetic comment for dummy function 1276.,fr,Ceci est un commentaire synthétique pour la fonction factice 1276.,Synthetic,Generated_Data,this is a synthetic comment for dummy function 1276,ceci est un commentaire synthétique pour la fonction factice 1276,"// Dummy code snippet <NUM>
void dummy_function_1276() { /* This is a placeholder. */ }"
DUMMY_1277,"// Dummy code snippet 1277
void dummy_function_1277() { /* This is a placeholder. */ }",Unknown,This is a synthetic comment for dummy function 1277.,it,Questo è un commento sintetico per la funzione fittizia 1277.,Synthetic,Generated_Data,this is a synthetic comment for dummy function 1277,questo è un commento sintetico per la funzione fittizia 1277,"// Dummy code snippet <NUM>
void dummy_function_1277() { /* This is a placeholder. */ }"
DUMMY_1278,"// Dummy code snippet 1278
void dummy_function_1278() { /* This is a placeholder. */ }",Unknown,This is a synthetic comment for dummy function 1278.,it,Questo è un commento sintetico per la funzione fittizia 1278.,Synthetic,Generated_Data,this is a synthetic comment for dummy function 1278,questo è un commento sintetico per la funzione fittizia 1278,"// Dummy code snippet <NUM>
void dummy_function_1278() { /* This is a placeholder. */ }"
DUMMY_1279,"// Dummy code snippet 1279
void dummy_function_1279() { /* This is a placeholder. */ }",Unknown,This is a synthetic comment for dummy function 1279.,es,Este es un comentario sintético para la función ficticia 1279.,Synthetic,Generated_Data,this is a synthetic comment for dummy function 1279,este es un comentario sintético para la función ficticia 1279,"// Dummy code snippet <NUM>
void dummy_function_1279() { /* This is a placeholder. */ }"
DUMMY_1280,"// Dummy code snippet 1280
void dummy_function_1280() { /* This is a placeholder. */ }",Unknown,This is a synthetic comment for dummy function 1280.,te,డమ్మీ ఫంక్షన్ 1280 కోసం ఇది సింథటిక్ వ్యాఖ్య.,Synthetic,Generated_Data,this is a synthetic comment for dummy function 1280,డమమ ఫకషన 1280 కస ఇద సథటక వయఖయ,"// Dummy code snippet <NUM>
void dummy_function_1280() { /* This is a placeholder. */ }"
DUMMY_1281,"// Dummy code snippet 1281
void dummy_function_1281() { /* This is a placeholder. */ }",Unknown,This is a synthetic comment for dummy function 1281.,de,Dies ist ein synthetischer Kommentar für die Dummy -Funktion 1281.,Synthetic,Generated_Data,this is a synthetic comment for dummy function 1281,dies ist ein synthetischer kommentar für die dummy funktion 1281,"// Dummy code snippet <NUM>
void dummy_function_1281() { /* This is a placeholder. */ }"
DUMMY_1282,"// Dummy code snippet 1282
void dummy_function_1282() { /* This is a placeholder. */ }",Unknown,This is a synthetic comment for dummy function 1282.,en,This is a synthetic comment for dummy function 1282.,Synthetic,Generated_Data,this is a synthetic comment for dummy function 1282,this is a synthetic comment for dummy function 1282,"// Dummy code snippet <NUM>
void dummy_function_1282() { /* This is a placeholder. */ }"
DUMMY_1283,"// Dummy code snippet 1283
void dummy_function_1283() { /* This is a placeholder. */ }",Unknown,This is a synthetic comment for dummy function 1283.,de,Dies ist ein synthetischer Kommentar für die Dummy -Funktion 1283.,Synthetic,Generated_Data,this is a synthetic comment for dummy function 1283,dies ist ein synthetischer kommentar für die dummy funktion 1283,"// Dummy code snippet <NUM>
void dummy_function_1283() { /* This is a placeholder. */ }"
DUMMY_1284,"// Dummy code snippet 1284
void dummy_function_1284() { /* This is a placeholder. */ }",Unknown,This is a synthetic comment for dummy function 1284.,en,This is a synthetic comment for dummy function 1284.,Synthetic,Generated_Data,this is a synthetic comment for dummy function 1284,this is a synthetic comment for dummy function 1284,"// Dummy code snippet <NUM>
void dummy_function_1284() { /* This is a placeholder. */ }"
DUMMY_1285,"// Dummy code snippet 1285
void dummy_function_1285() { /* This is a placeholder. */ }",Unknown,This is a synthetic comment for dummy function 1285.,fr,Ceci est un commentaire synthétique pour la fonction factice 1285.,Synthetic,Generated_Data,this is a synthetic comment for dummy function 1285,ceci est un commentaire synthétique pour la fonction factice 1285,"// Dummy code snippet <NUM>
void dummy_function_1285() { /* This is a placeholder. */ }"
DUMMY_1286,"// Dummy code snippet 1286
void dummy_function_1286() { /* This is a placeholder. */ }",Unknown,This is a synthetic comment for dummy function 1286.,en,This is a synthetic comment for dummy function 1286.,Synthetic,Generated_Data,this is a synthetic comment for dummy function 1286,this is a synthetic comment for dummy function 1286,"// Dummy code snippet <NUM>
void dummy_function_1286() { /* This is a placeholder. */ }"
DUMMY_1287,"// Dummy code snippet 1287
void dummy_function_1287() { /* This is a placeholder. */ }",Unknown,This is a synthetic comment for dummy function 1287.,en,This is a synthetic comment for dummy function 1287.,Synthetic,Generated_Data,this is a synthetic comment for dummy function 1287,this is a synthetic comment for dummy function 1287,"// Dummy code snippet <NUM>
void dummy_function_1287() { /* This is a placeholder. */ }"
DUMMY_1288,"// Dummy code snippet 1288
void dummy_function_1288() { /* This is a placeholder. */ }",Unknown,This is a synthetic comment for dummy function 1288.,es,Este es un comentario sintético para la función ficticia 1288.,Synthetic,Generated_Data,this is a synthetic comment for dummy function 1288,este es un comentario sintético para la función ficticia 1288,"// Dummy code snippet <NUM>
void dummy_function_1288() { /* This is a placeholder. */ }"
DUMMY_1289,"// Dummy code snippet 1289
void dummy_function_1289() { /* This is a placeholder. */ }",Unknown,This is a synthetic comment for dummy function 1289.,es,Este es un comentario sintético para la función ficticia 1289.,Synthetic,Generated_Data,this is a synthetic comment for dummy function 1289,este es un comentario sintético para la función ficticia 1289,"// Dummy code snippet <NUM>
void dummy_function_1289() { /* This is a placeholder. */ }"
DUMMY_1290,"// Dummy code snippet 1290
void dummy_function_1290() { /* This is a placeholder. */ }",Unknown,This is a synthetic comment for dummy function 1290.,te,డమ్మీ ఫంక్షన్ 1290 కోసం ఇది సింథటిక్ వ్యాఖ్య.,Synthetic,Generated_Data,this is a synthetic comment for dummy function 1290,డమమ ఫకషన 1290 కస ఇద సథటక వయఖయ,"// Dummy code snippet <NUM>
void dummy_function_1290() { /* This is a placeholder. */ }"
DUMMY_1291,"// Dummy code snippet 1291
void dummy_function_1291() { /* This is a placeholder. */ }",Unknown,This is a synthetic comment for dummy function 1291.,ta,போலி செயல்பாடு 1291 க்கான செயற்கை கருத்து இது.,Synthetic,Generated_Data,this is a synthetic comment for dummy function 1291,பல சயலபட 1291 ககன சயறக கரதத இத,"// Dummy code snippet <NUM>
void dummy_function_1291() { /* This is a placeholder. */ }"
DUMMY_1292,"// Dummy code snippet 1292
void dummy_function_1292() { /* This is a placeholder. */ }",Unknown,This is a synthetic comment for dummy function 1292.,es,Este es un comentario sintético para la función ficticia 1292.,Synthetic,Generated_Data,this is a synthetic comment for dummy function 1292,este es un comentario sintético para la función ficticia 1292,"// Dummy code snippet <NUM>
void dummy_function_1292() { /* This is a placeholder. */ }"
DUMMY_1293,"// Dummy code snippet 1293
void dummy_function_1293() { /* This is a placeholder. */ }",Unknown,This is a synthetic comment for dummy function 1293.,ta,போலி செயல்பாடு 1293 க்கான செயற்கை கருத்து இது.,Synthetic,Generated_Data,this is a synthetic comment for dummy function 1293,பல சயலபட 1293 ககன சயறக கரதத இத,"// Dummy code snippet <NUM>
void dummy_function_1293() { /* This is a placeholder. */ }"
DUMMY_1294,"// Dummy code snippet 1294
void dummy_function_1294() { /* This is a placeholder. */ }",Unknown,This is a synthetic comment for dummy function 1294.,en,This is a synthetic comment for dummy function 1294.,Synthetic,Generated_Data,this is a synthetic comment for dummy function 1294,this is a synthetic comment for dummy function 1294,"// Dummy code snippet <NUM>
void dummy_function_1294() { /* This is a placeholder. */ }"
DUMMY_1295,"// Dummy code snippet 1295
void dummy_function_1295() { /* This is a placeholder. */ }",Unknown,This is a synthetic comment for dummy function 1295.,fr,Ceci est un commentaire synthétique pour la fonction factice 1295.,Synthetic,Generated_Data,this is a synthetic comment for dummy function 1295,ceci est un commentaire synthétique pour la fonction factice 1295,"// Dummy code snippet <NUM>
void dummy_function_1295() { /* This is a placeholder. */ }"
DUMMY_1296,"// Dummy code snippet 1296
void dummy_function_1296() { /* This is a placeholder. */ }",Unknown,This is a synthetic comment for dummy function 1296.,kn,ಡಮ್ಮಿ ಫಂಕ್ಷನ್ 1296 ಗಾಗಿ ಇದು ಸಂಶ್ಲೇಷಿತ ಕಾಮೆಂಟ್ ಆಗಿದೆ.,Synthetic,Generated_Data,this is a synthetic comment for dummy function 1296,ಡಮಮ ಫಕಷನ 1296 ಗಗ ಇದ ಸಶಲಷತ ಕಮಟ ಆಗದ,"// Dummy code snippet <NUM>
void dummy_function_1296() { /* This is a placeholder. */ }"
DUMMY_1297,"// Dummy code snippet 1297
void dummy_function_1297() { /* This is a placeholder. */ }",Unknown,This is a synthetic comment for dummy function 1297.,ta,போலி செயல்பாடு 1297 க்கான செயற்கை கருத்து இது.,Synthetic,Generated_Data,this is a synthetic comment for dummy function 1297,பல சயலபட 1297 ககன சயறக கரதத இத,"// Dummy code snippet <NUM>
void dummy_function_1297() { /* This is a placeholder. */ }"
DUMMY_1298,"// Dummy code snippet 1298
void dummy_function_1298() { /* This is a placeholder. */ }",Unknown,This is a synthetic comment for dummy function 1298.,ta,போலி செயல்பாடு 1298 க்கான செயற்கை கருத்து இது.,Synthetic,Generated_Data,this is a synthetic comment for dummy function 1298,பல சயலபட 1298 ககன சயறக கரதத இத,"// Dummy code snippet <NUM>
void dummy_function_1298() { /* This is a placeholder. */ }"
DUMMY_1299,"// Dummy code snippet 1299
void dummy_function_1299() { /* This is a placeholder. */ }",Unknown,This is a synthetic comment for dummy function 1299.,es,Este es un comentario sintético para la función ficticia 1299.,Synthetic,Generated_Data,this is a synthetic comment for dummy function 1299,este es un comentario sintético para la función ficticia 1299,"// Dummy code snippet <NUM>
void dummy_function_1299() { /* This is a placeholder. */ }"
DUMMY_1300,"// Dummy code snippet 1300
void dummy_function_1300() { /* This is a placeholder. */ }",Unknown,This is a synthetic comment for dummy function 1300.,it,Questo è un commento sintetico per la funzione fittizia 1300.,Synthetic,Generated_Data,this is a synthetic comment for dummy function 1300,questo è un commento sintetico per la funzione fittizia 1300,"// Dummy code snippet <NUM>
void dummy_function_1300() { /* This is a placeholder. */ }"
DUMMY_1301,"// Dummy code snippet 1301
void dummy_function_1301() { /* This is a placeholder. */ }",Unknown,This is a synthetic comment for dummy function 1301.,fr,Ceci est un commentaire synthétique pour la fonction factice 1301.,Synthetic,Generated_Data,this is a synthetic comment for dummy function 1301,ceci est un commentaire synthétique pour la fonction factice 1301,"// Dummy code snippet <NUM>
void dummy_function_1301() { /* This is a placeholder. */ }"
DUMMY_1302,"// Dummy code snippet 1302
void dummy_function_1302() { /* This is a placeholder. */ }",Unknown,This is a synthetic comment for dummy function 1302.,es,Este es un comentario sintético para la función ficticia 1302.,Synthetic,Generated_Data,this is a synthetic comment for dummy function 1302,este es un comentario sintético para la función ficticia 1302,"// Dummy code snippet <NUM>
void dummy_function_1302() { /* This is a placeholder. */ }"
DUMMY_1303,"// Dummy code snippet 1303
void dummy_function_1303() { /* This is a placeholder. */ }",Unknown,This is a synthetic comment for dummy function 1303.,de,Dies ist ein synthetischer Kommentar für die Dummy -Funktion 1303.,Synthetic,Generated_Data,this is a synthetic comment for dummy function 1303,dies ist ein synthetischer kommentar für die dummy funktion 1303,"// Dummy code snippet <NUM>
void dummy_function_1303() { /* This is a placeholder. */ }"
DUMMY_1304,"// Dummy code snippet 1304
void dummy_function_1304() { /* This is a placeholder. */ }",Unknown,This is a synthetic comment for dummy function 1304.,hi,यह डमी फ़ंक्शन 1304 के लिए एक सिंथेटिक टिप्पणी है।,Synthetic,Generated_Data,this is a synthetic comment for dummy function 1304,यह डम फकशन 1304 क लए एक सथटक टपपण ह,"// Dummy code snippet <NUM>
void dummy_function_1304() { /* This is a placeholder. */ }"
DUMMY_1305,"// Dummy code snippet 1305
void dummy_function_1305() { /* This is a placeholder. */ }",Unknown,This is a synthetic comment for dummy function 1305.,en,This is a synthetic comment for dummy function 1305.,Synthetic,Generated_Data,this is a synthetic comment for dummy function 1305,this is a synthetic comment for dummy function 1305,"// Dummy code snippet <NUM>
void dummy_function_1305() { /* This is a placeholder. */ }"
DUMMY_1306,"// Dummy code snippet 1306
void dummy_function_1306() { /* This is a placeholder. */ }",Unknown,This is a synthetic comment for dummy function 1306.,it,Questo è un commento sintetico per la funzione fittizia 1306.,Synthetic,Generated_Data,this is a synthetic comment for dummy function 1306,questo è un commento sintetico per la funzione fittizia 1306,"// Dummy code snippet <NUM>
void dummy_function_1306() { /* This is a placeholder. */ }"
DUMMY_1307,"// Dummy code snippet 1307
void dummy_function_1307() { /* This is a placeholder. */ }",Unknown,This is a synthetic comment for dummy function 1307.,te,డమ్మీ ఫంక్షన్ 1307 కోసం ఇది సింథటిక్ వ్యాఖ్య.,Synthetic,Generated_Data,this is a synthetic comment for dummy function 1307,డమమ ఫకషన 1307 కస ఇద సథటక వయఖయ,"// Dummy code snippet <NUM>
void dummy_function_1307() { /* This is a placeholder. */ }"
DUMMY_1308,"// Dummy code snippet 1308
void dummy_function_1308() { /* This is a placeholder. */ }",Unknown,This is a synthetic comment for dummy function 1308.,te,డమ్మీ ఫంక్షన్ 1308 కోసం ఇది సింథటిక్ వ్యాఖ్య.,Synthetic,Generated_Data,this is a synthetic comment for dummy function 1308,డమమ ఫకషన 1308 కస ఇద సథటక వయఖయ,"// Dummy code snippet <NUM>
void dummy_function_1308() { /* This is a placeholder. */ }"
DUMMY_1309,"// Dummy code snippet 1309
void dummy_function_1309() { /* This is a placeholder. */ }",Unknown,This is a synthetic comment for dummy function 1309.,te,డమ్మీ ఫంక్షన్ 1309 కోసం ఇది సింథటిక్ వ్యాఖ్య.,Synthetic,Generated_Data,this is a synthetic comment for dummy function 1309,డమమ ఫకషన 1309 కస ఇద సథటక వయఖయ,"// Dummy code snippet <NUM>
void dummy_function_1309() { /* This is a placeholder. */ }"
DUMMY_1310,"// Dummy code snippet 1310
void dummy_function_1310() { /* This is a placeholder. */ }",Unknown,This is a synthetic comment for dummy function 1310.,ml,1310 ഡമ്മി ഫംഗ്ഷനുള്ള ഒരു സിന്തറ്റിക് അഭിപ്രായമാണിത്.,Synthetic,Generated_Data,this is a synthetic comment for dummy function 1310,1310 ഡമമ ഫഗഷനളള ഒര സനതററക അഭപരയമണത,"// Dummy code snippet <NUM>
void dummy_function_1310() { /* This is a placeholder. */ }"
DUMMY_1311,"// Dummy code snippet 1311
void dummy_function_1311() { /* This is a placeholder. */ }",Unknown,This is a synthetic comment for dummy function 1311.,en,This is a synthetic comment for dummy function 1311.,Synthetic,Generated_Data,this is a synthetic comment for dummy function 1311,this is a synthetic comment for dummy function 1311,"// Dummy code snippet <NUM>
void dummy_function_1311() { /* This is a placeholder. */ }"
DUMMY_1312,"// Dummy code snippet 1312
void dummy_function_1312() { /* This is a placeholder. */ }",Unknown,This is a synthetic comment for dummy function 1312.,ml,ഡമ്മി ഫംഗ്ഷനായുള്ള സിന്തറ്റിക് അഭിപ്രായമാണിത്. 1312.,Synthetic,Generated_Data,this is a synthetic comment for dummy function 1312,ഡമമ ഫഗഷനയളള സനതററക അഭപരയമണത 1312,"// Dummy code snippet <NUM>
void dummy_function_1312() { /* This is a placeholder. */ }"
DUMMY_1313,"// Dummy code snippet 1313
void dummy_function_1313() { /* This is a placeholder. */ }",Unknown,This is a synthetic comment for dummy function 1313.,de,Dies ist ein synthetischer Kommentar für die Dummy -Funktion 1313.,Synthetic,Generated_Data,this is a synthetic comment for dummy function 1313,dies ist ein synthetischer kommentar für die dummy funktion 1313,"// Dummy code snippet <NUM>
void dummy_function_1313() { /* This is a placeholder. */ }"
DUMMY_1314,"// Dummy code snippet 1314
void dummy_function_1314() { /* This is a placeholder. */ }",Unknown,This is a synthetic comment for dummy function 1314.,ta,போலி செயல்பாடு 1314 க்கான செயற்கை கருத்து இது.,Synthetic,Generated_Data,this is a synthetic comment for dummy function 1314,பல சயலபட 1314 ககன சயறக கரதத இத,"// Dummy code snippet <NUM>
void dummy_function_1314() { /* This is a placeholder. */ }"
DUMMY_1315,"// Dummy code snippet 1315
void dummy_function_1315() { /* This is a placeholder. */ }",Unknown,This is a synthetic comment for dummy function 1315.,hi,यह डमी फ़ंक्शन 1315 के लिए एक सिंथेटिक टिप्पणी है।,Synthetic,Generated_Data,this is a synthetic comment for dummy function 1315,यह डम फकशन 1315 क लए एक सथटक टपपण ह,"// Dummy code snippet <NUM>
void dummy_function_1315() { /* This is a placeholder. */ }"
DUMMY_1316,"// Dummy code snippet 1316
void dummy_function_1316() { /* This is a placeholder. */ }",Unknown,This is a synthetic comment for dummy function 1316.,de,Dies ist ein synthetischer Kommentar für die Dummy -Funktion 1316.,Synthetic,Generated_Data,this is a synthetic comment for dummy function 1316,dies ist ein synthetischer kommentar für die dummy funktion 1316,"// Dummy code snippet <NUM>
void dummy_function_1316() { /* This is a placeholder. */ }"
DUMMY_1317,"// Dummy code snippet 1317
void dummy_function_1317() { /* This is a placeholder. */ }",Unknown,This is a synthetic comment for dummy function 1317.,ml,1317 ഡമ്മി ഫംഗ്ഷനുള്ള ഒരു സിന്തറ്റിക് അഭിപ്രായമാണിത്.,Synthetic,Generated_Data,this is a synthetic comment for dummy function 1317,1317 ഡമമ ഫഗഷനളള ഒര സനതററക അഭപരയമണത,"// Dummy code snippet <NUM>
void dummy_function_1317() { /* This is a placeholder. */ }"
DUMMY_1318,"// Dummy code snippet 1318
void dummy_function_1318() { /* This is a placeholder. */ }",Unknown,This is a synthetic comment for dummy function 1318.,es,Este es un comentario sintético para la función ficticia 1318.,Synthetic,Generated_Data,this is a synthetic comment for dummy function 1318,este es un comentario sintético para la función ficticia 1318,"// Dummy code snippet <NUM>
void dummy_function_1318() { /* This is a placeholder. */ }"
DUMMY_1319,"// Dummy code snippet 1319
void dummy_function_1319() { /* This is a placeholder. */ }",Unknown,This is a synthetic comment for dummy function 1319.,fr,Ceci est un commentaire synthétique pour la fonction factice 1319.,Synthetic,Generated_Data,this is a synthetic comment for dummy function 1319,ceci est un commentaire synthétique pour la fonction factice 1319,"// Dummy code snippet <NUM>
void dummy_function_1319() { /* This is a placeholder. */ }"
DUMMY_1320,"// Dummy code snippet 1320
void dummy_function_1320() { /* This is a placeholder. */ }",Unknown,This is a synthetic comment for dummy function 1320.,it,Questo è un commento sintetico per la funzione fittizia 1320.,Synthetic,Generated_Data,this is a synthetic comment for dummy function 1320,questo è un commento sintetico per la funzione fittizia 1320,"// Dummy code snippet <NUM>
void dummy_function_1320() { /* This is a placeholder. */ }"
DUMMY_1321,"// Dummy code snippet 1321
void dummy_function_1321() { /* This is a placeholder. */ }",Unknown,This is a synthetic comment for dummy function 1321.,hi,यह डमी फ़ंक्शन 1321 के लिए एक सिंथेटिक टिप्पणी है।,Synthetic,Generated_Data,this is a synthetic comment for dummy function 1321,यह डम फकशन 1321 क लए एक सथटक टपपण ह,"// Dummy code snippet <NUM>
void dummy_function_1321() { /* This is a placeholder. */ }"
DUMMY_1322,"// Dummy code snippet 1322
void dummy_function_1322() { /* This is a placeholder. */ }",Unknown,This is a synthetic comment for dummy function 1322.,te,డమ్మీ ఫంక్షన్ 1322 కోసం ఇది సింథటిక్ వ్యాఖ్య.,Synthetic,Generated_Data,this is a synthetic comment for dummy function 1322,డమమ ఫకషన 1322 కస ఇద సథటక వయఖయ,"// Dummy code snippet <NUM>
void dummy_function_1322() { /* This is a placeholder. */ }"
DUMMY_1323,"// Dummy code snippet 1323
void dummy_function_1323() { /* This is a placeholder. */ }",Unknown,This is a synthetic comment for dummy function 1323.,fr,Ceci est un commentaire synthétique pour la fonction factice 1323.,Synthetic,Generated_Data,this is a synthetic comment for dummy function 1323,ceci est un commentaire synthétique pour la fonction factice 1323,"// Dummy code snippet <NUM>
void dummy_function_1323() { /* This is a placeholder. */ }"
DUMMY_1324,"// Dummy code snippet 1324
void dummy_function_1324() { /* This is a placeholder. */ }",Unknown,This is a synthetic comment for dummy function 1324.,te,డమ్మీ ఫంక్షన్ 1324 కోసం ఇది సింథటిక్ వ్యాఖ్య.,Synthetic,Generated_Data,this is a synthetic comment for dummy function 1324,డమమ ఫకషన 1324 కస ఇద సథటక వయఖయ,"// Dummy code snippet <NUM>
void dummy_function_1324() { /* This is a placeholder. */ }"
DUMMY_1325,"// Dummy code snippet 1325
void dummy_function_1325() { /* This is a placeholder. */ }",Unknown,This is a synthetic comment for dummy function 1325.,it,Questo è un commento sintetico per la funzione fittizia 1325.,Synthetic,Generated_Data,this is a synthetic comment for dummy function 1325,questo è un commento sintetico per la funzione fittizia 1325,"// Dummy code snippet <NUM>
void dummy_function_1325() { /* This is a placeholder. */ }"
DUMMY_1326,"// Dummy code snippet 1326
void dummy_function_1326() { /* This is a placeholder. */ }",Unknown,This is a synthetic comment for dummy function 1326.,hi,यह डमी फ़ंक्शन 1326 के लिए एक सिंथेटिक टिप्पणी है।,Synthetic,Generated_Data,this is a synthetic comment for dummy function 1326,यह डम फकशन 1326 क लए एक सथटक टपपण ह,"// Dummy code snippet <NUM>
void dummy_function_1326() { /* This is a placeholder. */ }"
DUMMY_1327,"// Dummy code snippet 1327
void dummy_function_1327() { /* This is a placeholder. */ }",Unknown,This is a synthetic comment for dummy function 1327.,ta,போலி செயல்பாடு 1327 க்கான செயற்கை கருத்து இது.,Synthetic,Generated_Data,this is a synthetic comment for dummy function 1327,பல சயலபட 1327 ககன சயறக கரதத இத,"// Dummy code snippet <NUM>
void dummy_function_1327() { /* This is a placeholder. */ }"
DUMMY_1328,"// Dummy code snippet 1328
void dummy_function_1328() { /* This is a placeholder. */ }",Unknown,This is a synthetic comment for dummy function 1328.,ta,போலி செயல்பாடு 1328 க்கான செயற்கை கருத்து இது.,Synthetic,Generated_Data,this is a synthetic comment for dummy function 1328,பல சயலபட 1328 ககன சயறக கரதத இத,"// Dummy code snippet <NUM>
void dummy_function_1328() { /* This is a placeholder. */ }"
DUMMY_1329,"// Dummy code snippet 1329
void dummy_function_1329() { /* This is a placeholder. */ }",Unknown,This is a synthetic comment for dummy function 1329.,fr,Ceci est un commentaire synthétique pour la fonction factice 1329.,Synthetic,Generated_Data,this is a synthetic comment for dummy function 1329,ceci est un commentaire synthétique pour la fonction factice 1329,"// Dummy code snippet <NUM>
void dummy_function_1329() { /* This is a placeholder. */ }"
DUMMY_1330,"// Dummy code snippet 1330
void dummy_function_1330() { /* This is a placeholder. */ }",Unknown,This is a synthetic comment for dummy function 1330.,te,డమ్మీ ఫంక్షన్ 1330 కోసం ఇది సింథటిక్ వ్యాఖ్య.,Synthetic,Generated_Data,this is a synthetic comment for dummy function 1330,డమమ ఫకషన 1330 కస ఇద సథటక వయఖయ,"// Dummy code snippet <NUM>
void dummy_function_1330() { /* This is a placeholder. */ }"
DUMMY_1331,"// Dummy code snippet 1331
void dummy_function_1331() { /* This is a placeholder. */ }",Unknown,This is a synthetic comment for dummy function 1331.,kn,ಇದು ಡಮ್ಮಿ ಫಂಕ್ಷನ್ 1331 ಗಾಗಿ ಸಂಶ್ಲೇಷಿತ ಕಾಮೆಂಟ್ ಆಗಿದೆ.,Synthetic,Generated_Data,this is a synthetic comment for dummy function 1331,ಇದ ಡಮಮ ಫಕಷನ 1331 ಗಗ ಸಶಲಷತ ಕಮಟ ಆಗದ,"// Dummy code snippet <NUM>
void dummy_function_1331() { /* This is a placeholder. */ }"
DUMMY_1332,"// Dummy code snippet 1332
void dummy_function_1332() { /* This is a placeholder. */ }",Unknown,This is a synthetic comment for dummy function 1332.,it,Questo è un commento sintetico per la funzione fittizia 1332.,Synthetic,Generated_Data,this is a synthetic comment for dummy function 1332,questo è un commento sintetico per la funzione fittizia 1332,"// Dummy code snippet <NUM>
void dummy_function_1332() { /* This is a placeholder. */ }"
DUMMY_1333,"// Dummy code snippet 1333
void dummy_function_1333() { /* This is a placeholder. */ }",Unknown,This is a synthetic comment for dummy function 1333.,ta,போலி செயல்பாடு 1333 க்கான செயற்கை கருத்து இது.,Synthetic,Generated_Data,this is a synthetic comment for dummy function 1333,பல சயலபட 1333 ககன சயறக கரதத இத,"// Dummy code snippet <NUM>
void dummy_function_1333() { /* This is a placeholder. */ }"
DUMMY_1334,"// Dummy code snippet 1334
void dummy_function_1334() { /* This is a placeholder. */ }",Unknown,This is a synthetic comment for dummy function 1334.,fr,Ceci est un commentaire synthétique pour la fonction factice 1334.,Synthetic,Generated_Data,this is a synthetic comment for dummy function 1334,ceci est un commentaire synthétique pour la fonction factice 1334,"// Dummy code snippet <NUM>
void dummy_function_1334() { /* This is a placeholder. */ }"
DUMMY_1335,"// Dummy code snippet 1335
void dummy_function_1335() { /* This is a placeholder. */ }",Unknown,This is a synthetic comment for dummy function 1335.,es,Este es un comentario sintético para la función ficticia 1335.,Synthetic,Generated_Data,this is a synthetic comment for dummy function 1335,este es un comentario sintético para la función ficticia 1335,"// Dummy code snippet <NUM>
void dummy_function_1335() { /* This is a placeholder. */ }"
DUMMY_1336,"// Dummy code snippet 1336
void dummy_function_1336() { /* This is a placeholder. */ }",Unknown,This is a synthetic comment for dummy function 1336.,hi,यह डमी फ़ंक्शन 1336 के लिए एक सिंथेटिक टिप्पणी है।,Synthetic,Generated_Data,this is a synthetic comment for dummy function 1336,यह डम फकशन 1336 क लए एक सथटक टपपण ह,"// Dummy code snippet <NUM>
void dummy_function_1336() { /* This is a placeholder. */ }"
DUMMY_1337,"// Dummy code snippet 1337
void dummy_function_1337() { /* This is a placeholder. */ }",Unknown,This is a synthetic comment for dummy function 1337.,en,This is a synthetic comment for dummy function 1337.,Synthetic,Generated_Data,this is a synthetic comment for dummy function 1337,this is a synthetic comment for dummy function 1337,"// Dummy code snippet <NUM>
void dummy_function_1337() { /* This is a placeholder. */ }"
DUMMY_1338,"// Dummy code snippet 1338
void dummy_function_1338() { /* This is a placeholder. */ }",Unknown,This is a synthetic comment for dummy function 1338.,te,డమ్మీ ఫంక్షన్ 1338 కోసం ఇది సింథటిక్ వ్యాఖ్య.,Synthetic,Generated_Data,this is a synthetic comment for dummy function 1338,డమమ ఫకషన 1338 కస ఇద సథటక వయఖయ,"// Dummy code snippet <NUM>
void dummy_function_1338() { /* This is a placeholder. */ }"
DUMMY_1339,"// Dummy code snippet 1339
void dummy_function_1339() { /* This is a placeholder. */ }",Unknown,This is a synthetic comment for dummy function 1339.,it,Questo è un commento sintetico per la funzione fittizia 1339.,Synthetic,Generated_Data,this is a synthetic comment for dummy function 1339,questo è un commento sintetico per la funzione fittizia 1339,"// Dummy code snippet <NUM>
void dummy_function_1339() { /* This is a placeholder. */ }"
DUMMY_1340,"// Dummy code snippet 1340
void dummy_function_1340() { /* This is a placeholder. */ }",Unknown,This is a synthetic comment for dummy function 1340.,te,డమ్మీ ఫంక్షన్ 1340 కోసం ఇది సింథటిక్ వ్యాఖ్య.,Synthetic,Generated_Data,this is a synthetic comment for dummy function 1340,డమమ ఫకషన 1340 కస ఇద సథటక వయఖయ,"// Dummy code snippet <NUM>
void dummy_function_1340() { /* This is a placeholder. */ }"
DUMMY_1341,"// Dummy code snippet 1341
void dummy_function_1341() { /* This is a placeholder. */ }",Unknown,This is a synthetic comment for dummy function 1341.,ml,ഇത് 1341 ഡമ്മി ഫംഗ്ഷനായി ഒരു സിന്തറ്റിക് അഭിപ്രായമാണ്.,Synthetic,Generated_Data,this is a synthetic comment for dummy function 1341,ഇത 1341 ഡമമ ഫഗഷനയ ഒര സനതററക അഭപരയമണ,"// Dummy code snippet <NUM>
void dummy_function_1341() { /* This is a placeholder. */ }"
DUMMY_1342,"// Dummy code snippet 1342
void dummy_function_1342() { /* This is a placeholder. */ }",Unknown,This is a synthetic comment for dummy function 1342.,de,Dies ist ein synthetischer Kommentar für die Dummy -Funktion 1342.,Synthetic,Generated_Data,this is a synthetic comment for dummy function 1342,dies ist ein synthetischer kommentar für die dummy funktion 1342,"// Dummy code snippet <NUM>
void dummy_function_1342() { /* This is a placeholder. */ }"
DUMMY_1343,"// Dummy code snippet 1343
void dummy_function_1343() { /* This is a placeholder. */ }",Unknown,This is a synthetic comment for dummy function 1343.,ta,போலி செயல்பாடு 1343 க்கான செயற்கை கருத்து இது.,Synthetic,Generated_Data,this is a synthetic comment for dummy function 1343,பல சயலபட 1343 ககன சயறக கரதத இத,"// Dummy code snippet <NUM>
void dummy_function_1343() { /* This is a placeholder. */ }"
DUMMY_1344,"// Dummy code snippet 1344
void dummy_function_1344() { /* This is a placeholder. */ }",Unknown,This is a synthetic comment for dummy function 1344.,ta,போலி செயல்பாடு 1344 க்கான செயற்கை கருத்து இது.,Synthetic,Generated_Data,this is a synthetic comment for dummy function 1344,பல சயலபட 1344 ககன சயறக கரதத இத,"// Dummy code snippet <NUM>
void dummy_function_1344() { /* This is a placeholder. */ }"
DUMMY_1345,"// Dummy code snippet 1345
void dummy_function_1345() { /* This is a placeholder. */ }",Unknown,This is a synthetic comment for dummy function 1345.,fr,Ceci est un commentaire synthétique pour la fonction factice 1345.,Synthetic,Generated_Data,this is a synthetic comment for dummy function 1345,ceci est un commentaire synthétique pour la fonction factice 1345,"// Dummy code snippet <NUM>
void dummy_function_1345() { /* This is a placeholder. */ }"
DUMMY_1346,"// Dummy code snippet 1346
void dummy_function_1346() { /* This is a placeholder. */ }",Unknown,This is a synthetic comment for dummy function 1346.,te,డమ్మీ ఫంక్షన్ 1346 కోసం ఇది సింథటిక్ వ్యాఖ్య.,Synthetic,Generated_Data,this is a synthetic comment for dummy function 1346,డమమ ఫకషన 1346 కస ఇద సథటక వయఖయ,"// Dummy code snippet <NUM>
void dummy_function_1346() { /* This is a placeholder. */ }"
DUMMY_1347,"// Dummy code snippet 1347
void dummy_function_1347() { /* This is a placeholder. */ }",Unknown,This is a synthetic comment for dummy function 1347.,it,Questo è un commento sintetico per la funzione fittizia 1347.,Synthetic,Generated_Data,this is a synthetic comment for dummy function 1347,questo è un commento sintetico per la funzione fittizia 1347,"// Dummy code snippet <NUM>
void dummy_function_1347() { /* This is a placeholder. */ }"
DUMMY_1348,"// Dummy code snippet 1348
void dummy_function_1348() { /* This is a placeholder. */ }",Unknown,This is a synthetic comment for dummy function 1348.,kn,ಡಮ್ಮಿ ಫಂಕ್ಷನ್ 1348 ಗಾಗಿ ಇದು ಸಂಶ್ಲೇಷಿತ ಕಾಮೆಂಟ್ ಆಗಿದೆ.,Synthetic,Generated_Data,this is a synthetic comment for dummy function 1348,ಡಮಮ ಫಕಷನ 1348 ಗಗ ಇದ ಸಶಲಷತ ಕಮಟ ಆಗದ,"// Dummy code snippet <NUM>
void dummy_function_1348() { /* This is a placeholder. */ }"
DUMMY_1349,"// Dummy code snippet 1349
void dummy_function_1349() { /* This is a placeholder. */ }",Unknown,This is a synthetic comment for dummy function 1349.,te,డమ్మీ ఫంక్షన్ 1349 కోసం ఇది సింథటిక్ వ్యాఖ్య.,Synthetic,Generated_Data,this is a synthetic comment for dummy function 1349,డమమ ఫకషన 1349 కస ఇద సథటక వయఖయ,"// Dummy code snippet <NUM>
void dummy_function_1349() { /* This is a placeholder. */ }"
DUMMY_1350,"// Dummy code snippet 1350
void dummy_function_1350() { /* This is a placeholder. */ }",Unknown,This is a synthetic comment for dummy function 1350.,it,Questo è un commento sintetico per la funzione fittizia 1350.,Synthetic,Generated_Data,this is a synthetic comment for dummy function 1350,questo è un commento sintetico per la funzione fittizia 1350,"// Dummy code snippet <NUM>
void dummy_function_1350() { /* This is a placeholder. */ }"
DUMMY_1351,"// Dummy code snippet 1351
void dummy_function_1351() { /* This is a placeholder. */ }",Unknown,This is a synthetic comment for dummy function 1351.,ta,போலி செயல்பாடு 1351 க்கான செயற்கை கருத்து இது.,Synthetic,Generated_Data,this is a synthetic comment for dummy function 1351,பல சயலபட 1351 ககன சயறக கரதத இத,"// Dummy code snippet <NUM>
void dummy_function_1351() { /* This is a placeholder. */ }"
DUMMY_1352,"// Dummy code snippet 1352
void dummy_function_1352() { /* This is a placeholder. */ }",Unknown,This is a synthetic comment for dummy function 1352.,kn,ಡಮ್ಮಿ ಫಂಕ್ಷನ್ 1352 ಗಾಗಿ ಇದು ಸಂಶ್ಲೇಷಿತ ಕಾಮೆಂಟ್ ಆಗಿದೆ.,Synthetic,Generated_Data,this is a synthetic comment for dummy function 1352,ಡಮಮ ಫಕಷನ 1352 ಗಗ ಇದ ಸಶಲಷತ ಕಮಟ ಆಗದ,"// Dummy code snippet <NUM>
void dummy_function_1352() { /* This is a placeholder. */ }"
DUMMY_1353,"// Dummy code snippet 1353
void dummy_function_1353() { /* This is a placeholder. */ }",Unknown,This is a synthetic comment for dummy function 1353.,fr,Ceci est un commentaire synthétique pour la fonction factice 1353.,Synthetic,Generated_Data,this is a synthetic comment for dummy function 1353,ceci est un commentaire synthétique pour la fonction factice 1353,"// Dummy code snippet <NUM>
void dummy_function_1353() { /* This is a placeholder. */ }"
DUMMY_1354,"// Dummy code snippet 1354
void dummy_function_1354() { /* This is a placeholder. */ }",Unknown,This is a synthetic comment for dummy function 1354.,it,Questo è un commento sintetico per la funzione fittizia 1354.,Synthetic,Generated_Data,this is a synthetic comment for dummy function 1354,questo è un commento sintetico per la funzione fittizia 1354,"// Dummy code snippet <NUM>
void dummy_function_1354() { /* This is a placeholder. */ }"
DUMMY_1355,"// Dummy code snippet 1355
void dummy_function_1355() { /* This is a placeholder. */ }",Unknown,This is a synthetic comment for dummy function 1355.,ml,1355 ഡമ്മി ഫംഗ്ഷനുള്ള ഒരു സിന്തറ്റിക് അഭിപ്രായമാണിത്.,Synthetic,Generated_Data,this is a synthetic comment for dummy function 1355,1355 ഡമമ ഫഗഷനളള ഒര സനതററക അഭപരയമണത,"// Dummy code snippet <NUM>
void dummy_function_1355() { /* This is a placeholder. */ }"
DUMMY_1356,"// Dummy code snippet 1356
void dummy_function_1356() { /* This is a placeholder. */ }",Unknown,This is a synthetic comment for dummy function 1356.,hi,यह डमी फ़ंक्शन 1356 के लिए एक सिंथेटिक टिप्पणी है।,Synthetic,Generated_Data,this is a synthetic comment for dummy function 1356,यह डम फकशन 1356 क लए एक सथटक टपपण ह,"// Dummy code snippet <NUM>
void dummy_function_1356() { /* This is a placeholder. */ }"
DUMMY_1357,"// Dummy code snippet 1357
void dummy_function_1357() { /* This is a placeholder. */ }",Unknown,This is a synthetic comment for dummy function 1357.,es,Este es un comentario sintético para la función ficticia 1357.,Synthetic,Generated_Data,this is a synthetic comment for dummy function 1357,este es un comentario sintético para la función ficticia 1357,"// Dummy code snippet <NUM>
void dummy_function_1357() { /* This is a placeholder. */ }"
DUMMY_1358,"// Dummy code snippet 1358
void dummy_function_1358() { /* This is a placeholder. */ }",Unknown,This is a synthetic comment for dummy function 1358.,hi,यह डमी फ़ंक्शन 1358 के लिए एक सिंथेटिक टिप्पणी है।,Synthetic,Generated_Data,this is a synthetic comment for dummy function 1358,यह डम फकशन 1358 क लए एक सथटक टपपण ह,"// Dummy code snippet <NUM>
void dummy_function_1358() { /* This is a placeholder. */ }"
DUMMY_1359,"// Dummy code snippet 1359
void dummy_function_1359() { /* This is a placeholder. */ }",Unknown,This is a synthetic comment for dummy function 1359.,es,Este es un comentario sintético para la función ficticia 1359.,Synthetic,Generated_Data,this is a synthetic comment for dummy function 1359,este es un comentario sintético para la función ficticia 1359,"// Dummy code snippet <NUM>
void dummy_function_1359() { /* This is a placeholder. */ }"
DUMMY_1360,"// Dummy code snippet 1360
void dummy_function_1360() { /* This is a placeholder. */ }",Unknown,This is a synthetic comment for dummy function 1360.,hi,यह डमी फ़ंक्शन 1360 के लिए एक सिंथेटिक टिप्पणी है।,Synthetic,Generated_Data,this is a synthetic comment for dummy function 1360,यह डम फकशन 1360 क लए एक सथटक टपपण ह,"// Dummy code snippet <NUM>
void dummy_function_1360() { /* This is a placeholder. */ }"
DUMMY_1361,"// Dummy code snippet 1361
void dummy_function_1361() { /* This is a placeholder. */ }",Unknown,This is a synthetic comment for dummy function 1361.,fr,Ceci est un commentaire synthétique pour la fonction factice 1361.,Synthetic,Generated_Data,this is a synthetic comment for dummy function 1361,ceci est un commentaire synthétique pour la fonction factice 1361,"// Dummy code snippet <NUM>
void dummy_function_1361() { /* This is a placeholder. */ }"
DUMMY_1362,"// Dummy code snippet 1362
void dummy_function_1362() { /* This is a placeholder. */ }",Unknown,This is a synthetic comment for dummy function 1362.,te,డమ్మీ ఫంక్షన్ 1362 కోసం ఇది సింథటిక్ వ్యాఖ్య.,Synthetic,Generated_Data,this is a synthetic comment for dummy function 1362,డమమ ఫకషన 1362 కస ఇద సథటక వయఖయ,"// Dummy code snippet <NUM>
void dummy_function_1362() { /* This is a placeholder. */ }"
DUMMY_1363,"// Dummy code snippet 1363
void dummy_function_1363() { /* This is a placeholder. */ }",Unknown,This is a synthetic comment for dummy function 1363.,ml,1363 ഡമ്മി ഫംഗ്ഷനുള്ള ഒരു സിന്തറ്റിക് അഭിപ്രായമാണിത്.,Synthetic,Generated_Data,this is a synthetic comment for dummy function 1363,1363 ഡമമ ഫഗഷനളള ഒര സനതററക അഭപരയമണത,"// Dummy code snippet <NUM>
void dummy_function_1363() { /* This is a placeholder. */ }"
DUMMY_1364,"// Dummy code snippet 1364
void dummy_function_1364() { /* This is a placeholder. */ }",Unknown,This is a synthetic comment for dummy function 1364.,en,This is a synthetic comment for dummy function 1364.,Synthetic,Generated_Data,this is a synthetic comment for dummy function 1364,this is a synthetic comment for dummy function 1364,"// Dummy code snippet <NUM>
void dummy_function_1364() { /* This is a placeholder. */ }"
DUMMY_1365,"// Dummy code snippet 1365
void dummy_function_1365() { /* This is a placeholder. */ }",Unknown,This is a synthetic comment for dummy function 1365.,kn,ಡಮ್ಮಿ ಫಂಕ್ಷನ್ 1365 ಗಾಗಿ ಇದು ಸಂಶ್ಲೇಷಿತ ಕಾಮೆಂಟ್ ಆಗಿದೆ.,Synthetic,Generated_Data,this is a synthetic comment for dummy function 1365,ಡಮಮ ಫಕಷನ 1365 ಗಗ ಇದ ಸಶಲಷತ ಕಮಟ ಆಗದ,"// Dummy code snippet <NUM>
void dummy_function_1365() { /* This is a placeholder. */ }"
DUMMY_1366,"// Dummy code snippet 1366
void dummy_function_1366() { /* This is a placeholder. */ }",Unknown,This is a synthetic comment for dummy function 1366.,de,Dies ist ein synthetischer Kommentar für die Dummy -Funktion 1366.,Synthetic,Generated_Data,this is a synthetic comment for dummy function 1366,dies ist ein synthetischer kommentar für die dummy funktion 1366,"// Dummy code snippet <NUM>
void dummy_function_1366() { /* This is a placeholder. */ }"
DUMMY_1367,"// Dummy code snippet 1367
void dummy_function_1367() { /* This is a placeholder. */ }",Unknown,This is a synthetic comment for dummy function 1367.,es,Este es un comentario sintético para la función ficticia 1367.,Synthetic,Generated_Data,this is a synthetic comment for dummy function 1367,este es un comentario sintético para la función ficticia 1367,"// Dummy code snippet <NUM>
void dummy_function_1367() { /* This is a placeholder. */ }"
DUMMY_1368,"// Dummy code snippet 1368
void dummy_function_1368() { /* This is a placeholder. */ }",Unknown,This is a synthetic comment for dummy function 1368.,fr,Ceci est un commentaire synthétique pour la fonction factice 1368.,Synthetic,Generated_Data,this is a synthetic comment for dummy function 1368,ceci est un commentaire synthétique pour la fonction factice 1368,"// Dummy code snippet <NUM>
void dummy_function_1368() { /* This is a placeholder. */ }"
DUMMY_1369,"// Dummy code snippet 1369
void dummy_function_1369() { /* This is a placeholder. */ }",Unknown,This is a synthetic comment for dummy function 1369.,en,This is a synthetic comment for dummy function 1369.,Synthetic,Generated_Data,this is a synthetic comment for dummy function 1369,this is a synthetic comment for dummy function 1369,"// Dummy code snippet <NUM>
void dummy_function_1369() { /* This is a placeholder. */ }"
DUMMY_1370,"// Dummy code snippet 1370
void dummy_function_1370() { /* This is a placeholder. */ }",Unknown,This is a synthetic comment for dummy function 1370.,en,This is a synthetic comment for dummy function 1370.,Synthetic,Generated_Data,this is a synthetic comment for dummy function 1370,this is a synthetic comment for dummy function 1370,"// Dummy code snippet <NUM>
void dummy_function_1370() { /* This is a placeholder. */ }"
DUMMY_1371,"// Dummy code snippet 1371
void dummy_function_1371() { /* This is a placeholder. */ }",Unknown,This is a synthetic comment for dummy function 1371.,kn,ಇದು ಡಮ್ಮಿ ಫಂಕ್ಷನ್ 1371 ಗಾಗಿ ಸಂಶ್ಲೇಷಿತ ಕಾಮೆಂಟ್ ಆಗಿದೆ.,Synthetic,Generated_Data,this is a synthetic comment for dummy function 1371,ಇದ ಡಮಮ ಫಕಷನ 1371 ಗಗ ಸಶಲಷತ ಕಮಟ ಆಗದ,"// Dummy code snippet <NUM>
void dummy_function_1371() { /* This is a placeholder. */ }"
DUMMY_1372,"// Dummy code snippet 1372
void dummy_function_1372() { /* This is a placeholder. */ }",Unknown,This is a synthetic comment for dummy function 1372.,fr,Ceci est un commentaire synthétique pour la fonction factice 1372.,Synthetic,Generated_Data,this is a synthetic comment for dummy function 1372,ceci est un commentaire synthétique pour la fonction factice 1372,"// Dummy code snippet <NUM>
void dummy_function_1372() { /* This is a placeholder. */ }"
DUMMY_1373,"// Dummy code snippet 1373
void dummy_function_1373() { /* This is a placeholder. */ }",Unknown,This is a synthetic comment for dummy function 1373.,es,Este es un comentario sintético para la función ficticia 1373.,Synthetic,Generated_Data,this is a synthetic comment for dummy function 1373,este es un comentario sintético para la función ficticia 1373,"// Dummy code snippet <NUM>
void dummy_function_1373() { /* This is a placeholder. */ }"
DUMMY_1374,"// Dummy code snippet 1374
void dummy_function_1374() { /* This is a placeholder. */ }",Unknown,This is a synthetic comment for dummy function 1374.,te,డమ్మీ ఫంక్షన్ 1374 కోసం ఇది సింథటిక్ వ్యాఖ్య.,Synthetic,Generated_Data,this is a synthetic comment for dummy function 1374,డమమ ఫకషన 1374 కస ఇద సథటక వయఖయ,"// Dummy code snippet <NUM>
void dummy_function_1374() { /* This is a placeholder. */ }"
DUMMY_1375,"// Dummy code snippet 1375
void dummy_function_1375() { /* This is a placeholder. */ }",Unknown,This is a synthetic comment for dummy function 1375.,de,Dies ist ein synthetischer Kommentar für die Dummy -Funktion 1375.,Synthetic,Generated_Data,this is a synthetic comment for dummy function 1375,dies ist ein synthetischer kommentar für die dummy funktion 1375,"// Dummy code snippet <NUM>
void dummy_function_1375() { /* This is a placeholder. */ }"
DUMMY_1376,"// Dummy code snippet 1376
void dummy_function_1376() { /* This is a placeholder. */ }",Unknown,This is a synthetic comment for dummy function 1376.,hi,यह डमी फ़ंक्शन 1376 के लिए एक सिंथेटिक टिप्पणी है।,Synthetic,Generated_Data,this is a synthetic comment for dummy function 1376,यह डम फकशन 1376 क लए एक सथटक टपपण ह,"// Dummy code snippet <NUM>
void dummy_function_1376() { /* This is a placeholder. */ }"
DUMMY_1377,"// Dummy code snippet 1377
void dummy_function_1377() { /* This is a placeholder. */ }",Unknown,This is a synthetic comment for dummy function 1377.,ml,1377 ഡമ്മി ഫംഗ്ഷനുള്ള ഒരു സിന്തറ്റിക് അഭിപ്രായമാണിത്.,Synthetic,Generated_Data,this is a synthetic comment for dummy function 1377,1377 ഡമമ ഫഗഷനളള ഒര സനതററക അഭപരയമണത,"// Dummy code snippet <NUM>
void dummy_function_1377() { /* This is a placeholder. */ }"
DUMMY_1378,"// Dummy code snippet 1378
void dummy_function_1378() { /* This is a placeholder. */ }",Unknown,This is a synthetic comment for dummy function 1378.,ml,1378 ഡമ്മി ഫംഗ്ഷനുള്ള ഒരു സിന്തറ്റിക് അഭിപ്രായമാണിത്.,Synthetic,Generated_Data,this is a synthetic comment for dummy function 1378,1378 ഡമമ ഫഗഷനളള ഒര സനതററക അഭപരയമണത,"// Dummy code snippet <NUM>
void dummy_function_1378() { /* This is a placeholder. */ }"
DUMMY_1379,"// Dummy code snippet 1379
void dummy_function_1379() { /* This is a placeholder. */ }",Unknown,This is a synthetic comment for dummy function 1379.,te,డమ్మీ ఫంక్షన్ 1379 కోసం ఇది సింథటిక్ వ్యాఖ్య.,Synthetic,Generated_Data,this is a synthetic comment for dummy function 1379,డమమ ఫకషన 1379 కస ఇద సథటక వయఖయ,"// Dummy code snippet <NUM>
void dummy_function_1379() { /* This is a placeholder. */ }"
DUMMY_1380,"// Dummy code snippet 1380
void dummy_function_1380() { /* This is a placeholder. */ }",Unknown,This is a synthetic comment for dummy function 1380.,ml,1380 ഡമ്മി ഫംഗ്ഷനുള്ള ഒരു സിന്തറ്റിക് അഭിപ്രായമാണിത്.,Synthetic,Generated_Data,this is a synthetic comment for dummy function 1380,1380 ഡമമ ഫഗഷനളള ഒര സനതററക അഭപരയമണത,"// Dummy code snippet <NUM>
void dummy_function_1380() { /* This is a placeholder. */ }"
DUMMY_1381,"// Dummy code snippet 1381
void dummy_function_1381() { /* This is a placeholder. */ }",Unknown,This is a synthetic comment for dummy function 1381.,kn,ಡಮ್ಮಿ ಫಂಕ್ಷನ್ 1381 ಗಾಗಿ ಇದು ಸಂಶ್ಲೇಷಿತ ಕಾಮೆಂಟ್ ಆಗಿದೆ.,Synthetic,Generated_Data,this is a synthetic comment for dummy function 1381,ಡಮಮ ಫಕಷನ 1381 ಗಗ ಇದ ಸಶಲಷತ ಕಮಟ ಆಗದ,"// Dummy code snippet <NUM>
void dummy_function_1381() { /* This is a placeholder. */ }"
DUMMY_1382,"// Dummy code snippet 1382
void dummy_function_1382() { /* This is a placeholder. */ }",Unknown,This is a synthetic comment for dummy function 1382.,ta,போலி செயல்பாடு 1382 க்கான செயற்கை கருத்து இது.,Synthetic,Generated_Data,this is a synthetic comment for dummy function 1382,பல சயலபட 1382 ககன சயறக கரதத இத,"// Dummy code snippet <NUM>
void dummy_function_1382() { /* This is a placeholder. */ }"
DUMMY_1383,"// Dummy code snippet 1383
void dummy_function_1383() { /* This is a placeholder. */ }",Unknown,This is a synthetic comment for dummy function 1383.,it,Questo è un commento sintetico per la funzione fittizia 1383.,Synthetic,Generated_Data,this is a synthetic comment for dummy function 1383,questo è un commento sintetico per la funzione fittizia 1383,"// Dummy code snippet <NUM>
void dummy_function_1383() { /* This is a placeholder. */ }"
DUMMY_1384,"// Dummy code snippet 1384
void dummy_function_1384() { /* This is a placeholder. */ }",Unknown,This is a synthetic comment for dummy function 1384.,te,డమ్మీ ఫంక్షన్ 1384 కోసం ఇది సింథటిక్ వ్యాఖ్య.,Synthetic,Generated_Data,this is a synthetic comment for dummy function 1384,డమమ ఫకషన 1384 కస ఇద సథటక వయఖయ,"// Dummy code snippet <NUM>
void dummy_function_1384() { /* This is a placeholder. */ }"
DUMMY_1385,"// Dummy code snippet 1385
void dummy_function_1385() { /* This is a placeholder. */ }",Unknown,This is a synthetic comment for dummy function 1385.,en,This is a synthetic comment for dummy function 1385.,Synthetic,Generated_Data,this is a synthetic comment for dummy function 1385,this is a synthetic comment for dummy function 1385,"// Dummy code snippet <NUM>
void dummy_function_1385() { /* This is a placeholder. */ }"
DUMMY_1386,"// Dummy code snippet 1386
void dummy_function_1386() { /* This is a placeholder. */ }",Unknown,This is a synthetic comment for dummy function 1386.,ml,1386 ഡമ്മി ഫംഗ്ഷനുള്ള ഒരു സിന്തറ്റിക് അഭിപ്രായമാണിത്.,Synthetic,Generated_Data,this is a synthetic comment for dummy function 1386,1386 ഡമമ ഫഗഷനളള ഒര സനതററക അഭപരയമണത,"// Dummy code snippet <NUM>
void dummy_function_1386() { /* This is a placeholder. */ }"
DUMMY_1387,"// Dummy code snippet 1387
void dummy_function_1387() { /* This is a placeholder. */ }",Unknown,This is a synthetic comment for dummy function 1387.,ml,1387 ഡമ്മി ഫംഗ്ഷനുള്ള ഒരു സിന്തറ്റിക് അഭിപ്രായമാണിത്.,Synthetic,Generated_Data,this is a synthetic comment for dummy function 1387,1387 ഡമമ ഫഗഷനളള ഒര സനതററക അഭപരയമണത,"// Dummy code snippet <NUM>
void dummy_function_1387() { /* This is a placeholder. */ }"
DUMMY_1388,"// Dummy code snippet 1388
void dummy_function_1388() { /* This is a placeholder. */ }",Unknown,This is a synthetic comment for dummy function 1388.,hi,यह डमी फ़ंक्शन 1388 के लिए एक सिंथेटिक टिप्पणी है।,Synthetic,Generated_Data,this is a synthetic comment for dummy function 1388,यह डम फकशन 1388 क लए एक सथटक टपपण ह,"// Dummy code snippet <NUM>
void dummy_function_1388() { /* This is a placeholder. */ }"
DUMMY_1389,"// Dummy code snippet 1389
void dummy_function_1389() { /* This is a placeholder. */ }",Unknown,This is a synthetic comment for dummy function 1389.,en,This is a synthetic comment for dummy function 1389.,Synthetic,Generated_Data,this is a synthetic comment for dummy function 1389,this is a synthetic comment for dummy function 1389,"// Dummy code snippet <NUM>
void dummy_function_1389() { /* This is a placeholder. */ }"
DUMMY_1390,"// Dummy code snippet 1390
void dummy_function_1390() { /* This is a placeholder. */ }",Unknown,This is a synthetic comment for dummy function 1390.,it,Questo è un commento sintetico per la funzione fittizia 1390.,Synthetic,Generated_Data,this is a synthetic comment for dummy function 1390,questo è un commento sintetico per la funzione fittizia 1390,"// Dummy code snippet <NUM>
void dummy_function_1390() { /* This is a placeholder. */ }"
DUMMY_1391,"// Dummy code snippet 1391
void dummy_function_1391() { /* This is a placeholder. */ }",Unknown,This is a synthetic comment for dummy function 1391.,en,This is a synthetic comment for dummy function 1391.,Synthetic,Generated_Data,this is a synthetic comment for dummy function 1391,this is a synthetic comment for dummy function 1391,"// Dummy code snippet <NUM>
void dummy_function_1391() { /* This is a placeholder. */ }"
DUMMY_1392,"// Dummy code snippet 1392
void dummy_function_1392() { /* This is a placeholder. */ }",Unknown,This is a synthetic comment for dummy function 1392.,hi,यह डमी फ़ंक्शन 1392 के लिए एक सिंथेटिक टिप्पणी है।,Synthetic,Generated_Data,this is a synthetic comment for dummy function 1392,यह डम फकशन 1392 क लए एक सथटक टपपण ह,"// Dummy code snippet <NUM>
void dummy_function_1392() { /* This is a placeholder. */ }"
DUMMY_1393,"// Dummy code snippet 1393
void dummy_function_1393() { /* This is a placeholder. */ }",Unknown,This is a synthetic comment for dummy function 1393.,ta,போலி செயல்பாடு 1393 க்கான செயற்கை கருத்து இது.,Synthetic,Generated_Data,this is a synthetic comment for dummy function 1393,பல சயலபட 1393 ககன சயறக கரதத இத,"// Dummy code snippet <NUM>
void dummy_function_1393() { /* This is a placeholder. */ }"
DUMMY_1394,"// Dummy code snippet 1394
void dummy_function_1394() { /* This is a placeholder. */ }",Unknown,This is a synthetic comment for dummy function 1394.,kn,ಡಮ್ಮಿ ಫಂಕ್ಷನ್ 1394 ಗಾಗಿ ಇದು ಸಂಶ್ಲೇಷಿತ ಕಾಮೆಂಟ್ ಆಗಿದೆ.,Synthetic,Generated_Data,this is a synthetic comment for dummy function 1394,ಡಮಮ ಫಕಷನ 1394 ಗಗ ಇದ ಸಶಲಷತ ಕಮಟ ಆಗದ,"// Dummy code snippet <NUM>
void dummy_function_1394() { /* This is a placeholder. */ }"
DUMMY_1395,"// Dummy code snippet 1395
void dummy_function_1395() { /* This is a placeholder. */ }",Unknown,This is a synthetic comment for dummy function 1395.,fr,Ceci est un commentaire synthétique pour la fonction factice 1395.,Synthetic,Generated_Data,this is a synthetic comment for dummy function 1395,ceci est un commentaire synthétique pour la fonction factice 1395,"// Dummy code snippet <NUM>
void dummy_function_1395() { /* This is a placeholder. */ }"
DUMMY_1396,"// Dummy code snippet 1396
void dummy_function_1396() { /* This is a placeholder. */ }",Unknown,This is a synthetic comment for dummy function 1396.,en,This is a synthetic comment for dummy function 1396.,Synthetic,Generated_Data,this is a synthetic comment for dummy function 1396,this is a synthetic comment for dummy function 1396,"// Dummy code snippet <NUM>
void dummy_function_1396() { /* This is a placeholder. */ }"
DUMMY_1397,"// Dummy code snippet 1397
void dummy_function_1397() { /* This is a placeholder. */ }",Unknown,This is a synthetic comment for dummy function 1397.,kn,ಡಮ್ಮಿ ಫಂಕ್ಷನ್ 1397 ಗಾಗಿ ಇದು ಸಂಶ್ಲೇಷಿತ ಕಾಮೆಂಟ್ ಆಗಿದೆ.,Synthetic,Generated_Data,this is a synthetic comment for dummy function 1397,ಡಮಮ ಫಕಷನ 1397 ಗಗ ಇದ ಸಶಲಷತ ಕಮಟ ಆಗದ,"// Dummy code snippet <NUM>
void dummy_function_1397() { /* This is a placeholder. */ }"
DUMMY_1398,"// Dummy code snippet 1398
void dummy_function_1398() { /* This is a placeholder. */ }",Unknown,This is a synthetic comment for dummy function 1398.,fr,Ceci est un commentaire synthétique pour la fonction factice 1398.,Synthetic,Generated_Data,this is a synthetic comment for dummy function 1398,ceci est un commentaire synthétique pour la fonction factice 1398,"// Dummy code snippet <NUM>
void dummy_function_1398() { /* This is a placeholder. */ }"
DUMMY_1399,"// Dummy code snippet 1399
void dummy_function_1399() { /* This is a placeholder. */ }",Unknown,This is a synthetic comment for dummy function 1399.,it,Questo è un commento sintetico per la funzione fittizia 1399.,Synthetic,Generated_Data,this is a synthetic comment for dummy function 1399,questo è un commento sintetico per la funzione fittizia 1399,"// Dummy code snippet <NUM>
void dummy_function_1399() { /* This is a placeholder. */ }"
DUMMY_1400,"// Dummy code snippet 1400
void dummy_function_1400() { /* This is a placeholder. */ }",Unknown,This is a synthetic comment for dummy function 1400.,ta,போலி செயல்பாடு 1400 க்கான செயற்கை கருத்து இது.,Synthetic,Generated_Data,this is a synthetic comment for dummy function 1400,பல சயலபட 1400 ககன சயறக கரதத இத,"// Dummy code snippet <NUM>
void dummy_function_1400() { /* This is a placeholder. */ }"
DUMMY_1401,"// Dummy code snippet 1401
void dummy_function_1401() { /* This is a placeholder. */ }",Unknown,This is a synthetic comment for dummy function 1401.,es,Este es un comentario sintético para la función ficticia 1401.,Synthetic,Generated_Data,this is a synthetic comment for dummy function 1401,este es un comentario sintético para la función ficticia 1401,"// Dummy code snippet <NUM>
void dummy_function_1401() { /* This is a placeholder. */ }"
DUMMY_1402,"// Dummy code snippet 1402
void dummy_function_1402() { /* This is a placeholder. */ }",Unknown,This is a synthetic comment for dummy function 1402.,te,ఇది డమ్మీ ఫంక్షన్ 1402 కోసం సింథటిక్ వ్యాఖ్య.,Synthetic,Generated_Data,this is a synthetic comment for dummy function 1402,ఇద డమమ ఫకషన 1402 కస సథటక వయఖయ,"// Dummy code snippet <NUM>
void dummy_function_1402() { /* This is a placeholder. */ }"
DUMMY_1403,"// Dummy code snippet 1403
void dummy_function_1403() { /* This is a placeholder. */ }",Unknown,This is a synthetic comment for dummy function 1403.,ml,1403 ഡമ്മി ഫംഗ്ഷനുള്ള ഒരു സിന്തറ്റിക് അഭിപ്രായമാണിത്.,Synthetic,Generated_Data,this is a synthetic comment for dummy function 1403,1403 ഡമമ ഫഗഷനളള ഒര സനതററക അഭപരയമണത,"// Dummy code snippet <NUM>
void dummy_function_1403() { /* This is a placeholder. */ }"
DUMMY_1404,"// Dummy code snippet 1404
void dummy_function_1404() { /* This is a placeholder. */ }",Unknown,This is a synthetic comment for dummy function 1404.,ml,1404 ഡമ്മി ഫംഗ്ഷനുള്ള ഒരു സിന്തറ്റിക് അഭിപ്രായമാണിത്.,Synthetic,Generated_Data,this is a synthetic comment for dummy function 1404,1404 ഡമമ ഫഗഷനളള ഒര സനതററക അഭപരയമണത,"// Dummy code snippet <NUM>
void dummy_function_1404() { /* This is a placeholder. */ }"
DUMMY_1405,"// Dummy code snippet 1405
void dummy_function_1405() { /* This is a placeholder. */ }",Unknown,This is a synthetic comment for dummy function 1405.,fr,Ceci est un commentaire synthétique pour la fonction factice 1405.,Synthetic,Generated_Data,this is a synthetic comment for dummy function 1405,ceci est un commentaire synthétique pour la fonction factice 1405,"// Dummy code snippet <NUM>
void dummy_function_1405() { /* This is a placeholder. */ }"
DUMMY_1406,"// Dummy code snippet 1406
void dummy_function_1406() { /* This is a placeholder. */ }",Unknown,This is a synthetic comment for dummy function 1406.,it,Questo è un commento sintetico per la funzione fittizia 1406.,Synthetic,Generated_Data,this is a synthetic comment for dummy function 1406,questo è un commento sintetico per la funzione fittizia 1406,"// Dummy code snippet <NUM>
void dummy_function_1406() { /* This is a placeholder. */ }"
DUMMY_1407,"// Dummy code snippet 1407
void dummy_function_1407() { /* This is a placeholder. */ }",Unknown,This is a synthetic comment for dummy function 1407.,en,This is a synthetic comment for dummy function 1407.,Synthetic,Generated_Data,this is a synthetic comment for dummy function 1407,this is a synthetic comment for dummy function 1407,"// Dummy code snippet <NUM>
void dummy_function_1407() { /* This is a placeholder. */ }"
DUMMY_1408,"// Dummy code snippet 1408
void dummy_function_1408() { /* This is a placeholder. */ }",Unknown,This is a synthetic comment for dummy function 1408.,ta,போலி செயல்பாடு 1408 க்கான செயற்கை கருத்து இது.,Synthetic,Generated_Data,this is a synthetic comment for dummy function 1408,பல சயலபட 1408 ககன சயறக கரதத இத,"// Dummy code snippet <NUM>
void dummy_function_1408() { /* This is a placeholder. */ }"
DUMMY_1409,"// Dummy code snippet 1409
void dummy_function_1409() { /* This is a placeholder. */ }",Unknown,This is a synthetic comment for dummy function 1409.,en,This is a synthetic comment for dummy function 1409.,Synthetic,Generated_Data,this is a synthetic comment for dummy function 1409,this is a synthetic comment for dummy function 1409,"// Dummy code snippet <NUM>
void dummy_function_1409() { /* This is a placeholder. */ }"
DUMMY_1410,"// Dummy code snippet 1410
void dummy_function_1410() { /* This is a placeholder. */ }",Unknown,This is a synthetic comment for dummy function 1410.,fr,Ceci est un commentaire synthétique pour la fonction factice 1410.,Synthetic,Generated_Data,this is a synthetic comment for dummy function 1410,ceci est un commentaire synthétique pour la fonction factice 1410,"// Dummy code snippet <NUM>
void dummy_function_1410() { /* This is a placeholder. */ }"
DUMMY_1411,"// Dummy code snippet 1411
void dummy_function_1411() { /* This is a placeholder. */ }",Unknown,This is a synthetic comment for dummy function 1411.,ta,போலி செயல்பாடு 1411 க்கான செயற்கை கருத்து இது.,Synthetic,Generated_Data,this is a synthetic comment for dummy function 1411,பல சயலபட 1411 ககன சயறக கரதத இத,"// Dummy code snippet <NUM>
void dummy_function_1411() { /* This is a placeholder. */ }"
DUMMY_1412,"// Dummy code snippet 1412
void dummy_function_1412() { /* This is a placeholder. */ }",Unknown,This is a synthetic comment for dummy function 1412.,hi,यह डमी फ़ंक्शन 1412 के लिए एक सिंथेटिक टिप्पणी है।,Synthetic,Generated_Data,this is a synthetic comment for dummy function 1412,यह डम फकशन 1412 क लए एक सथटक टपपण ह,"// Dummy code snippet <NUM>
void dummy_function_1412() { /* This is a placeholder. */ }"
DUMMY_1413,"// Dummy code snippet 1413
void dummy_function_1413() { /* This is a placeholder. */ }",Unknown,This is a synthetic comment for dummy function 1413.,kn,ಡಮ್ಮಿ ಫಂಕ್ಷನ್ 1413 ಗಾಗಿ ಇದು ಸಂಶ್ಲೇಷಿತ ಕಾಮೆಂಟ್ ಆಗಿದೆ.,Synthetic,Generated_Data,this is a synthetic comment for dummy function 1413,ಡಮಮ ಫಕಷನ 1413 ಗಗ ಇದ ಸಶಲಷತ ಕಮಟ ಆಗದ,"// Dummy code snippet <NUM>
void dummy_function_1413() { /* This is a placeholder. */ }"
DUMMY_1414,"// Dummy code snippet 1414
void dummy_function_1414() { /* This is a placeholder. */ }",Unknown,This is a synthetic comment for dummy function 1414.,fr,Ceci est un commentaire synthétique pour la fonction factice 1414.,Synthetic,Generated_Data,this is a synthetic comment for dummy function 1414,ceci est un commentaire synthétique pour la fonction factice 1414,"// Dummy code snippet <NUM>
void dummy_function_1414() { /* This is a placeholder. */ }"
DUMMY_1415,"// Dummy code snippet 1415
void dummy_function_1415() { /* This is a placeholder. */ }",Unknown,This is a synthetic comment for dummy function 1415.,en,This is a synthetic comment for dummy function 1415.,Synthetic,Generated_Data,this is a synthetic comment for dummy function 1415,this is a synthetic comment for dummy function 1415,"// Dummy code snippet <NUM>
void dummy_function_1415() { /* This is a placeholder. */ }"
DUMMY_1416,"// Dummy code snippet 1416
void dummy_function_1416() { /* This is a placeholder. */ }",Unknown,This is a synthetic comment for dummy function 1416.,te,డమ్మీ ఫంక్షన్ 1416 కోసం ఇది సింథటిక్ వ్యాఖ్య.,Synthetic,Generated_Data,this is a synthetic comment for dummy function 1416,డమమ ఫకషన 1416 కస ఇద సథటక వయఖయ,"// Dummy code snippet <NUM>
void dummy_function_1416() { /* This is a placeholder. */ }"
DUMMY_1417,"// Dummy code snippet 1417
void dummy_function_1417() { /* This is a placeholder. */ }",Unknown,This is a synthetic comment for dummy function 1417.,fr,Ceci est un commentaire synthétique pour la fonction factice 1417.,Synthetic,Generated_Data,this is a synthetic comment for dummy function 1417,ceci est un commentaire synthétique pour la fonction factice 1417,"// Dummy code snippet <NUM>
void dummy_function_1417() { /* This is a placeholder. */ }"
DUMMY_1418,"// Dummy code snippet 1418
void dummy_function_1418() { /* This is a placeholder. */ }",Unknown,This is a synthetic comment for dummy function 1418.,kn,ಡಮ್ಮಿ ಫಂಕ್ಷನ್ 1418 ಗಾಗಿ ಇದು ಸಂಶ್ಲೇಷಿತ ಕಾಮೆಂಟ್ ಆಗಿದೆ.,Synthetic,Generated_Data,this is a synthetic comment for dummy function 1418,ಡಮಮ ಫಕಷನ 1418 ಗಗ ಇದ ಸಶಲಷತ ಕಮಟ ಆಗದ,"// Dummy code snippet <NUM>
void dummy_function_1418() { /* This is a placeholder. */ }"
DUMMY_1419,"// Dummy code snippet 1419
void dummy_function_1419() { /* This is a placeholder. */ }",Unknown,This is a synthetic comment for dummy function 1419.,hi,यह डमी फ़ंक्शन 1419 के लिए एक सिंथेटिक टिप्पणी है।,Synthetic,Generated_Data,this is a synthetic comment for dummy function 1419,यह डम फकशन 1419 क लए एक सथटक टपपण ह,"// Dummy code snippet <NUM>
void dummy_function_1419() { /* This is a placeholder. */ }"
DUMMY_1420,"// Dummy code snippet 1420
void dummy_function_1420() { /* This is a placeholder. */ }",Unknown,This is a synthetic comment for dummy function 1420.,ml,1420 ഡമ്മി ഫംഗ്ഷനുള്ള ഒരു സിന്തറ്റിക് അഭിപ്രായമാണിത്.,Synthetic,Generated_Data,this is a synthetic comment for dummy function 1420,1420 ഡമമ ഫഗഷനളള ഒര സനതററക അഭപരയമണത,"// Dummy code snippet <NUM>
void dummy_function_1420() { /* This is a placeholder. */ }"
DUMMY_1421,"// Dummy code snippet 1421
void dummy_function_1421() { /* This is a placeholder. */ }",Unknown,This is a synthetic comment for dummy function 1421.,ml,1421 ഡമ്മി ഫംഗ്ഷനുള്ള ഒരു സിന്തറ്റിക് അഭിപ്രായമാണിത്.,Synthetic,Generated_Data,this is a synthetic comment for dummy function 1421,1421 ഡമമ ഫഗഷനളള ഒര സനതററക അഭപരയമണത,"// Dummy code snippet <NUM>
void dummy_function_1421() { /* This is a placeholder. */ }"
DUMMY_1422,"// Dummy code snippet 1422
void dummy_function_1422() { /* This is a placeholder. */ }",Unknown,This is a synthetic comment for dummy function 1422.,kn,ಇದು ಡಮ್ಮಿ ಫಂಕ್ಷನ್ 1422 ಗಾಗಿ ಸಂಶ್ಲೇಷಿತ ಕಾಮೆಂಟ್ ಆಗಿದೆ.,Synthetic,Generated_Data,this is a synthetic comment for dummy function 1422,ಇದ ಡಮಮ ಫಕಷನ 1422 ಗಗ ಸಶಲಷತ ಕಮಟ ಆಗದ,"// Dummy code snippet <NUM>
void dummy_function_1422() { /* This is a placeholder. */ }"
DUMMY_1423,"// Dummy code snippet 1423
void dummy_function_1423() { /* This is a placeholder. */ }",Unknown,This is a synthetic comment for dummy function 1423.,es,Este es un comentario sintético para la función ficticia 1423.,Synthetic,Generated_Data,this is a synthetic comment for dummy function 1423,este es un comentario sintético para la función ficticia 1423,"// Dummy code snippet <NUM>
void dummy_function_1423() { /* This is a placeholder. */ }"
DUMMY_1424,"// Dummy code snippet 1424
void dummy_function_1424() { /* This is a placeholder. */ }",Unknown,This is a synthetic comment for dummy function 1424.,ml,1424 ഡമ്മി ഫംഗ്ഷനുള്ള ഒരു സിന്തറ്റിക് അഭിപ്രായമാണിത്.,Synthetic,Generated_Data,this is a synthetic comment for dummy function 1424,1424 ഡമമ ഫഗഷനളള ഒര സനതററക അഭപരയമണത,"// Dummy code snippet <NUM>
void dummy_function_1424() { /* This is a placeholder. */ }"
DUMMY_1425,"// Dummy code snippet 1425
void dummy_function_1425() { /* This is a placeholder. */ }",Unknown,This is a synthetic comment for dummy function 1425.,te,డమ్మీ ఫంక్షన్ 1425 కోసం ఇది సింథటిక్ వ్యాఖ్య.,Synthetic,Generated_Data,this is a synthetic comment for dummy function 1425,డమమ ఫకషన 1425 కస ఇద సథటక వయఖయ,"// Dummy code snippet <NUM>
void dummy_function_1425() { /* This is a placeholder. */ }"
DUMMY_1426,"// Dummy code snippet 1426
void dummy_function_1426() { /* This is a placeholder. */ }",Unknown,This is a synthetic comment for dummy function 1426.,en,This is a synthetic comment for dummy function 1426.,Synthetic,Generated_Data,this is a synthetic comment for dummy function 1426,this is a synthetic comment for dummy function 1426,"// Dummy code snippet <NUM>
void dummy_function_1426() { /* This is a placeholder. */ }"
DUMMY_1427,"// Dummy code snippet 1427
void dummy_function_1427() { /* This is a placeholder. */ }",Unknown,This is a synthetic comment for dummy function 1427.,it,Questo è un commento sintetico per la funzione fittizia 1427.,Synthetic,Generated_Data,this is a synthetic comment for dummy function 1427,questo è un commento sintetico per la funzione fittizia 1427,"// Dummy code snippet <NUM>
void dummy_function_1427() { /* This is a placeholder. */ }"
DUMMY_1428,"// Dummy code snippet 1428
void dummy_function_1428() { /* This is a placeholder. */ }",Unknown,This is a synthetic comment for dummy function 1428.,ta,இது போலி செயல்பாடு 1428 க்கான செயற்கை கருத்து.,Synthetic,Generated_Data,this is a synthetic comment for dummy function 1428,இத பல சயலபட 1428 ககன சயறக கரதத,"// Dummy code snippet <NUM>
void dummy_function_1428() { /* This is a placeholder. */ }"
DUMMY_1429,"// Dummy code snippet 1429
void dummy_function_1429() { /* This is a placeholder. */ }",Unknown,This is a synthetic comment for dummy function 1429.,kn,ಇದು ಡಮ್ಮಿ ಫಂಕ್ಷನ್ 1429 ಗಾಗಿ ಸಂಶ್ಲೇಷಿತ ಕಾಮೆಂಟ್ ಆಗಿದೆ.,Synthetic,Generated_Data,this is a synthetic comment for dummy function 1429,ಇದ ಡಮಮ ಫಕಷನ 1429 ಗಗ ಸಶಲಷತ ಕಮಟ ಆಗದ,"// Dummy code snippet <NUM>
void dummy_function_1429() { /* This is a placeholder. */ }"
DUMMY_1430,"// Dummy code snippet 1430
void dummy_function_1430() { /* This is a placeholder. */ }",Unknown,This is a synthetic comment for dummy function 1430.,it,Questo è un commento sintetico per la funzione fittizia 1430.,Synthetic,Generated_Data,this is a synthetic comment for dummy function 1430,questo è un commento sintetico per la funzione fittizia 1430,"// Dummy code snippet <NUM>
void dummy_function_1430() { /* This is a placeholder. */ }"
DUMMY_1431,"// Dummy code snippet 1431
void dummy_function_1431() { /* This is a placeholder. */ }",Unknown,This is a synthetic comment for dummy function 1431.,es,Este es un comentario sintético para la función ficticia 1431.,Synthetic,Generated_Data,this is a synthetic comment for dummy function 1431,este es un comentario sintético para la función ficticia 1431,"// Dummy code snippet <NUM>
void dummy_function_1431() { /* This is a placeholder. */ }"
DUMMY_1432,"// Dummy code snippet 1432
void dummy_function_1432() { /* This is a placeholder. */ }",Unknown,This is a synthetic comment for dummy function 1432.,hi,यह डमी फ़ंक्शन 1432 के लिए एक सिंथेटिक टिप्पणी है।,Synthetic,Generated_Data,this is a synthetic comment for dummy function 1432,यह डम फकशन 1432 क लए एक सथटक टपपण ह,"// Dummy code snippet <NUM>
void dummy_function_1432() { /* This is a placeholder. */ }"
DUMMY_1433,"// Dummy code snippet 1433
void dummy_function_1433() { /* This is a placeholder. */ }",Unknown,This is a synthetic comment for dummy function 1433.,fr,Ceci est un commentaire synthétique pour la fonction factice 1433.,Synthetic,Generated_Data,this is a synthetic comment for dummy function 1433,ceci est un commentaire synthétique pour la fonction factice 1433,"// Dummy code snippet <NUM>
void dummy_function_1433() { /* This is a placeholder. */ }"
DUMMY_1434,"// Dummy code snippet 1434
void dummy_function_1434() { /* This is a placeholder. */ }",Unknown,This is a synthetic comment for dummy function 1434.,te,ఇది డమ్మీ ఫంక్షన్ 1434 కోసం సింథటిక్ వ్యాఖ్య.,Synthetic,Generated_Data,this is a synthetic comment for dummy function 1434,ఇద డమమ ఫకషన 1434 కస సథటక వయఖయ,"// Dummy code snippet <NUM>
void dummy_function_1434() { /* This is a placeholder. */ }"
DUMMY_1435,"// Dummy code snippet 1435
void dummy_function_1435() { /* This is a placeholder. */ }",Unknown,This is a synthetic comment for dummy function 1435.,kn,ಇದು ಡಮ್ಮಿ ಫಂಕ್ಷನ್ 1435 ಗಾಗಿ ಸಂಶ್ಲೇಷಿತ ಕಾಮೆಂಟ್ ಆಗಿದೆ.,Synthetic,Generated_Data,this is a synthetic comment for dummy function 1435,ಇದ ಡಮಮ ಫಕಷನ 1435 ಗಗ ಸಶಲಷತ ಕಮಟ ಆಗದ,"// Dummy code snippet <NUM>
void dummy_function_1435() { /* This is a placeholder. */ }"
DUMMY_1436,"// Dummy code snippet 1436
void dummy_function_1436() { /* This is a placeholder. */ }",Unknown,This is a synthetic comment for dummy function 1436.,ml,1436 ഡമ്മി ഫംഗ്ഷനുള്ള ഒരു സിന്തറ്റിക് അഭിപ്രായമാണിത്.,Synthetic,Generated_Data,this is a synthetic comment for dummy function 1436,1436 ഡമമ ഫഗഷനളള ഒര സനതററക അഭപരയമണത,"// Dummy code snippet <NUM>
void dummy_function_1436() { /* This is a placeholder. */ }"
DUMMY_1437,"// Dummy code snippet 1437
void dummy_function_1437() { /* This is a placeholder. */ }",Unknown,This is a synthetic comment for dummy function 1437.,hi,यह डमी फ़ंक्शन 1437 के लिए एक सिंथेटिक टिप्पणी है।,Synthetic,Generated_Data,this is a synthetic comment for dummy function 1437,यह डम फकशन 1437 क लए एक सथटक टपपण ह,"// Dummy code snippet <NUM>
void dummy_function_1437() { /* This is a placeholder. */ }"
DUMMY_1438,"// Dummy code snippet 1438
void dummy_function_1438() { /* This is a placeholder. */ }",Unknown,This is a synthetic comment for dummy function 1438.,ml,1438 ഡമ്മി ഫംഗ്ഷനുള്ള ഒരു സിന്തറ്റിക് അഭിപ്രായമാണിത്.,Synthetic,Generated_Data,this is a synthetic comment for dummy function 1438,1438 ഡമമ ഫഗഷനളള ഒര സനതററക അഭപരയമണത,"// Dummy code snippet <NUM>
void dummy_function_1438() { /* This is a placeholder. */ }"
DUMMY_1439,"// Dummy code snippet 1439
void dummy_function_1439() { /* This is a placeholder. */ }",Unknown,This is a synthetic comment for dummy function 1439.,kn,ಡಮ್ಮಿ ಫಂಕ್ಷನ್ 1439 ಗಾಗಿ ಇದು ಸಂಶ್ಲೇಷಿತ ಕಾಮೆಂಟ್ ಆಗಿದೆ.,Synthetic,Generated_Data,this is a synthetic comment for dummy function 1439,ಡಮಮ ಫಕಷನ 1439 ಗಗ ಇದ ಸಶಲಷತ ಕಮಟ ಆಗದ,"// Dummy code snippet <NUM>
void dummy_function_1439() { /* This is a placeholder. */ }"
DUMMY_1440,"// Dummy code snippet 1440
void dummy_function_1440() { /* This is a placeholder. */ }",Unknown,This is a synthetic comment for dummy function 1440.,de,Dies ist ein synthetischer Kommentar für die Dummy -Funktion 1440.,Synthetic,Generated_Data,this is a synthetic comment for dummy function 1440,dies ist ein synthetischer kommentar für die dummy funktion 1440,"// Dummy code snippet <NUM>
void dummy_function_1440() { /* This is a placeholder. */ }"
DUMMY_1441,"// Dummy code snippet 1441
void dummy_function_1441() { /* This is a placeholder. */ }",Unknown,This is a synthetic comment for dummy function 1441.,ta,போலி செயல்பாடு 1441 க்கான செயற்கை கருத்து இது.,Synthetic,Generated_Data,this is a synthetic comment for dummy function 1441,பல சயலபட 1441 ககன சயறக கரதத இத,"// Dummy code snippet <NUM>
void dummy_function_1441() { /* This is a placeholder. */ }"
DUMMY_1442,"// Dummy code snippet 1442
void dummy_function_1442() { /* This is a placeholder. */ }",Unknown,This is a synthetic comment for dummy function 1442.,de,Dies ist ein synthetischer Kommentar für die Dummy -Funktion 1442.,Synthetic,Generated_Data,this is a synthetic comment for dummy function 1442,dies ist ein synthetischer kommentar für die dummy funktion 1442,"// Dummy code snippet <NUM>
void dummy_function_1442() { /* This is a placeholder. */ }"
DUMMY_1443,"// Dummy code snippet 1443
void dummy_function_1443() { /* This is a placeholder. */ }",Unknown,This is a synthetic comment for dummy function 1443.,de,Dies ist ein synthetischer Kommentar für die Dummy -Funktion 1443.,Synthetic,Generated_Data,this is a synthetic comment for dummy function 1443,dies ist ein synthetischer kommentar für die dummy funktion 1443,"// Dummy code snippet <NUM>
void dummy_function_1443() { /* This is a placeholder. */ }"
DUMMY_1444,"// Dummy code snippet 1444
void dummy_function_1444() { /* This is a placeholder. */ }",Unknown,This is a synthetic comment for dummy function 1444.,hi,यह डमी फ़ंक्शन 1444 के लिए एक सिंथेटिक टिप्पणी है।,Synthetic,Generated_Data,this is a synthetic comment for dummy function 1444,यह डम फकशन 1444 क लए एक सथटक टपपण ह,"// Dummy code snippet <NUM>
void dummy_function_1444() { /* This is a placeholder. */ }"
DUMMY_1445,"// Dummy code snippet 1445
void dummy_function_1445() { /* This is a placeholder. */ }",Unknown,This is a synthetic comment for dummy function 1445.,hi,यह डमी फ़ंक्शन 1445 के लिए एक सिंथेटिक टिप्पणी है।,Synthetic,Generated_Data,this is a synthetic comment for dummy function 1445,यह डम फकशन 1445 क लए एक सथटक टपपण ह,"// Dummy code snippet <NUM>
void dummy_function_1445() { /* This is a placeholder. */ }"
DUMMY_1446,"// Dummy code snippet 1446
void dummy_function_1446() { /* This is a placeholder. */ }",Unknown,This is a synthetic comment for dummy function 1446.,de,Dies ist ein synthetischer Kommentar für die Dummy -Funktion 1446.,Synthetic,Generated_Data,this is a synthetic comment for dummy function 1446,dies ist ein synthetischer kommentar für die dummy funktion 1446,"// Dummy code snippet <NUM>
void dummy_function_1446() { /* This is a placeholder. */ }"
DUMMY_1447,"// Dummy code snippet 1447
void dummy_function_1447() { /* This is a placeholder. */ }",Unknown,This is a synthetic comment for dummy function 1447.,te,ఇది డమ్మీ ఫంక్షన్ 1447 కోసం సింథటిక్ వ్యాఖ్య.,Synthetic,Generated_Data,this is a synthetic comment for dummy function 1447,ఇద డమమ ఫకషన 1447 కస సథటక వయఖయ,"// Dummy code snippet <NUM>
void dummy_function_1447() { /* This is a placeholder. */ }"
DUMMY_1448,"// Dummy code snippet 1448
void dummy_function_1448() { /* This is a placeholder. */ }",Unknown,This is a synthetic comment for dummy function 1448.,en,This is a synthetic comment for dummy function 1448.,Synthetic,Generated_Data,this is a synthetic comment for dummy function 1448,this is a synthetic comment for dummy function 1448,"// Dummy code snippet <NUM>
void dummy_function_1448() { /* This is a placeholder. */ }"
DUMMY_1449,"// Dummy code snippet 1449
void dummy_function_1449() { /* This is a placeholder. */ }",Unknown,This is a synthetic comment for dummy function 1449.,ml,1449 ഡമ്മി ഫംഗ്ഷനുള്ള ഒരു സിന്തറ്റിക് അഭിപ്രായമാണിത്.,Synthetic,Generated_Data,this is a synthetic comment for dummy function 1449,1449 ഡമമ ഫഗഷനളള ഒര സനതററക അഭപരയമണത,"// Dummy code snippet <NUM>
void dummy_function_1449() { /* This is a placeholder. */ }"
DUMMY_1450,"// Dummy code snippet 1450
void dummy_function_1450() { /* This is a placeholder. */ }",Unknown,This is a synthetic comment for dummy function 1450.,en,This is a synthetic comment for dummy function 1450.,Synthetic,Generated_Data,this is a synthetic comment for dummy function 1450,this is a synthetic comment for dummy function 1450,"// Dummy code snippet <NUM>
void dummy_function_1450() { /* This is a placeholder. */ }"
DUMMY_1451,"// Dummy code snippet 1451
void dummy_function_1451() { /* This is a placeholder. */ }",Unknown,This is a synthetic comment for dummy function 1451.,de,Dies ist ein synthetischer Kommentar für die Dummy -Funktion 1451.,Synthetic,Generated_Data,this is a synthetic comment for dummy function 1451,dies ist ein synthetischer kommentar für die dummy funktion 1451,"// Dummy code snippet <NUM>
void dummy_function_1451() { /* This is a placeholder. */ }"
DUMMY_1452,"// Dummy code snippet 1452
void dummy_function_1452() { /* This is a placeholder. */ }",Unknown,This is a synthetic comment for dummy function 1452.,hi,यह डमी फ़ंक्शन 1452 के लिए एक सिंथेटिक टिप्पणी है।,Synthetic,Generated_Data,this is a synthetic comment for dummy function 1452,यह डम फकशन 1452 क लए एक सथटक टपपण ह,"// Dummy code snippet <NUM>
void dummy_function_1452() { /* This is a placeholder. */ }"
DUMMY_1453,"// Dummy code snippet 1453
void dummy_function_1453() { /* This is a placeholder. */ }",Unknown,This is a synthetic comment for dummy function 1453.,te,డమ్మీ ఫంక్షన్ 1453 కోసం ఇది సింథటిక్ వ్యాఖ్య.,Synthetic,Generated_Data,this is a synthetic comment for dummy function 1453,డమమ ఫకషన 1453 కస ఇద సథటక వయఖయ,"// Dummy code snippet <NUM>
void dummy_function_1453() { /* This is a placeholder. */ }"
DUMMY_1454,"// Dummy code snippet 1454
void dummy_function_1454() { /* This is a placeholder. */ }",Unknown,This is a synthetic comment for dummy function 1454.,es,Este es un comentario sintético para la función ficticia 1454.,Synthetic,Generated_Data,this is a synthetic comment for dummy function 1454,este es un comentario sintético para la función ficticia 1454,"// Dummy code snippet <NUM>
void dummy_function_1454() { /* This is a placeholder. */ }"
DUMMY_1455,"// Dummy code snippet 1455
void dummy_function_1455() { /* This is a placeholder. */ }",Unknown,This is a synthetic comment for dummy function 1455.,fr,Ceci est un commentaire synthétique pour la fonction factice 1455.,Synthetic,Generated_Data,this is a synthetic comment for dummy function 1455,ceci est un commentaire synthétique pour la fonction factice 1455,"// Dummy code snippet <NUM>
void dummy_function_1455() { /* This is a placeholder. */ }"
DUMMY_1456,"// Dummy code snippet 1456
void dummy_function_1456() { /* This is a placeholder. */ }",Unknown,This is a synthetic comment for dummy function 1456.,kn,ಇದು ಡಮ್ಮಿ ಫಂಕ್ಷನ್ 1456 ಗಾಗಿ ಸಂಶ್ಲೇಷಿತ ಕಾಮೆಂಟ್ ಆಗಿದೆ.,Synthetic,Generated_Data,this is a synthetic comment for dummy function 1456,ಇದ ಡಮಮ ಫಕಷನ 1456 ಗಗ ಸಶಲಷತ ಕಮಟ ಆಗದ,"// Dummy code snippet <NUM>
void dummy_function_1456() { /* This is a placeholder. */ }"
DUMMY_1457,"// Dummy code snippet 1457
void dummy_function_1457() { /* This is a placeholder. */ }",Unknown,This is a synthetic comment for dummy function 1457.,en,This is a synthetic comment for dummy function 1457.,Synthetic,Generated_Data,this is a synthetic comment for dummy function 1457,this is a synthetic comment for dummy function 1457,"// Dummy code snippet <NUM>
void dummy_function_1457() { /* This is a placeholder. */ }"
DUMMY_1458,"// Dummy code snippet 1458
void dummy_function_1458() { /* This is a placeholder. */ }",Unknown,This is a synthetic comment for dummy function 1458.,en,This is a synthetic comment for dummy function 1458.,Synthetic,Generated_Data,this is a synthetic comment for dummy function 1458,this is a synthetic comment for dummy function 1458,"// Dummy code snippet <NUM>
void dummy_function_1458() { /* This is a placeholder. */ }"
DUMMY_1459,"// Dummy code snippet 1459
void dummy_function_1459() { /* This is a placeholder. */ }",Unknown,This is a synthetic comment for dummy function 1459.,es,Este es un comentario sintético para la función ficticia 1459.,Synthetic,Generated_Data,this is a synthetic comment for dummy function 1459,este es un comentario sintético para la función ficticia 1459,"// Dummy code snippet <NUM>
void dummy_function_1459() { /* This is a placeholder. */ }"
DUMMY_1460,"// Dummy code snippet 1460
void dummy_function_1460() { /* This is a placeholder. */ }",Unknown,This is a synthetic comment for dummy function 1460.,ta,போலி செயல்பாடு 1460 க்கான செயற்கை கருத்து இது.,Synthetic,Generated_Data,this is a synthetic comment for dummy function 1460,பல சயலபட 1460 ககன சயறக கரதத இத,"// Dummy code snippet <NUM>
void dummy_function_1460() { /* This is a placeholder. */ }"
DUMMY_1461,"// Dummy code snippet 1461
void dummy_function_1461() { /* This is a placeholder. */ }",Unknown,This is a synthetic comment for dummy function 1461.,ta,போலி செயல்பாடு 1461 க்கான செயற்கை கருத்து இது.,Synthetic,Generated_Data,this is a synthetic comment for dummy function 1461,பல சயலபட 1461 ககன சயறக கரதத இத,"// Dummy code snippet <NUM>
void dummy_function_1461() { /* This is a placeholder. */ }"
DUMMY_1462,"// Dummy code snippet 1462
void dummy_function_1462() { /* This is a placeholder. */ }",Unknown,This is a synthetic comment for dummy function 1462.,es,Este es un comentario sintético para la función ficticia 1462.,Synthetic,Generated_Data,this is a synthetic comment for dummy function 1462,este es un comentario sintético para la función ficticia 1462,"// Dummy code snippet <NUM>
void dummy_function_1462() { /* This is a placeholder. */ }"
DUMMY_1463,"// Dummy code snippet 1463
void dummy_function_1463() { /* This is a placeholder. */ }",Unknown,This is a synthetic comment for dummy function 1463.,es,Este es un comentario sintético para la función ficticia 1463.,Synthetic,Generated_Data,this is a synthetic comment for dummy function 1463,este es un comentario sintético para la función ficticia 1463,"// Dummy code snippet <NUM>
void dummy_function_1463() { /* This is a placeholder. */ }"
DUMMY_1464,"// Dummy code snippet 1464
void dummy_function_1464() { /* This is a placeholder. */ }",Unknown,This is a synthetic comment for dummy function 1464.,hi,यह डमी फ़ंक्शन 1464 के लिए एक सिंथेटिक टिप्पणी है।,Synthetic,Generated_Data,this is a synthetic comment for dummy function 1464,यह डम फकशन 1464 क लए एक सथटक टपपण ह,"// Dummy code snippet <NUM>
void dummy_function_1464() { /* This is a placeholder. */ }"
DUMMY_1465,"// Dummy code snippet 1465
void dummy_function_1465() { /* This is a placeholder. */ }",Unknown,This is a synthetic comment for dummy function 1465.,te,డమ్మీ ఫంక్షన్ 1465 కోసం ఇది సింథటిక్ వ్యాఖ్య.,Synthetic,Generated_Data,this is a synthetic comment for dummy function 1465,డమమ ఫకషన 1465 కస ఇద సథటక వయఖయ,"// Dummy code snippet <NUM>
void dummy_function_1465() { /* This is a placeholder. */ }"
DUMMY_1466,"// Dummy code snippet 1466
void dummy_function_1466() { /* This is a placeholder. */ }",Unknown,This is a synthetic comment for dummy function 1466.,hi,यह डमी फ़ंक्शन 1466 के लिए एक सिंथेटिक टिप्पणी है।,Synthetic,Generated_Data,this is a synthetic comment for dummy function 1466,यह डम फकशन 1466 क लए एक सथटक टपपण ह,"// Dummy code snippet <NUM>
void dummy_function_1466() { /* This is a placeholder. */ }"
DUMMY_1467,"// Dummy code snippet 1467
void dummy_function_1467() { /* This is a placeholder. */ }",Unknown,This is a synthetic comment for dummy function 1467.,te,డమ్మీ ఫంక్షన్ 1467 కోసం ఇది సింథటిక్ వ్యాఖ్య.,Synthetic,Generated_Data,this is a synthetic comment for dummy function 1467,డమమ ఫకషన 1467 కస ఇద సథటక వయఖయ,"// Dummy code snippet <NUM>
void dummy_function_1467() { /* This is a placeholder. */ }"
DUMMY_1468,"// Dummy code snippet 1468
void dummy_function_1468() { /* This is a placeholder. */ }",Unknown,This is a synthetic comment for dummy function 1468.,es,Este es un comentario sintético para la función ficticia 1468.,Synthetic,Generated_Data,this is a synthetic comment for dummy function 1468,este es un comentario sintético para la función ficticia 1468,"// Dummy code snippet <NUM>
void dummy_function_1468() { /* This is a placeholder. */ }"
DUMMY_1469,"// Dummy code snippet 1469
void dummy_function_1469() { /* This is a placeholder. */ }",Unknown,This is a synthetic comment for dummy function 1469.,te,డమ్మీ ఫంక్షన్ 1469 కోసం ఇది సింథటిక్ వ్యాఖ్య.,Synthetic,Generated_Data,this is a synthetic comment for dummy function 1469,డమమ ఫకషన 1469 కస ఇద సథటక వయఖయ,"// Dummy code snippet <NUM>
void dummy_function_1469() { /* This is a placeholder. */ }"
DUMMY_1470,"// Dummy code snippet 1470
void dummy_function_1470() { /* This is a placeholder. */ }",Unknown,This is a synthetic comment for dummy function 1470.,it,Questo è un commento sintetico per la funzione fittizia 1470.,Synthetic,Generated_Data,this is a synthetic comment for dummy function 1470,questo è un commento sintetico per la funzione fittizia 1470,"// Dummy code snippet <NUM>
void dummy_function_1470() { /* This is a placeholder. */ }"
DUMMY_1471,"// Dummy code snippet 1471
void dummy_function_1471() { /* This is a placeholder. */ }",Unknown,This is a synthetic comment for dummy function 1471.,de,Dies ist ein synthetischer Kommentar für die Dummy -Funktion 1471.,Synthetic,Generated_Data,this is a synthetic comment for dummy function 1471,dies ist ein synthetischer kommentar für die dummy funktion 1471,"// Dummy code snippet <NUM>
void dummy_function_1471() { /* This is a placeholder. */ }"
DUMMY_1472,"// Dummy code snippet 1472
void dummy_function_1472() { /* This is a placeholder. */ }",Unknown,This is a synthetic comment for dummy function 1472.,es,Este es un comentario sintético para la función ficticia 1472.,Synthetic,Generated_Data,this is a synthetic comment for dummy function 1472,este es un comentario sintético para la función ficticia 1472,"// Dummy code snippet <NUM>
void dummy_function_1472() { /* This is a placeholder. */ }"
DUMMY_1473,"// Dummy code snippet 1473
void dummy_function_1473() { /* This is a placeholder. */ }",Unknown,This is a synthetic comment for dummy function 1473.,te,డమ్మీ ఫంక్షన్ 1473 కోసం ఇది సింథటిక్ వ్యాఖ్య.,Synthetic,Generated_Data,this is a synthetic comment for dummy function 1473,డమమ ఫకషన 1473 కస ఇద సథటక వయఖయ,"// Dummy code snippet <NUM>
void dummy_function_1473() { /* This is a placeholder. */ }"
DUMMY_1474,"// Dummy code snippet 1474
void dummy_function_1474() { /* This is a placeholder. */ }",Unknown,This is a synthetic comment for dummy function 1474.,te,డమ్మీ ఫంక్షన్ 1474 కోసం ఇది సింథటిక్ వ్యాఖ్య.,Synthetic,Generated_Data,this is a synthetic comment for dummy function 1474,డమమ ఫకషన 1474 కస ఇద సథటక వయఖయ,"// Dummy code snippet <NUM>
void dummy_function_1474() { /* This is a placeholder. */ }"
DUMMY_1475,"// Dummy code snippet 1475
void dummy_function_1475() { /* This is a placeholder. */ }",Unknown,This is a synthetic comment for dummy function 1475.,kn,ಡಮ್ಮಿ ಫಂಕ್ಷನ್ 1475 ಗಾಗಿ ಇದು ಸಂಶ್ಲೇಷಿತ ಕಾಮೆಂಟ್ ಆಗಿದೆ.,Synthetic,Generated_Data,this is a synthetic comment for dummy function 1475,ಡಮಮ ಫಕಷನ 1475 ಗಗ ಇದ ಸಶಲಷತ ಕಮಟ ಆಗದ,"// Dummy code snippet <NUM>
void dummy_function_1475() { /* This is a placeholder. */ }"
DUMMY_1476,"// Dummy code snippet 1476
void dummy_function_1476() { /* This is a placeholder. */ }",Unknown,This is a synthetic comment for dummy function 1476.,de,Dies ist ein synthetischer Kommentar für die Dummy -Funktion 1476.,Synthetic,Generated_Data,this is a synthetic comment for dummy function 1476,dies ist ein synthetischer kommentar für die dummy funktion 1476,"// Dummy code snippet <NUM>
void dummy_function_1476() { /* This is a placeholder. */ }"
DUMMY_1477,"// Dummy code snippet 1477
void dummy_function_1477() { /* This is a placeholder. */ }",Unknown,This is a synthetic comment for dummy function 1477.,te,డమ్మీ ఫంక్షన్ 1477 కోసం ఇది సింథటిక్ వ్యాఖ్య.,Synthetic,Generated_Data,this is a synthetic comment for dummy function 1477,డమమ ఫకషన 1477 కస ఇద సథటక వయఖయ,"// Dummy code snippet <NUM>
void dummy_function_1477() { /* This is a placeholder. */ }"
DUMMY_1478,"// Dummy code snippet 1478
void dummy_function_1478() { /* This is a placeholder. */ }",Unknown,This is a synthetic comment for dummy function 1478.,hi,यह डमी फ़ंक्शन 1478 के लिए एक सिंथेटिक टिप्पणी है।,Synthetic,Generated_Data,this is a synthetic comment for dummy function 1478,यह डम फकशन 1478 क लए एक सथटक टपपण ह,"// Dummy code snippet <NUM>
void dummy_function_1478() { /* This is a placeholder. */ }"
DUMMY_1479,"// Dummy code snippet 1479
void dummy_function_1479() { /* This is a placeholder. */ }",Unknown,This is a synthetic comment for dummy function 1479.,en,This is a synthetic comment for dummy function 1479.,Synthetic,Generated_Data,this is a synthetic comment for dummy function 1479,this is a synthetic comment for dummy function 1479,"// Dummy code snippet <NUM>
void dummy_function_1479() { /* This is a placeholder. */ }"
DUMMY_1480,"// Dummy code snippet 1480
void dummy_function_1480() { /* This is a placeholder. */ }",Unknown,This is a synthetic comment for dummy function 1480.,ml,1480 ഡമ്മി ഫംഗ്ഷനുള്ള ഒരു സിന്തറ്റിക് അഭിപ്രായമാണിത്.,Synthetic,Generated_Data,this is a synthetic comment for dummy function 1480,1480 ഡമമ ഫഗഷനളള ഒര സനതററക അഭപരയമണത,"// Dummy code snippet <NUM>
void dummy_function_1480() { /* This is a placeholder. */ }"
DUMMY_1481,"// Dummy code snippet 1481
void dummy_function_1481() { /* This is a placeholder. */ }",Unknown,This is a synthetic comment for dummy function 1481.,hi,यह डमी फ़ंक्शन 1481 के लिए एक सिंथेटिक टिप्पणी है।,Synthetic,Generated_Data,this is a synthetic comment for dummy function 1481,यह डम फकशन 1481 क लए एक सथटक टपपण ह,"// Dummy code snippet <NUM>
void dummy_function_1481() { /* This is a placeholder. */ }"
DUMMY_1482,"// Dummy code snippet 1482
void dummy_function_1482() { /* This is a placeholder. */ }",Unknown,This is a synthetic comment for dummy function 1482.,es,Este es un comentario sintético para la función ficticia 1482.,Synthetic,Generated_Data,this is a synthetic comment for dummy function 1482,este es un comentario sintético para la función ficticia 1482,"// Dummy code snippet <NUM>
void dummy_function_1482() { /* This is a placeholder. */ }"
DUMMY_1483,"// Dummy code snippet 1483
void dummy_function_1483() { /* This is a placeholder. */ }",Unknown,This is a synthetic comment for dummy function 1483.,it,Questo è un commento sintetico per la funzione fittizia 1483.,Synthetic,Generated_Data,this is a synthetic comment for dummy function 1483,questo è un commento sintetico per la funzione fittizia 1483,"// Dummy code snippet <NUM>
void dummy_function_1483() { /* This is a placeholder. */ }"
DUMMY_1484,"// Dummy code snippet 1484
void dummy_function_1484() { /* This is a placeholder. */ }",Unknown,This is a synthetic comment for dummy function 1484.,kn,ಡಮ್ಮಿ ಫಂಕ್ಷನ್ 1484 ಗಾಗಿ ಇದು ಸಂಶ್ಲೇಷಿತ ಕಾಮೆಂಟ್ ಆಗಿದೆ.,Synthetic,Generated_Data,this is a synthetic comment for dummy function 1484,ಡಮಮ ಫಕಷನ 1484 ಗಗ ಇದ ಸಶಲಷತ ಕಮಟ ಆಗದ,"// Dummy code snippet <NUM>
void dummy_function_1484() { /* This is a placeholder. */ }"
DUMMY_1485,"// Dummy code snippet 1485
void dummy_function_1485() { /* This is a placeholder. */ }",Unknown,This is a synthetic comment for dummy function 1485.,de,Dies ist ein synthetischer Kommentar für die Dummy -Funktion 1485.,Synthetic,Generated_Data,this is a synthetic comment for dummy function 1485,dies ist ein synthetischer kommentar für die dummy funktion 1485,"// Dummy code snippet <NUM>
void dummy_function_1485() { /* This is a placeholder. */ }"
DUMMY_1486,"// Dummy code snippet 1486
void dummy_function_1486() { /* This is a placeholder. */ }",Unknown,This is a synthetic comment for dummy function 1486.,de,Dies ist ein synthetischer Kommentar für die Dummy -Funktion 1486.,Synthetic,Generated_Data,this is a synthetic comment for dummy function 1486,dies ist ein synthetischer kommentar für die dummy funktion 1486,"// Dummy code snippet <NUM>
void dummy_function_1486() { /* This is a placeholder. */ }"
DUMMY_1487,"// Dummy code snippet 1487
void dummy_function_1487() { /* This is a placeholder. */ }",Unknown,This is a synthetic comment for dummy function 1487.,ml,1487 ഡമ്മി ഫംഗ്ഷനുള്ള ഒരു സിന്തറ്റിക് അഭിപ്രായമാണിത്.,Synthetic,Generated_Data,this is a synthetic comment for dummy function 1487,1487 ഡമമ ഫഗഷനളള ഒര സനതററക അഭപരയമണത,"// Dummy code snippet <NUM>
void dummy_function_1487() { /* This is a placeholder. */ }"
DUMMY_1488,"// Dummy code snippet 1488
void dummy_function_1488() { /* This is a placeholder. */ }",Unknown,This is a synthetic comment for dummy function 1488.,de,Dies ist ein synthetischer Kommentar für die Dummy -Funktion 1488.,Synthetic,Generated_Data,this is a synthetic comment for dummy function 1488,dies ist ein synthetischer kommentar für die dummy funktion 1488,"// Dummy code snippet <NUM>
void dummy_function_1488() { /* This is a placeholder. */ }"
DUMMY_1489,"// Dummy code snippet 1489
void dummy_function_1489() { /* This is a placeholder. */ }",Unknown,This is a synthetic comment for dummy function 1489.,it,Questo è un commento sintetico per la funzione fittizia 1489.,Synthetic,Generated_Data,this is a synthetic comment for dummy function 1489,questo è un commento sintetico per la funzione fittizia 1489,"// Dummy code snippet <NUM>
void dummy_function_1489() { /* This is a placeholder. */ }"
DUMMY_1490,"// Dummy code snippet 1490
void dummy_function_1490() { /* This is a placeholder. */ }",Unknown,This is a synthetic comment for dummy function 1490.,te,ఇది డమ్మీ ఫంక్షన్ 1490 కోసం సింథటిక్ వ్యాఖ్య.,Synthetic,Generated_Data,this is a synthetic comment for dummy function 1490,ఇద డమమ ఫకషన 1490 కస సథటక వయఖయ,"// Dummy code snippet <NUM>
void dummy_function_1490() { /* This is a placeholder. */ }"
DUMMY_1491,"// Dummy code snippet 1491
void dummy_function_1491() { /* This is a placeholder. */ }",Unknown,This is a synthetic comment for dummy function 1491.,hi,यह डमी फ़ंक्शन 1491 के लिए एक सिंथेटिक टिप्पणी है।,Synthetic,Generated_Data,this is a synthetic comment for dummy function 1491,यह डम फकशन 1491 क लए एक सथटक टपपण ह,"// Dummy code snippet <NUM>
void dummy_function_1491() { /* This is a placeholder. */ }"
DUMMY_1492,"// Dummy code snippet 1492
void dummy_function_1492() { /* This is a placeholder. */ }",Unknown,This is a synthetic comment for dummy function 1492.,te,డమ్మీ ఫంక్షన్ 1492 కోసం ఇది సింథటిక్ వ్యాఖ్య.,Synthetic,Generated_Data,this is a synthetic comment for dummy function 1492,డమమ ఫకషన 1492 కస ఇద సథటక వయఖయ,"// Dummy code snippet <NUM>
void dummy_function_1492() { /* This is a placeholder. */ }"
DUMMY_1493,"// Dummy code snippet 1493
void dummy_function_1493() { /* This is a placeholder. */ }",Unknown,This is a synthetic comment for dummy function 1493.,hi,यह डमी फ़ंक्शन 1493 के लिए एक सिंथेटिक टिप्पणी है।,Synthetic,Generated_Data,this is a synthetic comment for dummy function 1493,यह डम फकशन 1493 क लए एक सथटक टपपण ह,"// Dummy code snippet <NUM>
void dummy_function_1493() { /* This is a placeholder. */ }"
DUMMY_1494,"// Dummy code snippet 1494
void dummy_function_1494() { /* This is a placeholder. */ }",Unknown,This is a synthetic comment for dummy function 1494.,de,Dies ist ein synthetischer Kommentar für die Dummy -Funktion 1494.,Synthetic,Generated_Data,this is a synthetic comment for dummy function 1494,dies ist ein synthetischer kommentar für die dummy funktion 1494,"// Dummy code snippet <NUM>
void dummy_function_1494() { /* This is a placeholder. */ }"
DUMMY_1495,"// Dummy code snippet 1495
void dummy_function_1495() { /* This is a placeholder. */ }",Unknown,This is a synthetic comment for dummy function 1495.,fr,Ceci est un commentaire synthétique pour la fonction factice 1495.,Synthetic,Generated_Data,this is a synthetic comment for dummy function 1495,ceci est un commentaire synthétique pour la fonction factice 1495,"// Dummy code snippet <NUM>
void dummy_function_1495() { /* This is a placeholder. */ }"
DUMMY_1496,"// Dummy code snippet 1496
void dummy_function_1496() { /* This is a placeholder. */ }",Unknown,This is a synthetic comment for dummy function 1496.,de,Dies ist ein synthetischer Kommentar für die Dummy -Funktion 1496.,Synthetic,Generated_Data,this is a synthetic comment for dummy function 1496,dies ist ein synthetischer kommentar für die dummy funktion 1496,"// Dummy code snippet <NUM>
void dummy_function_1496() { /* This is a placeholder. */ }"
DUMMY_1497,"// Dummy code snippet 1497
void dummy_function_1497() { /* This is a placeholder. */ }",Unknown,This is a synthetic comment for dummy function 1497.,hi,यह डमी फ़ंक्शन 1497 के लिए एक सिंथेटिक टिप्पणी है।,Synthetic,Generated_Data,this is a synthetic comment for dummy function 1497,यह डम फकशन 1497 क लए एक सथटक टपपण ह,"// Dummy code snippet <NUM>
void dummy_function_1497() { /* This is a placeholder. */ }"
DUMMY_1498,"// Dummy code snippet 1498
void dummy_function_1498() { /* This is a placeholder. */ }",Unknown,This is a synthetic comment for dummy function 1498.,fr,Ceci est un commentaire synthétique pour la fonction factice 1498.,Synthetic,Generated_Data,this is a synthetic comment for dummy function 1498,ceci est un commentaire synthétique pour la fonction factice 1498,"// Dummy code snippet <NUM>
void dummy_function_1498() { /* This is a placeholder. */ }"
DUMMY_1499,"// Dummy code snippet 1499
void dummy_function_1499() { /* This is a placeholder. */ }",Unknown,This is a synthetic comment for dummy function 1499.,fr,Ceci est un commentaire synthétique pour la fonction factice 1499.,Synthetic,Generated_Data,this is a synthetic comment for dummy function 1499,ceci est un commentaire synthétique pour la fonction factice 1499,"// Dummy code snippet <NUM>
void dummy_function_1499() { /* This is a placeholder. */ }"
DUMMY_1500,"// Dummy code snippet 1500
void dummy_function_1500() { /* This is a placeholder. */ }",Unknown,This is a synthetic comment for dummy function 1500.,ml,1500 ഡമ്മി ഫംഗ്ഷനുള്ള ഒരു സിന്തറ്റിക് അഭിപ്രായമാണിത്.,Synthetic,Generated_Data,this is a synthetic comment for dummy function 1500,1500 ഡമമ ഫഗഷനളള ഒര സനതററക അഭപരയമണത,"// Dummy code snippet <NUM>
void dummy_function_1500() { /* This is a placeholder. */ }"
